p_positive_surprise,p_negative_surprise,p_two_sided_surprise
0.6765089690902363,0.3235105077615254,0.408468535145979
0.6508384784683404,0.3491809983834213,0.4391445766706269
0.8037707185010615,0.1962487583507002,0.2558674015932065
0.1865298093216212,0.8134896675301404,0.8978828662135052
0.8655512922891144,0.1344681845626472,0.1818748417505794
0.7231560290594629,0.2768634477922989,0.3521804335547202
0.7379584363983406,0.2620610404534211,0.3346123132656837
0.8451785053463958,0.1548409715053658,0.2060066610833024
0.972323393646651,0.0276960832051107,0.0492180044017684
0.6863253023781236,0.313694174473638,0.3966655629784001
0.4381317803790195,0.5618876964727422,0.6943302884521746
0.1212628790682274,0.8787565977835343,0.632471807257075
0.8517227275383207,0.1482967493134409,0.1985470268585785
0.9685059307013616,0.0315135461504002,0.0542625090080439
0.930526069766083,0.0694934070856786,0.1020002726759246
0.3049490680326432,0.6950704088191185,0.872543482071558
0.648540209960462,0.3514792668912997,0.4419297664725474
0.9059657596946028,0.0940537171571587,0.1329489901252361
0.0069142823753968,0.9931051944763648,0.0089983055138967
0.1104921800440176,0.889527296807744,0.5703016964337885
0.5234988216504685,0.4765206552012933,0.5906744833765071
0.0260989813606528,0.9739204954911088,0.0683832265352628
0.9510157178193716,0.04900375903239,0.0764076894610755
0.9210797966616676,0.078939680190094,0.1138032448435035
0.8523459867946945,0.1476734900570671,0.1978069064916346
0.5882398769062969,0.4117795999454648,0.5134292892896792
0.0114523888358685,0.9885670880158932,0.0179381804725084
0.7282589642210233,0.2717605126307383,0.3463373780262158
0.7136513253997624,0.2863681514519993,0.3636522992423505
0.9603256529614552,0.0396938238903063,0.0649747774769686
0.5753267241883022,0.4246927526634594,0.5286017568120289
0.9185088522291256,0.081510624622636,0.1170558790877042
0.5872855111699745,0.4127339656817872,0.5146368540989035
0.6324328535535516,0.36758662329821,0.4614845256412753
0.2716826052236916,0.72833687162807,0.924663537385817
0.1874841750579436,0.812535301793818,0.901135500457706
0.695226223633212,0.3047932532185498,0.3857585259918586
0.5599789650000974,0.4400405118516643,0.5467736595056775
0.689538982918801,0.3104804939329607,0.3927896694778256
0.9613579261048244,0.0386615507469372,0.0636308747054126
0.9292600744015738,0.0707594024501879,0.1036558050756675
0.461932493231794,0.5380869836199677,0.6652123950684611
0.4298735952320667,0.570145881619695,0.7045751124788189
0.6555518765946673,0.3444676002570944,0.4335547202150244
0.5911224509670256,0.408897025884736,0.5098650254172915
0.0787643885242389,0.9212550883275228,0.3734491556784761
0.308318563387414,0.6917009134643476,0.8675963617240909
0.4559725765927195,0.5440469002590421,0.6723019691097131
0.0517694719825487,0.948250004869213,0.2093177258827883
0.107843328204429,0.8921761486473326,0.5538632335469295
0.5070993124671328,0.4929201643846289,0.6107940712463238
0.7040492374812535,0.2959702393705081,0.3749488732641255
0.9860156204351128,0.0140038564166488,0.0304812730070311
0.6596614923163819,0.3403579845353797,0.4288023683851742
0.3377870401028378,0.662232436748924,0.8261496211752333
0.914574528173266,0.0854449486784956,0.1220614299904563
0.7617396723993534,0.2382798044524083,0.3060397717312973
0.8694466626414507,0.130572814210311,0.1770251056619208
0.0519058099448805,0.9481136669068811,0.2099799388426854
0.9804647176830336,0.0195547591687279,0.0386420738951755
0.9326880003116296,0.067331476540132,0.0993319439845743
0.0181913795454102,0.9818280973063516,0.0359347915003018
0.0032915879477241,0.9967278889040376,0.0034279259100558
0.1710262353193229,0.8289932415324387,0.8506904543949516
0.717585649455622,0.2824338273961397,0.3588609937089769
0.9129774263288082,0.0870420505229534,0.1240870225736711
0.8227801258204623,0.1772393510312993,0.2332547766978945
0.8257600841399996,0.174259392711762,0.2296320822702218
0.9556901622421752,0.0443293146095865,0.0707009718949029
0.8363360146465926,0.1636834622051691,0.2167384064039888
0.7624603159145356,0.2375591609372261,0.305202267105545
0.6795668348168202,0.3204526420349414,0.4048847944218297
0.2636970960014023,0.7363223808503594,0.9378883197319984
0.9188204818573126,0.0811989949944491,0.1166663420524706
0.8807042829597024,0.1193151938920592,0.1634497399840289
0.7486901817190269,0.2513292951327347,0.3220107901758759
0.9314025280953586,0.068616948756403,0.1008511384219854
0.7148394133572249,0.2851800634945367,0.3622499659155094
0.9190347272266912,0.0809847496250706,0.1164326198313304
0.8587733478760493,0.1412461289757123,0.1899187815281537
0.3096429893072084,0.6903764875445533,0.8657265839549695
0.1656311473813372,0.8343883294704244,0.8322653526284012
0.8737120931772588,0.1263073836745028,0.1719026936485986
0.544300099331944,0.4557193775198176,0.5655298677521765
0.9814580371228796,0.0185614397288822,0.0372007868648111
0.7936232787332256,0.2063961981185361,0.2676898506125469
0.356406910387005,0.6436125664647566,0.7996805796311084
0.6469431081160041,0.3530763687357575,0.4438774516487155
0.6581033441754475,0.3419161326763142,0.4308084841166273
0.0136532730849385,0.9863662037668232,0.0229632082270221
0.9773678982529264,0.0226515785988352,0.0429269812827454
0.9185088522291256,0.081510624622636,0.1170558790877042
0.955884930759792,0.0441345460919696,0.0704672496737627
0.0644294256276415,0.93559005122412,0.2862512903414292
0.0135169351226067,0.9865025417291547,0.0226321017470736
0.2080712073700407,0.7919482694817209,0.9540735835459556
0.776795278811133,0.2232241980406287,0.2878873458894104
0.3529789844769491,0.6470404923748125,0.8045692694232904
0.2099409851391621,0.7900784917125996,0.9586701205617124
0.8861578014529732,0.1138616753987885,0.1565938881639171
0.1425121243402216,0.8575073525115401,0.743801491926845
0.0117640184640554,0.9882554583877062,0.0186783008394523
0.1239312077595777,0.876088269092184,0.6466314784878172
0.0450110044212453,0.9550084724305165,0.1686500594043978
0.8082114407027248,0.1918080361490368,0.2506476053210759
0.918742574450266,0.0812769024014958,0.1167442494595173
0.0245797869232417,0.97543968992852,0.0616637126774828
0.7882671444987632,0.2117523323529984,0.2740782579903784
0.7144498763219913,0.2855696005297704,0.3627174103577897
0.2115575638353816,0.78846191301638,0.962175953878815
0.1059540735835459,0.8940654032682157,0.5420602613793506
0.957228833531348,0.0427906433204136,0.0689091015328282
0.2028903648014335,0.7971291120503282,0.9409072317550592
0.9310519447636484,0.0689675320881132,0.1012796291607424
0.0280271896850593,0.9719922871667024,0.0803614903686968
0.3208811327736984,0.6791383440780632,0.849872426620961
0.9502366437489044,0.0497828331028572,0.0773425783456362
0.0654032682157256,0.934616208636036,0.2919580079076018
0.8974738523265099,0.1025456245252517,0.1430574761895487
0.7532672418830221,0.2467522349687396,0.3166351790896519
0.021502444344896,0.9785170325068656,0.0489648053288666
0.8285257970901584,0.1714936797616033,0.2262431100636893
0.9533918937342968,0.0466275831174648,0.0734082542897766
0.8282336443137331,0.1717858325380285,0.2265547396918762
0.4335547202150244,0.5664647566367372,0.6999201449077771
0.8989930467639211,0.1010264300878406,0.1411682215686656
0.2240422258146193,0.7759772510371423,0.9879243519077576
0.0648384395146368,0.9351810373371248,0.288705373663401
0.7471709872816158,0.2528484895701459,0.3237247531309039
0.7841770056288102,0.2158424712229515,0.2789669477825604
0.9180414077868452,0.0819780690649163,0.1176986151958397
0.6818845801764603,0.3181348966753014,0.4022164657304793
0.3769355121438171,0.6230839647079446,0.7723156029059463
0.9792571528738094,0.0207623239779522,0.0403365599984418
0.9165222133494342,0.0834972635023274,0.1197047309272929
0.6921488810548663,0.3078705957968954,0.3895370352336248
0.2870693181154198,0.7129501587363418,0.9001032273143369
0.0303254581929376,0.969694018658824,0.0925734764232709
0.8682390978322264,0.1317803790195353,0.1786222075063786
0.2016438462886859,0.7983756305630758,0.9380246576943304
0.910484389303313,0.0895350875484486,0.1273201799661102
0.1108038096722045,0.8892156671795571,0.5718208908711996
0.4671133358004012,0.5329061410513605,0.6589018950976764
0.8578579358432503,0.1421615410085114,0.1910094852268079
0.698946302319693,0.3010731745320686,0.3811230352725785
0.2829207486901817,0.7170987281615799,0.9072122782073504
0.9649806205324972,0.0350388563192645,0.0590343376896558
0.0001558148140934,0.9998636620376682,0.0001558148140934
0.1715326334651267,0.828486843386635,0.8528523849404982
0.8109771536528836,0.1890423231988781,0.2472586331145433
0.5451570808094579,0.4548623960423037,0.5645365483123308
0.6752624505774887,0.324757026274273,0.4099682527316284
0.597822487973044,0.4021969888787176,0.5019379467502872
0.7549227742827649,0.2450967025689967,0.3147264476170072
0.9757707964084684,0.0242486804432931,0.0449720507177219
0.0481078238513526,0.951911653000409,0.1859844574722941
0.2374812535301793,0.7625382233215823,0.9852365463646456
0.2105252906920125,0.7894941861597491,0.9599945464815068
0.5872855111699745,0.4127339656817872,0.5146368540989035
0.7893578481974174,0.2106616286543443,0.2727538320705841
0.8060105564536548,0.1940089203981068,0.2532185497536178
0.1497769900473287,0.8502424868044329,0.7745554408585397
0.4009115166624467,0.599107960189315,0.7410552558284479
0.0753754163177064,0.9246440605340552,0.3524531094793837
0.7012640476793331,0.2987554291724286,0.3782988917671347
0.8619285978614417,0.13809087899032,0.186179225989911
0.6701789922676898,0.3298404845840718,0.4158892156671795
0.9080497828331028,0.0919696940186588,0.1301832771750774
0.0750832635412811,0.9249362133104804,0.3507975770796408
0.9358237734452604,0.0641957034065013,0.0951638977075745
0.9364275558498724,0.0635919210018892,0.0943848236371073
0.7129112050328185,0.2871082718189431,0.3645677112751495
0.9142628985450793,0.0857565783066825,0.1224314901739282
0.921060319809906,0.0789591570418557,0.1138421985470268
0.6347505989131916,0.36526887793857,0.4585435210252614
0.8335313479929104,0.1664881288588512,0.220146855462283
0.6444500710905089,0.3555694057612527,0.4467989794129677
0.1293262956975634,0.8706931811541982,0.6779113024170773
0.8926630699413747,0.107356406910387,0.1487057632004362
0.6768595524219465,0.3231599244298151,0.408098474962507
0.2425452349882165,0.7574742418635452,0.9755955047426134
0.7335956216037239,0.2664238552480377,0.339910016944861
0.8939680190094074,0.1060514578423543,0.1472060456147868
0.9195411253724948,0.0804783514792669,0.11584831427848
0.0496659719922871,0.9503535048594746,0.1958007907601815
0.923981847574158,0.0760376292776035,0.1102974115264008
0.8423738386927138,0.1576456381590479,0.2094151101415967
0.8033422277623045,0.1966772490894572,0.2563543228872485
0.2859007070097189,0.7141187698420427,0.901934051379935
0.7114114874471691,0.2886079894045926,0.3665153964513176
0.9301949632861344,0.0698245135656272,0.1024871939699667
0.9300391484720408,0.0699803283797207,0.1026430087840601
0.0964104162203221,0.9036090606314396,0.479286368151452
0.7158522096488323,0.2841672672029293,0.3610034474027618
0.8911438755039636,0.1088756013477981,0.1505755409695577
0.9371676762168164,0.0628518006349453,0.0934499347525465
0.9910601250413884,0.0089593518103733,0.0223204721188867
0.6876497282979179,0.3123697485538437,0.3951074148374657
0.9763940556648424,0.0236254211869193,0.0442124534990164
0.5371520947354069,0.4628673821163547,0.5739243908614612
0.6840854644255303,0.3159340124262314,0.3994507527803206
0.7608826909218394,0.2391367859299223,0.3071889059852365
0.8383616072298073,0.1616578696219543,0.2141674619714469
0.6275636406131313,0.3724558362386304,0.4671717663556862
0.6814560894377033,0.3185633874140584,0.4026839101727597
0.0248719396996669,0.9751475371520948,0.0630855228560855
0.2215102350856007,0.7785092417661609,0.9826266482285804
0.8556570515941803,0.1443624252575813,0.1937362444734433
0.6336404183627758,0.3663790584889858,0.4600237617591493
0.535438131780379,0.4645813450713826,0.5761837056658162
0.7229807373936077,0.277038739458154,0.3523946789240987
0.8227606489687007,0.177258827883061,0.2332937304014179
0.007693356445864,0.9923261204058976,0.010322731433691
0.9893266852345988,0.010692791617163,0.0251251387725688
0.0784138051925286,0.921605671659233,0.370702919580079
0.7225132929513274,0.2775061839004343,0.3529400307734258
0.9956956157606685,0.0043238610910932,0.0139454258613637
0.8768283894591278,0.1231910873926338,0.168026800148024
0.8974738523265099,0.1025456245252517,0.1430574761895487
0.6906881171727401,0.3093313596790215,0.3914068130027462
0.965603879788871,0.0344155970628907,0.0581968330639035
0.91323062540171,0.0867888514500516,0.1237364392419609
0.8912217829110103,0.1087976939407514,0.1504976335625109
0.917203903161093,0.0828155736906686,0.1189061800050639
0.9759071343708005,0.0241123424809613,0.0448162359036285
0.9479578520927876,0.0520616247589739,0.0800498607405099
0.3265488966363477,0.673470580215414,0.8415363340669614
0.7716144362425258,0.2284050406092359,0.29402255419434
0.8502035331009096,0.1498159437508521,0.2002804666653682
0.6663615293224003,0.3336579475293613,0.4205441832382213
0.8924488245719961,0.1075706522797655,0.1489784391250998
0.0962546014062287,0.903764875445533,0.478000895935181
0.7272072142258925,0.2728122626258691,0.347486512280155
0.8185926026917009,0.1814268741600607,0.2380460822312681
0.204506943497653,0.7955125333541087,0.9449973706250122
0.6743470385446896,0.325672438307072,0.4110589564302826
0.1558732446487349,0.8441462322030266,0.7988041213018328
0.0987671152834855,0.9012523615682762,0.4946146504878951
0.8180472508423738,0.1819722260093878,0.2386303877841185
0.244103383129151,0.7559160937226107,0.9724792084607444
0.8976686208441268,0.1023508560076349,0.1428042771166468
0.0208012776814755,0.979218199170286,0.0451473423835771
0.7848392185887073,0.2151802582630543,0.2781878737120932
0.7736984593810257,0.226321017470736,0.2916658551311766
0.8868200144128703,0.1131994624388913,0.1558148140934499
0.8631945932259509,0.1368248836258107,0.1846989852560232
0.7935843250297022,0.2064351518220595,0.267748281167832
0.8323432600354479,0.1676762168163138,0.2215686656408858
0.0280466665368209,0.9719728103149406,0.0807315505521687
0.3712482714294061,0.6287712054223555,0.7796973297236235
0.4561673451103363,0.5438521317414253,0.6720682468885729
0.8203260424984905,0.1796934343532711,0.2360010127962916
0.9108154957832616,0.0892039810685,0.1269111660791149
0.0704867265255244,0.9295327503262372,0.3207058411078433
0.9445104493309702,0.0555090275207915,0.0841789533139863
0.6765089690902363,0.3235105077615254,0.408468535145979
0.7368482558479248,0.2631712210038369,0.3359951697407631
0.4854410533081432,0.5145784235436184,0.6364840387199813
0.298054262509008,0.7019652143427536,0.8829441209122957
0.5727557797557603,0.4272636970960014,0.531776483649183
0.2998461328710827,0.700173343980679,0.8800615468515669
0.8926630699413747,0.107356406910387,0.1487057632004362
0.9119061994819158,0.0881132773698459,0.1254698790487505
0.0165942777009524,0.9834251991508092,0.0307734257834563
0.9083224587577664,0.0916970180939952,0.1298521706951288
0.1276318095942971,0.8723876672574645,0.6680365385739049
0.2330600081802777,0.7669594686714839,0.9944685740996824
0.7058605846950898,0.2941588921566718,0.372786942718579
0.7829110102643009,0.2171084665874608,0.2805250959234949
0.2121223925364704,0.7878970843152913,0.963519856650371
0.98876185653351,0.0112576203182517,0.0259821202500827
0.0946769764135325,0.9053425004382292,0.4667043219134059
0.9141655142862708,0.0858539625654909,0.12256782813626
0.9182166994527003,0.0818027773990612,0.1174454161229378
0.9785170325068656,0.021502444344896,0.0413688331418109
0.9185867596361724,0.0814327172155892,0.1169195411253724
0.952281713183881,0.0477377636678807,0.074849541320141
0.9821981574898232,0.0178213193619383,0.0360321757591102
0.3514403131877763,0.6485791636639854,0.8067506768205988
0.9892682546793136,0.010751222172448,0.0252419998831388
0.1329295132734744,0.8670899635782872,0.6970960014023333
0.6776970570476988,0.3223224198040629,0.407124632374423
0.7193969966694583,0.2806224801823033,0.3566795863116686
0.9361354030734472,0.0638840737783144,0.0947354069688175
0.8908517227275383,0.1091677541242233,0.1508871705977446
0.686364256081647,0.3136552207701147,0.3966266092748768
0.9474319770952224,0.0525874997565393,0.0806146894415986
0.7984535379701225,0.2015659388816391,0.2620805173051828
0.5800595991663907,0.4199598776853709,0.5231287614669965
0.2246654850709931,0.7753539917807686,0.9890540093099351
0.1634302631322673,0.8365892137194944,0.8246109498860604
0.0142181017860273,0.9858013750657344,0.0243265878503398
0.0010127962916074,0.9990066805601544,0.0010127962916074
0.0085308610716163,0.9914886157801452,0.0119587869816722
0.4181485304715346,0.5818709463802271,0.7191632744483182
0.1357341799271565,0.8642852969246051,0.711898408741211
0.985703990806926,0.0143154860448357,0.0309681943010731
0.4890637477358159,0.5109557291159457,0.6321796544806497
0.0600276571295015,0.93999181972226,0.2585746839880801
0.808932084217907,0.1910873926338546,0.2498295775470853
0.7585065150069142,0.2415129618448474,0.3102078180082971
0.2291062072726564,0.7709132695791052,0.9972927176051264
0.3678787760746353,0.6321407007771264,0.7842743898876186
0.7167091911263463,0.2833102857254153,0.3599127437041076
0.9991624953742476,0.0008569814775139,0.0055509027520791
0.8957988430750053,0.1042206337767563,0.1449272539586701
0.8629024404495257,0.1371170364022359,0.1850495685877334
0.8627855793389556,0.137233897512806,0.1851859065500652
0.3279122762596654,0.6721072005920963,0.8397444637048868
0.224548623960423,0.7754708528913387,0.9888981944958416
0.0186783008394523,0.9813411760123094,0.0372592174200962
0.769647274214596,0.2303722026371657,0.2963792532575034
0.9562160372397406,0.0438034396120211,0.0701361431938141
0.9366612780710126,0.063358198780749,0.094092670860682
0.9148472040979296,0.085172272753832,0.1217498003622694
0.9009212550883277,0.0990982217634341,0.1389868141713573
0.7760356815924274,0.2239837952593343,0.2888027579222094
0.5351459790039538,0.4648734978478079,0.5765148121457647
0.2016243694369242,0.7983951074148374,0.9379857039908068
0.4526809886449954,0.5473384882067662,0.6763531542761428
0.9400697271293068,0.0599497497224548,0.0896909023625421
0.8823403385076836,0.117679138344078,0.161248855734959
0.9493601854196289,0.0506592914321329,0.0782579903784352
0.2665017626550844,0.7335177141966772,0.9333112595680034
0.8318368618896441,0.1681826149621175,0.2222308786007829
0.4307110998578189,0.5693083769939427,0.703348070817833
0.848041602555363,0.1519778742963987,0.2028903648014335
0.9371481993650548,0.062871277486707,0.0934694116043082
0.9010965467541826,0.098922930097579,0.1387725688019788
0.8725240052197962,0.1274954716319654,0.1733829343824864
0.8092047601425706,0.1908147167091911,0.24953742477066
0.0616247589739594,0.9383947178778024,0.2700660265274721
0.7644080010907037,0.2356114757610579,0.3029819060047134
0.7793077926883899,0.2207116841633718,0.2848489570145882
0.997740685195645,0.0022787916561167,0.0095826110667471
0.0222036110083166,0.977815865843445,0.0521979627213057
0.224120133221666,0.7758993436300956,0.9880412130183276
0.6876692051496796,0.312350271702082,0.395087937985704
0.0222036110083166,0.977815865843445,0.0519252867966421
0.7300897882866213,0.2699296885651403,0.344370215998286
0.9006291023119023,0.0993903745398593,0.1392984437995442
0.1098494439358822,0.8901700329158795,0.5656467288627466
0.8050951444208558,0.1949243324309058,0.2542508228969869
0.9898720370839258,0.0101474397678359,0.0243460647021015
0.7344720799329997,0.265547396918762,0.3388582669497302
0.0959429717780418,0.9040765050737198,0.4757805348343494
0.8783670607483006,0.121652416103461,0.1661570223789026
0.9996104629647664,0.0004090138869953,0.0043238610910932
0.8931694680871783,0.1068500087645833,0.1481798882028709
0.2130572814210311,0.7869621954307305,0.9654285881230158
0.4692557894941861,0.5307636873575755,0.6563114738133728
0.1273786105213953,0.8726408663303663,0.6662446682118303
0.9834446760025708,0.0165748008491907,0.0342987359523206
0.9135422550298968,0.0864772218218647,0.1233079485032039
0.0859123931207759,0.9141070837309856,0.4145063591921002
0.9311688058742184,0.0688506709775431,0.1011432911984106
0.1043180180355647,0.895701458816197,0.5307052568022905
0.6187990573203748,0.3812204195313869,0.4773581598270455
0.6714449876321992,0.3285744892195625,0.4144674054885768
0.7410552558284479,0.2589642210233138,0.3310480493932961
0.9753812593732348,0.0246382174785267,0.045458972011764
0.9953839861324816,0.0046354907192801,0.0145297314142142
0.8772763570496465,0.1227431198021151,0.1675009251504586
0.7881892370917165,0.2118302397600452,0.2741561653974251
0.548390238201897,0.4516292386498646,0.5605243168494245
0.5101961318972401,0.4898233449545215,0.6068987008939875
0.974212648267534,0.0258068285842276,0.046861305338605
0.6367177609411214,0.3633017159106402,0.4560894377032896
0.7763862649241376,0.223633211927624,0.2884132208869758
0.0177239351031299,0.9822955417486318,0.0341818748417505
0.0207233702744288,0.9792961065773328,0.0448162359036285
0.8756403015016653,0.1243791753500964,0.1696239019924819
0.9693823890306372,0.0306370878211245,0.0531133747541047
0.7564809224236995,0.2435385544280622,0.3128566698478858
0.8901700329158795,0.1098494439358822,0.1516467678164501
0.4719435950372981,0.5280758818144635,0.653000409013887
0.4460978127495472,0.5539216641022146,0.6844944783125255
0.984905439884697,0.0151140369670646,0.032078374851489
0.9014276532341312,0.0985918236176304,0.1383635549149835
0.8059716027501315,0.1940478741016302,0.2532575034571412
0.8204818573125839,0.1795376195391776,0.2358257211304364
0.7450674872913542,0.2549519895604074,0.3262372670081608
0.8048614221997157,0.195158054652046,0.2545429756734121
0.5261476734900571,0.4738718033617046,0.587616617649923
0.0444851294236799,0.9555343474280816,0.1655921936778139
0.80618584811951,0.1938336287322517,0.2530043043842393
0.9163858753871024,0.0836336014646592,0.1198410688896246
0.7369456401067331,0.2630738367450285,0.3358588317784313
0.7578248251952554,0.2421946516565062,0.3111037531893345
0.3212511929571704,0.6787682838945913,0.8492102136610639
0.8227801258204623,0.1772393510312993,0.2332742535496562
0.4029955398009466,0.5970239370508151,0.7381532049159574
0.9842042732212763,0.0158152036304851,0.0331301248466197
0.8784254913035857,0.1215939855481759,0.1660596381200942
0.9372650604756247,0.0627544163761369,0.0933330736419765
0.7428081724869992,0.2572113043647624,0.3289640262547961
0.693083769939427,0.3069357069123347,0.3883489472761622
0.6894026449564692,0.3106168318952924,0.3929649611436807
0.9250725512728124,0.0749469255789494,0.1087782170889897
0.6418986035097287,0.358120873342033,0.44995422939836
0.7440352141479851,0.2559842627037765,0.3275032623726701
0.9976238240850748,0.0023956527666867,0.0097968564361256
0.9206513059229108,0.079368170928851,0.1144265040998773
0.967259412188614,0.0327600646631478,0.0558790877042634
0.9209824124028592,0.0790370644489024,0.1139590596575969
0.0657148978439125,0.9343045790078492,0.2949184893753773
0.3086691467191243,0.6913503301326374,0.8670704867265255
0.9075823383908224,0.0924371384609391,0.1308649669867362
0.8089126073661453,0.1911068694856163,0.2498490543988469
0.092320277350369,0.9076991995013926,0.4528368034590889
0.2174395730674093,0.7825799037843523,0.9741736945640108
0.7484954132014101,0.2515240636503515,0.3222834661005395
0.9006291023119023,0.0993903745398593,0.1392984437995442
0.4181290536197729,0.5818904232319888,0.7191827513000798
0.0483804997760162,0.9516389770757456,0.1877568509826071
0.6039771731297353,0.3960423037220263,0.4948483727090353
0.913172194846425,0.0868472820053366,0.1237948697972459
0.9510741483746568,0.0489453284771049,0.0763297820540287
0.9802699491654168,0.0197495276863447,0.0389537035233624
0.8050367138655707,0.1949827629861909,0.2543287303040336
0.5260697660830104,0.4739497107687513,0.5876945250569698
0.1488031474592447,0.851216329392517,0.7700562881015912
0.3557446974271079,0.6442747794246538,0.8006154685156691
0.8686675885709834,0.1313518882807783,0.1780184251017665
0.636503515571743,0.3635159612800187,0.4564205441832382
0.7629667140603393,0.2370527627914224,0.3046374384044563
0.7172934966791967,0.2827259801725649,0.3592115770406871
0.9427964863759422,0.0572229904758194,0.0863603607112946
0.47879944685741,0.5212200299943517,0.6447811775704575
0.6355491498354207,0.3644703270163411,0.457530724733654
0.849872426620961,0.1501470502308007,0.2006310499970784
0.4052743314570632,0.5947451453946984,0.7354459225210837
0.7783339501003058,0.2216855267514559,0.2860370449720507
0.9327659077186764,0.0672535691330853,0.0992345597257659
0.8985840328769258,0.1014354439748359,0.1416746197144693
0.0162826480727655,0.9837368287789962,0.0298969674541807
0.9093547319011356,0.0906647449506261,0.1286640827376662
0.8884950236643749,0.1115244531873868,0.1537697446584734
0.3698264612508034,0.6301930156009583,0.7815671074927448
0.8211245934207195,0.1788948834310422,0.2351245544670159
0.8990904310227295,0.1009290458290322,0.1410708373098572
0.9261048244161814,0.0739146524355803,0.1074537911691954
0.2461679294158892,0.7538515474358725,0.9681163936661278
0.0545741386362308,0.9454453382155308,0.2251134526615117
0.6533899460491206,0.3466295308026411,0.4361840952028514
0.7663362094151102,0.2336832674366515,0.3006446837933116
0.6567789182556532,0.3432405585961085,0.4322108174434684
0.9328243382739614,0.0671951385778002,0.0991761291704808
0.7662193483045401,0.2338001285472216,0.3007810217556434
0.9334865512338586,0.0665329256179031,0.0982217634341585
0.8365307831642094,0.1634886936875523,0.216485207331087
0.6542469275266346,0.3457725493251271,0.435171298911244
0.992735134292893,0.0072843425588687,0.0193015600958261
0.9776016204740666,0.0224178563776951,0.0425763979510352
0.0246966480338118,0.9753228288179498,0.0624817404514734
0.7514558946691857,0.248563582182576,0.3187776327834369
0.648111719221705,0.3519077576300566,0.4424751183218744
0.9599555927779834,0.0400638840737783,0.0655396061780573
0.6325497146641217,0.36746976218764,0.4613481876789436
0.9633835186880392,0.0366359581637224,0.061040453421109
0.8464834544144284,0.1535360224373332,0.2045848509046997
0.974641139006291,0.0253783378454706,0.0463549071928013
0.6097228443994313,0.3902966324523304,0.4878951366301151
0.9722844399431276,0.027735036908634,0.0492569581052918
0.155561615020548,0.8444578618312136,0.7973433574197066
0.4431568081335333,0.5568626687182284,0.6880392653331515
0.5803127982392926,0.4197066786124691,0.5227781781352863
0.9467502872835636,0.0532691895681982,0.0813937635120659
0.924838829051672,0.0751806478000896,0.1090898467171766
0.4830259236896948,0.5169935531620669,0.6394639970395185
0.9281304169993962,0.0718890598523654,0.1049412772919385
0.9850417778470288,0.0149776990047328,0.0319420368891572
0.979218199170286,0.0208012776814755,0.0403949905537268
0.774282764933876,0.2257367119178855,0.290906257912471
0.4686909607930974,0.5313285160586643,0.65697368677327
0.8847359912743704,0.1152834855773912,0.1583857585259918
0.9608515279590208,0.0391679488927409,0.064215180258263
0.0593654441696044,0.9406540326821572,0.2542702997487486
0.7180530938979024,0.2819663829538593,0.3583351187114115
0.7552344039109519,0.2447850729408098,0.3143563874335352
0.923923417018873,0.0760960598328886,0.1103558420816859
0.9511520557817036,0.0488674210700582,0.076251874646982
0.2628401145238883,0.7371793623278733,0.9394659447246948
0.9190347272266912,0.0809847496250706,0.1164326198313304
0.8077245194086827,0.1922949574430789,0.2511929571704029
0.8705957968953898,0.1294236799563718,0.1756812028903648
0.0629881385972771,0.9370313382544846,0.2778372903803829
0.721987417953762,0.2780320588979997,0.3535243363262762
0.8403287692577371,0.1596907075940245,0.2117912860565218
0.5252712151607815,0.4747482616909803,0.5885904602380071
0.7236624272052665,0.2763570496464951,0.3515376974465847
0.2331184387355628,0.7669010381161989,0.9943906666926358
0.316693609644937,0.6833258672068246,0.8555986210388953
0.6453265294197846,0.3546929474319771,0.4457667062695986
0.8750949496523382,0.1249245271994234,0.170227684397094
0.938414194729564,0.0616052821221977,0.0917359717975186
0.7658882418245915,0.2341312350271702,0.3012095124944004
0.9537035233624837,0.0463159534892779,0.0729797635510196
0.8948639541904446,0.105155522661317,0.146154295619656
0.9068422180238788,0.093177258827883,0.131858286426582
0.8157684591862572,0.1842510176655045,0.2412597627719455
0.0275207915392555,0.972498685312506,0.0769919950139259
0.8950392458562998,0.1049802309954618,0.1459205733985158
0.8841127320179966,0.115906744833765,0.1591648325964591
0.6736263950295074,0.3263930818222542,0.4118769842042732
0.5651792844204663,0.4348401924312954,0.5405021132384161
0.8183783573223224,0.1816411195294392,0.2382603276006466
0.2729486005882009,0.7270708762635607,0.9225795142473172
0.4959001227041661,0.5041193541475956,0.6241162378513138
0.6593693395399568,0.3406501373118049,0.4291724285686462
0.8339793155834291,0.1660401612683326,0.2196794110200027
0.9300001947685176,0.070019282083244,0.1027209161911068
0.0168669536256159,0.9831525232261458,0.0315524998539236
0.293594063455583,0.7064254133961786,0.890072648657071
0.4789552616715034,0.5210642151802583,0.6446058859046023
0.619149640652085,0.3808698361996767,0.4769101922365268
0.9181777457491772,0.0818417311025845,0.1174843698264612
0.6695946867148395,0.3304247901369223,0.4166098591823617
0.3808893130514383,0.6191301638003233,0.7671737140408624
0.8593381765771381,0.1406813002746236,0.1892176148647332
0.7124242837387764,0.2875951931129852,0.3652494010868083
0.8622012737861052,0.1378182030656564,0.1858675963617241
0.9146719124320744,0.0853475644196872,0.1219640457316479
0.9798998889819448,0.0201195878698167,0.0395185322244512
0.0736224996591551,0.9263969771926066,0.3402411234248096
0.9571704029760628,0.0428490738756987,0.0690064857916366
0.927292912373644,0.0727265644781177,0.1059735504353076
0.1548604483571275,0.8451590284946341,0.7945386907660246
0.8637204682235163,0.1362990086282453,0.1841146797031727
0.1505171104142726,0.849502366437489,0.7777496445474553
0.6990631634302631,0.3009563134214985,0.3809866973102467
0.9542683520635724,0.0457511247881892,0.0722006894805523
0.0169643378844243,0.9830551389673372,0.0318251757785871
0.0333638470677599,0.9666556297840018,0.1065773328399197
0.0389731803751241,0.9610462964766376,0.1331437586428529
0.1388504762090255,0.8611690006427362,0.7257854040472898
0.4507138266170656,0.549305650234696,0.6788267144498763
0.1505171104142726,0.849502366437489,0.7777496445474553
0.9556122548351283,0.0444072220166332,0.0707983561537113
0.3217186373994508,0.6783008394523109,0.8483727090353115
0.7580780242681573,0.2419414525836044,0.3107726467093858
0.4193755721325205,0.5806439047192412,0.7176051263073837
0.4316070350388563,0.5684124418129054,0.7022573671191789
0.9729271760512632,0.0270923008004986,0.0484778840348246
0.8700699218978244,0.1299495549539372,0.1762849852949769
0.1294821105116569,0.8705373663401048,0.6786319459322595
0.3177064059365444,0.6823130709152173,0.8541573340085309
0.920807120737004,0.0792123561147576,0.1142512124340221
0.7649533529400308,0.2350661239117309,0.3024365541553863
0.1847574158113082,0.8152620610404534,0.8925267319790429
0.9802504723136553,0.0197690045381064,0.0389926572268858
0.9180998383421304,0.0819196385096313,0.117620707788793
0.9279940790370644,0.0720253978146972,0.1050776152542703
0.8988177550980659,0.1012017217536957,0.1414214206415674
0.7151315661336501,0.2848879107181115,0.3618214751767524
0.9864635880256316,0.0135558888261301,0.0297801063436106
0.8977075745476502,0.1023119023041115,0.1427653234131235
0.9999415694447148,7.790740704672496e-05,0.0029994351712989
0.9215277642521864,0.0784917125995754,0.1132773698459381
0.9373429678826716,0.0626765089690902,0.0932162125314064
0.9002785189801921,0.0997409578715696,0.1397269345383012
0.6767426913113764,0.3232767855403852,0.4082348129248388
0.6545975108583448,0.3454219659934168,0.4347233313207253
0.8422569775821436,0.157762499269618,0.2095709249556901
0.6928500477182868,0.3071694291334749,0.3886411000525875
0.9690318056989268,0.0309876711528348,0.0535418654928617
0.9145940050250276,0.0854254718267339,0.1220419531386946
0.3347096975244921,0.6653097793272695,0.8304929591180882
0.0087840601445182,0.9912354167072436,0.0124457082757143
0.6510332469859572,0.3489862298658044,0.4389498081530101
0.9062579124710282,0.0937615643807334,0.1325984067935258
0.6832869135033013,0.3167325633484603,0.4005025027754513
0.9533724168825352,0.0466470599692265,0.0734277311415382
0.7515532789279941,0.2484661979237676,0.3186412948211051
0.9359795882593538,0.0640398885924079,0.094949652338196
0.9561965603879788,0.0438229164637827,0.0701556200455758
0.8823598153594453,0.1176596614923163,0.1612293788831973
0.1867051009874764,0.8133143758642853,0.8984282180628324
0.9842042732212763,0.0158152036304851,0.0331106479948581
0.1203864207389517,0.87963305611281,0.6264534600627155
0.8868005375611087,0.113218939290653,0.1558342909452116
0.8779970005648287,0.1220224762869329,0.166624466821183
0.784001713962955,0.2160177628888066,0.2791811931519389
0.0222036110083166,0.977815865843445,0.052120055314259
0.936076972518162,0.0639425043335995,0.0947938375241026
0.0153672360399665,0.9846522408117953,0.027248115614592
0.6580449136201625,0.3419745632315992,0.4308863915236741
0.5831174648929747,0.4169020119587869,0.5195450207428471
0.2631322673003136,0.7368872095514482,0.9389790234306526
0.7728025241999883,0.2272169526517733,0.2926591745710223
0.9899304676392108,0.0100890092125508,0.0242876341468165
0.8827298755429173,0.1172896013088444,0.1607619344409169
0.9754007362249966,0.024618740626765,0.0454394951600023
0.7691213992170306,0.2308980776347311,0.2970414662174006
0.931012991060125,0.0690064857916366,0.1013185828642658
0.9597218705568432,0.0402976062949184,0.0658512358062442
0.775938297333619,0.2240811795181427,0.2889001421810178
0.8275909082055977,0.172428568646164,0.2273532906141051
0.9732193288276882,0.0268001480240733,0.0480883469995909
0.8816781255477865,0.1183413513039752,0.1621447909159963
0.4234657110024735,0.5765537658492881,0.7123268994799681
0.8297528387511443,0.1702666381006174,0.2247823461815632
0.7709132695791052,0.2291062072726564,0.2947821514130456
0.7501119918976297,0.249907484954132,0.3203163040726097
0.891786611612099,0.1082328652396626,0.1497964668990904
0.5254465068266365,0.4745729700251251,0.5883567380168669
0.7875659778353427,0.212453499016419,0.2750715774302242
0.2860370449720507,0.713982431879711,0.901739282862318
0.0907426523576729,0.9092768244940888,0.4433515766511501
0.9208655512922892,0.0791539255594725,0.1141927818787371
0.1275928558907738,0.8724266209609879,0.6674522330210545
0.1650273649767251,0.8349921118750365,0.8299865609722844
0.9062189587675048,0.0938005180842568,0.1326373604970492
0.2225230313772082,0.7774964454745535,0.9848275324776504
0.8909101532828234,0.1091093235689383,0.1508287400424595
0.7379000058430555,0.2621194710087061,0.3346707438209688
0.6019126268429971,0.3981068500087645,0.497127164365152
0.8495802738445357,0.1504392030072259,0.2010205870323121
0.6897727051399412,0.3102467717118205,0.3924975167014004
0.9639678242408896,0.0360516526108719,0.0602808562024034
0.7571431353835966,0.242876341468165,0.311921780963325
0.013867518454317,0.9861519583974446,0.023644898038681
0.8158268897415422,0.1841925871102195,0.2411818553648988
0.7507352511540034,0.2492842256977582,0.3195761837056658
0.9873400463549072,0.0126794304968544,0.0282803887579611
0.5813255945309,0.4186938823208616,0.521629043881347
0.9768225464035992,0.0231969304481623,0.0436476247979276
0.5328866641995987,0.4671328126521629,0.5792026176888768
0.6871822838556376,0.3128371929961241,0.3956722435385544
0.6499035895837797,0.350115887267982,0.4401963266657577
0.5290107706990242,0.4710087061527375,0.5841497380363438
0.0002726759246635,0.999746800927098,0.0002726759246635
0.9058683754357946,0.0941511014159671,0.1330658512358062
0.9072707087626356,0.092748768089126,0.1313129345772549
0.9803089028689402,0.0197105739828214,0.0389147498198391
0.7578443020470171,0.2421751748047445,0.3110842763375728
0.5790468028747833,0.4209726739769783,0.5242973725726974
0.9834836297060944,0.0165358471456673,0.0342403053970356
0.9884697037570848,0.0115497730946769,0.0265469489511715
0.9293379818086204,0.0706814950431412,0.1035778976686208
0.2673587441325984,0.7326607327191633,0.9319478799446858
0.7957657324270105,0.2042537444247512,0.2651773367352901
0.4904466042108953,0.5095728726408664,0.6305046452291452
0.9304871160625596,0.069532360789202,0.102039226379448
0.8424322692479987,0.1575872076037629,0.2093566795863116
0.8037707185010615,0.1962487583507002,0.2558674015932065
0.1265021521921196,0.873517324659642,0.6612780710126015
0.3615098455485655,0.6385096313031962,0.7928442046627583
0.911399801336112,0.0886196755156496,0.1261905225639327
0.9914107083730984,0.0086087684786631,0.0215998286037044
0.8993436300956313,0.1006758467561303,0.1407981613851937
0.9916639074460004,0.0083555694057612,0.0211323841614241
0.9478409909822176,0.052178485869544,0.08016672185108
0.6805406774049043,0.3194787994468574,0.4037551370196521
0.0115497730946769,0.9884697037570848,0.0181134721383635
0.5834096176693999,0.4166098591823617,0.5192333911146603
0.1348187678943575,0.8652007089574041,0.7071655337631225
0.3674502853358783,0.6325691915158834,0.7848197417369457
0.5310558401340008,0.4689636367177609,0.5815982704555636
0.93547319011355,0.0645462867382116,0.0956118652980932
0.9967668426075608,0.0032526342442007,0.0116276805017237
0.9787897084315292,0.0212297684202325,0.0409013886995306
0.065559083029819,0.9344603938219426,0.293594063455583
0.346142609508599,0.6538768673431626,0.8144050795629394
0.920807120737004,0.0792123561147576,0.1142512124340221
0.505502210622675,0.4945172662290867,0.6126638490154451
0.9879243519077576,0.012095124944004,0.0275207915392555
0.8300839452310929,0.1699355316206688,0.2243538554428062
0.3363457530724734,0.6636737237792883,0.8282531211654948
0.9687396529225016,0.03127982392926,0.0539898330833804
0.1827513000798551,0.8172681767719066,0.8875601347798142
0.5256217984924917,0.47439767835927,0.5881814463510118
0.0096605184737938,0.9903589583779678,0.0139843795648871
0.9425432873030404,0.0574761895487213,0.0867498977465282
0.8855540190483611,0.1144654578034006,0.1572950548273377
0.8296749313440975,0.1703445455076641,0.2248602535886099
0.9795493056502348,0.0204701712015269,0.0399664998149699
0.3953411370586058,0.6046783397931559,0.7483395983873167
0.8542547182673392,0.1457647585844224,0.1953333463179011
0.8733225561420253,0.1266969207097364,0.1723311843873556
0.936700231774536,0.0633192450772257,0.0940537171571587
0.5550123678008687,0.445007109050893,0.552675145589467
0.9619422316576748,0.0380772451940868,0.0628323237831836
0.6566425802933213,0.3433768965584403,0.4323471554058002
0.8676547922793759,0.1323646845723857,0.1792454667627524
0.5699705899538399,0.4300488868979218,0.5349901641898603
0.978672847320959,0.0213466295308026,0.0411351109206707
0.2352608924293477,0.764758584422414,0.989735699121594
0.4785462477845081,0.5214732290672536,0.6450928071986444
0.5323802660537951,0.4676392107979666,0.5798453537970123
0.9192879262995928,0.0807315505521687,0.1161404670549052
0.9486979724597316,0.05132150439203,0.0791344487077108
0.9030442319303508,0.0969752449214109,0.1364548234423387
0.7413668854566348,0.2586525913951269,0.330619558654539
0.9476462224646008,0.0523732543871608,0.0803809672204584
0.9945659583584908,0.0054535184932707,0.0159515415928169
0.2229515221159651,0.7770679547357965,0.9858598056210194
0.9319478799446858,0.0680715969070759,0.1002278791656116
0.3842003778509242,0.6158190990008375,0.7628498529497691
0.0073622499659155,0.992657226885846,0.0096994721773172
0.2851995403462984,0.7148199365054633,0.9031221393373976
0.4476754377422433,0.5523440391095183,0.6825857468398808
0.7194359503729817,0.28058352647878,0.3566211557563835
0.3552577761330658,0.6447617007186959,0.8012776814755663
0.5935570574372359,0.4064624194145258,0.506962974504801
0.8272987554291724,0.1727207214225892,0.227723350797577
0.8167228249225795,0.1832966519291821,0.2401495822215297
0.7582143622304891,0.2418051146212726,0.3105778781917691
0.9596050094462732,0.0404144674054885,0.0660070506203377
0.0640983191476929,0.9359211577040688,0.2841088366476442
0.3547319011355004,0.6452875757162613,0.8020567555460335
0.7624018853592506,0.2376175914925111,0.3052606976608301
0.6712891728181056,0.328730304033656,0.4146232203026703
0.970551000136338,0.0294684767154237,0.0516136571684552
0.9867362639502952,0.0132832129014666,0.0293710924566153
0.9190347272266912,0.0809847496250706,0.1164326198313304
0.0297801063436106,0.970239370508151,0.0898077634731122
0.8795356718540015,0.1204838049977601,0.1648715501626317
0.9185283290808872,0.0814911477708743,0.1170169253841809
0.6797421264826753,0.3202773503690863,0.4046900259042128
0.0795824162982295,0.920437060553532,0.3783962760259431
0.8356543248349336,0.164365152016828,0.2176343415850262
0.8673626395029508,0.1326568373488109,0.1796155269462244
0.8892156671795571,0.1108038096722045,0.152873809477436
0.964863759421927,0.0351557174298346,0.0592096293555109
0.7743411954891611,0.2256782813626005,0.2908088736536626
0.7260580799719534,0.2739613968798083,0.3487914613481876
0.5283290808873654,0.4716903959643963,0.5848898584032877
0.5897980250472313,0.4102214518045303,0.5114816041135111
0.8786007829694408,0.1214186938823208,0.1658843464542391
0.8156126443721636,0.184406832479598,0.241415577586039
0.9127631809594298,0.0872562958923319,0.1243596984983347
0.905907329139318,0.0941121477124437,0.1330074206805212
0.8415947646222465,0.1584247122295152,0.2103499990261574
0.837952593342812,0.1620668835089496,0.2146738601172506
0.0037590323900044,0.9962604444617572,0.0041096157217147
0.3598932668523459,0.6401262099994157,0.7950840426153517
0.6896363671776095,0.3103831096741523,0.3926922852190172
0.9618448473988664,0.0381746294528952,0.0630076154490388
0.0111602360594433,0.9888592407923184,0.0172175369573262
0.8386342831544709,0.1613851936972907,0.21385583234326
0.4183238221373897,0.581695654714372,0.7189100753754163
0.8385368988956625,0.1614825779560992,0.2139921703055918
0.8636620376682314,0.1363574391835303,0.1841731102584578
0.5776055158444189,0.4224139610073428,0.5258944744171552
0.9670451668192354,0.0329743100325263,0.056151763628927
0.8126716397561499,0.1873478370956118,0.2453304247901369
0.8329859961435834,0.1670334807081783,0.2208090684221802
0.8277077693161677,0.1723117075355939,0.227236429503535
0.1376818651033247,0.8623376117484369,0.7207408994410144
0.0311629628186899,0.9688565140330716,0.0961766939991819
0.0640398885924079,0.9359795882593538,0.2839919755370741
0.719358042965935,0.2806614338858267,0.3567185400151919
0.7695109362522642,0.2305085405994975,0.2965934986268819
0.8431723896149427,0.156847087236819,0.2084412675535126
0.0108486064312564,0.9891708704205052,0.0166916619597608
0.7896694778256043,0.2103499990261574,0.2723642950353505
0.646280895156107,0.3537385816956547,0.444637048867421
0.0321562822585357,0.967863194593226,0.1000720643515182
0.2078569620006622,0.7921625148510995,0.953567185400152
0.6367177609411214,0.3633017159106402,0.4560699608515279
0.3766628362191535,0.6233566406326081,0.7728025241999883
0.9452895234014372,0.0547299534503242,0.0832245875776639
0.1074732680209571,0.8925462088308046,0.5514091502249576
0.0270728239487369,0.9729466529030248,0.0745768653954774
0.2825312116549481,0.7174882651968136,0.9076991995013926
0.8605262645346007,0.139493212317161,0.1878737120931772
0.9651364353465904,0.0348830415051711,0.0588200923202773
0.9542683520635724,0.0457511247881892,0.0722006894805523
0.8510410377266618,0.1489784391250998,0.1993650546325692
0.7955904407611554,0.2044290360906063,0.2653915821046686
0.0800498607405099,0.9199696161112518,0.3809866973102467
0.8729330191067916,0.1270864577449701,0.172857059384921
0.0153282823364431,0.9846911945153184,0.027189685059307
0.0844321523868881,0.9155873244648736,0.4047289796077362
0.8528134312369748,0.1472060456147868,0.1971252166799758
0.2332158229943711,0.7668036538573905,0.994195898175019
0.873458894104357,0.1265605827474047,0.1721948464250238
0.0231579767446389,0.9768615001071228,0.0559569951113102
0.7850729408098475,0.2149465360419142,0.2779346746391913
0.297080419920924,0.7029390569308377,0.884580176460277
0.7054320939563329,0.2945873828954288,0.3733128177161444
0.4634322108174434,0.5365872660343182,0.663323140447578
0.9192684494478311,0.0807510274039304,0.1161794207584286
0.2229125684124418,0.7771069084393198,0.9857429445104492
0.791149718559492,0.2088697582922696,0.2705724246732758
0.9410240928656292,0.0589953839861324,0.0886001986638879
0.5025612060066611,0.4974582708451006,0.6160722980737393
0.1887112167189295,0.8113082601328321,0.9039985976666732
0.6186821962098047,0.381337280641957,0.4774944977893773
0.5036713865570769,0.4963480902946847,0.6148063027092301
0.6792552051886334,0.3207642716631284,0.4052938083088249
0.8527160469781665,0.1473034298735952,0.1972615546423076
0.4189860350972869,0.5810334417544748,0.7181115244531874
0.9356290049276434,0.0643904719241181,0.0954170967804764
0.7097949087509495,0.2902245681008122,0.3683462205169156
0.827999922092593,0.1720195547591687,0.2268663693200631
0.0133416434567516,0.98667783339501,0.0222815184153633
0.7094443254192392,0.2905751514325224,0.3687357575521492
0.5031065578559881,0.4969129189957735,0.6154295619656038
0.4134740860487311,0.5865453908030306,0.7251037142356309
0.8857877412695012,0.1142317355822604,0.1570418557544358
0.096722045848509,0.9032974310032528,0.4821689422121808
0.9785949399139124,0.0214245369378493,0.0412714488830025
0.9637535788715113,0.0362658979802504,0.0605730089788286
0.320296827220848,0.6797226496309137,0.850729408098475
0.8870342597822488,0.1129852170695128,0.1555810918723097
0.7976355101961319,0.2023839666556297,0.2630738367450285
0.2745651792844205,0.7254542975673413,0.9199306624077284
0.0457121710846658,0.9543073057670958,0.1725843834602574
0.4586798589875932,0.5413396178641684,0.6691077654207974
0.0348051340981243,0.9652143427536372,0.1132384161424147
0.2375202072337027,0.7624992696180589,0.9851586389575988
0.999513078705958,0.0005063981458037,0.0045381064604717
0.7752566075219601,0.2247628693298015,0.2896792162514851
0.9869894630231968,0.0130300138285647,0.0288646943108116
0.0166527082562374,0.9833667685955242,0.0309097637457881
0.8647722182186471,0.1352472586331145,0.1827707769316167
0.7318621817969343,0.2681572950548273,0.3421498548974543
0.7169818670510099,0.2830376098007518,0.3595621603723974
0.9360380188146388,0.0639814580371228,0.0948522680793876
0.1071032078374851,0.8929162690142766,0.5492666965311727
0.9567029585337826,0.043316518317979,0.0696102681962487
0.8830609820228659,0.1169584948288958,0.160391874257445
0.0006232592563737,0.999396217595388,0.0006232592563737
0.1876594667237987,0.8123600101279629,0.9014860837894164
0.7023742282297489,0.2976452486220127,0.3769355121438171
0.9662271390452448,0.0337923378065169,0.0573008978828662
0.7833005472995345,0.2167189295522271,0.2800186977776912
0.8034201351693512,0.1965993416824104,0.2562569386284401
0.9435560835946476,0.0564633932571139,0.0854644255302572
0.7770679547357965,0.2229515221159651,0.2875951931129852
0.8925072551272812,0.1075122217244804,0.1489005317180531
0.9676684260756092,0.0323510507761525,0.0553921664102214
0.8361022924254523,0.1639171844263093,0.2170110823286524
0.9796272130572814,0.0203922637944802,0.0398301618526381
0.7768537093664181,0.2231657674853436,0.2878289153341254
0.2352803692811094,0.7647391075706523,0.989618838011024
0.8384200377850924,0.1615994390666692,0.2141090314161619
0.1685721519973511,0.8314473248544105,0.8437177414642697
0.8852813431236974,0.1147381337280642,0.1576651150108096
0.8812496348090295,0.1187698420427322,0.1627096196170851
0.0209181387920456,0.979101338059716,0.045887462750521
0.8507099312467132,0.1493095456050484,0.1997545916678028
0.9068227411721168,0.0931967356796447,0.1318777632783437
0.8885534542196599,0.1114660226321017,0.1536918372514266
0.9661881853417214,0.0338312915100403,0.0573398515863895
0.7025689967473657,0.2974504801043959,0.3767407436262002
0.9360380188146388,0.0639814580371228,0.0948522680793876
0.3932960676236293,0.6067234092281324,0.7510858344857138
0.0154061897434898,0.9846132871082718,0.0274428841322088
0.6067623629316558,0.3932571139201059,0.4915373079095495
0.8989930467639211,0.1010264300878406,0.1411682215686656
0.7872543482071558,0.2127651286446059,0.2754416376136961
0.3413902576787488,0.6586292191730129,0.8210077323101493
0.9223068383226536,0.0777126385291081,0.1123814346649007
0.9225989910990788,0.0774204857526829,0.1119724207779054
0.0158346804822468,0.9841847963695148,0.0287673100520031
0.845899148861578,0.1541203279901836,0.2052275870128352
0.4205441832382213,0.5794752936135403,0.7160080244629258
0.5368015114036967,0.463217965448065,0.5743723584519799
0.5770406871433301,0.4229787897084315,0.5265372105252907
0.0513604580955534,0.9486590187562084,0.2069025962643398
0.970667861246908,0.0293516156048536,0.0514383655026001
0.6103850573593285,0.3896344194924332,0.4870576320043628
0.8940848801199774,0.1059345967317842,0.1470891845042167
0.9436145141499328,0.0564049627018288,0.0854059949749722
0.1170753559394659,0.8829441209122957,0.606684455524609
0.9368365697368676,0.0631829071148939,0.0938394717877802
0.9395633289835033,0.0604561478682585,0.0902752079153925
0.2361178739068617,0.7639016029449,0.9879827824630428
0.6329782054028786,0.367041271448883,0.4608612663849015
0.3410591511988002,0.6589603256529615,0.8215336073077147
0.8813664959195996,0.1186529809321621,0.1625538048029916
0.6962974504801044,0.3037220263716573,0.3844146232203027
0.1480240733887774,0.8519954034629842,0.7669984223750073
0.8091658064390472,0.1908536704127144,0.2495958553259451
0.8800615468515669,0.1199579300001947,0.1642288140544962
0.4932512708645774,0.5067682059871842,0.627271487836706
0.325243947568315,0.6747755292834466,0.843211343318466
0.8781138616753988,0.1219056151763628,0.1664296983035662
0.9913328009660518,0.0086866758857098,0.0217166897142745
0.9881191204253744,0.0119003564263872,0.027248115614592
0.1549773094676976,0.845042167384064,0.7951035194671133
0.7331866077167287,0.266832869135033,0.3405527530529965
0.8895662505112674,0.1104532263404943,0.1524842724422024
0.5462283076563504,0.4537911691954112,0.5632315992442981
0.31846600315525,0.6815534736965116,0.8530861071616384
0.823539723039168,0.1764797538125937,0.2323004109615721
0.2993786884288024,0.7006407884229593,0.8807821903667491
0.5323802660537951,0.4676392107979666,0.5798453537970123
0.1038505735932843,0.8961689032584773,0.528231696628557
0.5886878444968155,0.4113316323549461,0.5128449837368287
0.9445299261827318,0.0554895506690298,0.0841594764622246
0.923631264242448,0.0763882126093138,0.1107259022651578
0.7814307695304131,0.2185887073213485,0.2823169662855696
0.1331048049393296,0.8669146719124321,0.6979724597316089
0.3721247297586818,0.6278947470930799,0.7784897649143993
0.9948775879866778,0.0051418888650838,0.0153282823364431
0.0190678378746859,0.9809516389770756,0.0385252127846054
0.932045264203494,0.0679742126482675,0.1001110180550415
0.9443546345168768,0.0556648423348849,0.0843737218316031
0.0420310461017081,0.9579884307500536,0.1523674113316323
0.1347798141908342,0.8652396626609274,0.7067954735796506
0.8570593849210214,0.1429600919307403,0.1919443741113686
0.5862921917301287,0.4137272851216329,0.5157859883528426
0.8322653526284012,0.1677541242233605,0.2216660498996942
0.2611845821241454,0.7388348947276162,0.9421537502678068
0.6463782794149153,0.3536411974368463,0.4445007109050893
0.8042965934986269,0.1957228833531347,0.255224665485071
0.1752137584480844,0.8248057184036772,0.8651617552538807
0.943166546559414,0.0568529302923475,0.0859318699725376
0.8727772042926981,0.1272422725590635,0.1730518279025378
0.1393373975030676,0.8606820793486941,0.7284147790351168
0.8384784683403774,0.1615410085113842,0.2140506008608768
0.765303936271741,0.2347155405800206,0.3019885865648676
0.3135383596595446,0.686481117192217,0.8601172506476054
0.6594667237987651,0.3405527530529965,0.4290555674580761
0.037940907231755,0.9620785696200066,0.1280408234812924
0.2499853923611787,0.750034084490583,0.9610657733283992
0.9110102643008784,0.0890092125508832,0.1266579670062131
0.6828778996163061,0.3171415772354556,0.4010089009212551
0.9884697037570848,0.0115497730946769,0.0265469489511715
0.5406579280525096,0.459361548799252,0.5697563445844613
0.0936641801219251,0.9063552967298366,0.4600042849073876
0.9149056346532146,0.085113842198547,0.1216718929552227
0.9225795142473172,0.0774399626044446,0.1120113744814288
0.993027287069318,0.0069921897824435,0.018814638801784
0.9276629725571158,0.0723565042946458,0.1054866291412656
0.1111349161521531,0.8888845606996085,0.5741581130826013
0.580351751942816,0.4196677249089457,0.5227392244317628
0.9279161716300176,0.0721033052217439,0.1051944763648403
0.0310655785598815,0.96895389829188,0.0955339578910464
0.2043121749800362,0.7957073018717254,0.9446662641450636
0.6015036129560017,0.3985158638957599,0.497614085659194
0.9756149815943752,0.0244044952573865,0.0451862960871004
0.0243071109985781,0.9757123658531834,0.0604951015717819
0.1289757123658531,0.8710437644859085,0.6760610014997176
0.2098436008803537,0.790175875971408,0.958455875192334
0.7413668854566348,0.2586525913951269,0.330619558654539
0.991995013925949,0.0080244629258126,0.0205091249050503
0.1807257074966402,0.8192937693551214,0.8821845236935901
0.6036850203533101,0.3963344564984516,0.4951600023372222
0.8841516857215199,0.1158677911302417,0.1591258788929357
0.0388173655610307,0.961202111290731,0.132345207720624
0.9194047874101632,0.0806146894415986,0.1160041290925734
0.3284381512572308,0.6715813255945309,0.8388874822273727
0.2440839062773893,0.7559355705743723,0.972635023274838
0.9881191204253744,0.0119003564263872,0.027248115614592
0.942562764154802,0.0574567126969596,0.0866525134877198
0.7551954502074285,0.2448240266443332,0.3144148179888202
0.5775081315856105,0.4225113452661512,0.5260113355277253
0.3976978361217693,0.6023216407299924,0.745203825253686
0.2369943322361373,0.7630251446156243,0.986074050990398
0.9115361392984438,0.0884833375533178,0.1259762771945542
0.033539138733615,0.9664803381181466,0.1072979763551019
0.7882866213505249,0.2117328555012367,0.2740587811386167
0.2050522953469801,0.7949671815047815,0.9464191808036148
0.7450674872913542,0.2549519895604074,0.3262372670081608
0.4382291646378279,0.5617903122139337,0.6941939504898428
0.2698907348616169,0.7301287419901447,0.927838264222971
0.0115497730946769,0.9884697037570848,0.0181134721383635
0.8478468340377462,0.1521726428140155,0.2030851333190503
0.0370449720507177,0.962974504801044,0.1239312077595777
0.6964143115906745,0.3036051652610872,0.3842588084062092
0.8558518201117972,0.1441676567399645,0.1935025222523031
0.9211577040687144,0.0788617727830473,0.1137253374364567
0.2964376838127885,0.7035817930389732,0.8855540190483611
0.7775548760298385,0.2224646008219231,0.2869914107083731
0.8973375143641782,0.1026819624875835,0.1431938141518804
0.8434645423913678,0.1565549344603938,0.208110161073564
0.9912159398554816,0.0088035369962799,0.0219698887871764
0.6308357517090938,0.3691837251426679,0.4633153497068734
0.991995013925949,0.0080244629258126,0.0204896480532886
0.8409909822176344,0.1590284946341273,0.2110316888378162
0.1082912957949477,0.891728181056814,0.5574859279746022
0.4345869933583935,0.5654324834933682,0.6986151958397445
0.9970395185322244,0.0029799583195372,0.011179712911205
0.8765557135344643,0.1234637633172973,0.1683773834797343
0.973842588084062,0.0261768887676995,0.0473482266326471
0.0881327542216076,0.911886722630154,0.427166312837193
0.599107960189315,0.4009115166624467,0.5005161365716846
0.8910075375416318,0.1090119393101299,0.1507118789318894
0.8699920144907777,0.1300274623609839,0.176401846405547
0.7703679177297782,0.2296515591219835,0.2953859338176577
0.3865570769140876,0.613462399937674,0.7599088483337554
0.4064624194145258,0.5935570574372359,0.7338488206766258
0.831603139668504,0.1684163371832576,0.2225425082289698
0.1958592213154665,0.8041602555362951,0.9233001577624992
0.9761019028884172,0.0239175739633445,0.0445825136824883
0.892702023644898,0.1073174532068636,0.1486668094969129
0.7512221724480455,0.2487973044037162,0.3190308318563387
0.711839978185926,0.2881794986658356,0.3659700446019905
0.8796720098163333,0.1203474670354284,0.1646962584967765
0.0164189860350972,0.9836004908166645,0.0302475507858909
0.8801978848138987,0.119821592037863,0.1640729992404027
0.8158268897415422,0.1841925871102195,0.2411818553648988
0.4011062851800634,0.5989131916716982,0.7408410104590694
0.9909237870790566,0.0090956897727051,0.0225152406365035
0.5306857799505288,0.4693336969012329,0.5821436223048906
0.8710242876341469,0.1289951892176148,0.1751358510410377
0.916541690201196,0.0834777866505658,0.1196852540755312
0.2441423368326743,0.7558771400190873,0.972264963091366
0.0237617591492511,0.9762577177025106,0.0580020645462867
0.9197748475936348,0.0802446292581267,0.1155561615020548
0.936076972518162,0.0639425043335995,0.0947938375241026
0.7320764271663128,0.2679430496854488,0.3418966558245525
0.9961435833511872,0.0038758935005745,0.012952106421518
0.2768829246440605,0.7231365522077011,0.9164832596459108
0.0498802173616656,0.950139259490096,0.1967941102000272
0.9389205928753676,0.061098883976394,0.0910153282823364
0.4756441968720176,0.5243752799797441,0.6486570710710321
0.0302280739341292,0.9697914029176324,0.0919891708704205
0.1941257815086769,0.8058936953430847,0.918917866116121
0.6716202792980542,0.3283991975537074,0.4142336832674366
0.9878659213524724,0.012153555499289,0.0275792220945406
0.6259665387686735,0.3740529380830882,0.4689831135695226
0.3590168085230703,0.6410026683286913,0.7963695148316227
0.6381006174162008,0.3619188594355608,0.4544339053035467
0.3626979335060281,0.6373215433457335,0.7912665796700621
0.5762421362211012,0.4237773406306604,0.5274720994098514
0.6159359601114076,0.384083516740354,0.4805718403677229
0.543384687299145,0.4566347895526167,0.5665816177473073
0.865453908030306,0.1345655688214557,0.1819917028611495
0.9631303196151374,0.0368891572366242,0.0613520830492959
0.9604425140720254,0.0395769627797362,0.0648189626628751
0.3508949613384493,0.6491245155133124,0.8076076582981127
0.6744054690999747,0.325614007751787,0.4109810490232359
0.7901563991196463,0.2098630777321153,0.2717799894825
0.4620104006388407,0.5380090762129209,0.6651344876614144
0.0001947685176168,0.9998247083341448,0.0001947685176168
0.1351498743743061,0.8648696024774556,0.7087821124593421
0.0971700134390277,0.902849463412734,0.485148900531718
0.3177064059365444,0.6823130709152173,0.8541378571567692
0.3771887112167189,0.6228307656350428,0.7719844964259978
0.9445299261827318,0.0554895506690298,0.0841594764622246
0.0140038564166488,0.9860156204351128,0.0238396665562978
0.9693823890306372,0.0306370878211245,0.0531133747541047
0.7933311259568003,0.2066883508949613,0.2680209570924955
0.8756597783534269,0.1243596984983347,0.1696044251407202
0.8455680423816294,0.1544514344701322,0.2055781703445455
0.2039031610930409,0.7961163157587208,0.9435755604464094
0.9285199540346298,0.0714995228171318,0.1044738328496581
0.676216816313811,0.3238026605379506,0.4088191184776892
0.1752137584480844,0.8248057184036772,0.8652396626609274
0.7856767232144596,0.214342753637302,0.2772724616792941
0.0805367820345519,0.9194826948172098,0.3836550260015971
0.1050970921060319,0.8949223847457297,0.5360419141849911
0.0565997312194456,0.943419745632316,0.2377734063066046
0.4042420583136942,0.5957774185380675,0.7366340104785463
0.9301170558790876,0.0699024209726739,0.1025651013770134
0.8478663108895078,0.1521531659622538,0.2030656564672886
0.9866973102467718,0.0133221666049899,0.029448999863662
0.8756597783534269,0.1243596984983347,0.1696044251407202
0.5859610852501802,0.4140583916015815,0.5161950022398379
0.2423115127670763,0.7577079640846853,0.976043472333132
0.9828019398944354,0.0172175369573262,0.0352336248368813
0.9479968057963112,0.0520226710554505,0.0799914301852248
0.9366807549227744,0.0633387219289874,0.0940731940089204
0.8662914126560582,0.1337280641957034,0.1809789065695421
0.4540638451200748,0.5459556317316869,0.6746002376175915
0.8806458524044174,0.1193736244473443,0.163508170539314
0.4005804101824981,0.5994390666692636,0.7414058391601581
0.1512961844847399,0.8487232923670218,0.7811775704575112
0.9739984028981556,0.0260210739536061,0.0471339812632686
0.9001421810178603,0.0998772958339014,0.139863272500633
0.992365074109421,0.0076544027423407,0.0199248193521999
0.1411487447169039,0.8588707321348578,0.7381921586194807
0.9189373429678828,0.081082133883879,0.1165300040901388
0.6591940478741016,0.34082542897766,0.429425627641548
0.5210447383284966,0.4789747385232651,0.5935765342889975
0.5233235299846133,0.4766959468671484,0.5908692518941239
0.5928558907738153,0.4071635860779463,0.5078589096858384
0.0094462731044154,0.9905732037473464,0.0136337962331768
0.5369378493660285,0.4630816274857332,0.5741970667861247
0.5689967473657558,0.4310227294860059,0.5361003447402762
0.5064370995072357,0.493582377344526,0.6116510527238377
0.5837407241493485,0.4162787527024131,0.5187854235241416
0.6361139785365093,0.3639054983152523,0.4569074654772802
0.4300488868979218,0.5699705899538399,0.7043024365541554
0.6377305572327289,0.3622889196190327,0.4548623960423037
0.2032409481331437,0.7967785287186179,0.9417642132325732
0.8613442923085912,0.1386751845431704,0.1869388232086165
0.9415304910114328,0.0584889858403287,0.0879379857039908
0.9693044816235904,0.0307149952281713,0.0532107590129131
0.3753578871511209,0.6246615897006408,0.7743217186373994
0.65037103402606,0.3496484428257017,0.439689928519954
0.9901447130085892,0.0098747638431723,0.0238980971115828
0.0221257036012698,0.9778937732504918,0.0515357497614085
0.9332333521609568,0.0667861246908049,0.0986113004693921
0.9078939680190096,0.0921255088327522,0.1304364762479792
0.5873439417252595,0.4126755351265022,0.5145784235436184
0.2505502210622675,0.7494692557894942,0.9599555927779834
0.6241162378513138,0.375903239000448,0.4710866135597842
0.6776581033441754,0.3223613735075862,0.4071635860779463
0.9652727733089224,0.0347467035428393,0.0586448006544222
0.7162612235358277,0.283758253315934,0.3604970492569581
0.3563874335352434,0.6436320433165184,0.7997195333346317
0.8800225931480435,0.1199968837037181,0.1643261983133046
0.8667393802465769,0.1332800966051847,0.1805114621272617
0.88646943108116,0.1135500457706016,0.1562043511286835
0.147926689129969,0.8520927877217926,0.7665504547844887
0.3376896558440294,0.6623298210077323,0.8262664822858033
0.8165864869602477,0.1834329898915139,0.2403053970356231
0.8864499542293983,0.1135695226223633,0.1562238279804452
0.7815281537892215,0.2184913230625401,0.2822195820267612
0.9518726992968856,0.048146777554876,0.0753754163177064
0.7860273065461699,0.2139921703055918,0.2768634477922989
0.3588025631536918,0.6412169136980699,0.7966032370527628
0.1215745086964143,0.8784449681553473,0.6349453674308085
0.2945289523401437,0.705490524511618,0.88867031533023
0.5983288861188477,0.4016905907329139,0.5013925949009602
0.9711742593927116,0.0288452174590499,0.0507566756909413
0.8404845840718306,0.159534892779931,0.2116159943906667
0.4846035486823909,0.5154159281693707,0.6376136961221588
0.0748300644683793,0.9251894123833824,0.3484798317200008
0.9256568568256628,0.0743626200260989,0.1080186198702841
0.6299787702315798,0.3700407066201819,0.4642891922949574
0.036168513721442,0.9638509631303196,0.1191009485226808
0.9808932084217908,0.0191262684299709,0.0380382914905634
0.7830473482266327,0.216972128625129,0.2802913737023547
0.0044991527569483,0.9955203240948132,0.0052392731238922
0.1831408371150887,0.816878639736673,0.8884950236643749
0.0543404164150906,0.945679060436671,0.2235747813723389
0.0010322731433691,0.9989872037083926,0.0010322731433691
0.2279181193151939,0.7721013575365678,0.9952866018736732
0.8186899869505093,0.1813294899012523,0.237929221120698
0.8599030052782268,0.1401164715735348,0.1886527861636445
0.9109323568938316,0.08908711995793,0.1267748281167832
0.8826909218393939,0.1173285550123678,0.1608398418479636
0.3029039985976666,0.697115478254095,0.8755623940946186
0.3425783456362113,0.6574411312155504,0.8193327230586448
0.9013107921235612,0.0987086847282005,0.1385388465808386
0.6555713534464289,0.3444481234053327,0.4334962896597394
0.1012796291607424,0.8987398476910192,0.5113842198547027
0.9311688058742184,0.0688506709775431,0.1011432911984106
0.1634497399840289,0.8365697368677327,0.8246888572931071
0.9084198430165747,0.0915996338351868,0.129715832732797
0.5669322010790175,0.4330872757727441,0.538495997506963
0.8277272461679294,0.1722922306838322,0.2272169526517733
0.7703094871744931,0.2297099896772685,0.2954443643729427
0.7442299826656019,0.2557894941861597,0.3272695401515299
0.7653428899752645,0.2346765868764972,0.3019301560095826
0.2967882671444987,0.7032312097072629,0.8850086671990339
0.1554642307617396,0.844555246090022,0.7969927740879964
0.8451395516428725,0.1548799252088892,0.2060456147868258
0.8999863662037668,0.1000331106479948,0.1400969947217731
0.7002122976842023,0.2998071791675593,0.379506456576359
0.1798882028708879,0.8201312739808737,0.8800031162962819
0.7765031260347077,0.2235163508170539,0.2882963597764057
0.5846171824786242,0.4154022943731375,0.5177531503807724
0.3151354615040025,0.6848840153477592,0.8579553201020587
0.7280057651481214,0.2720137117036402,0.3466295308026411
0.9364859864051576,0.0635334904466042,0.0943069162300605
0.8702062598601562,0.1298132169916054,0.1761291704808834
0.7206435151822059,0.2793759616695557,0.3552382992813042
0.550591122450967,0.4494283544007946,0.5577196501957423
0.8178719591765187,0.1821475176752429,0.238844633153497
0.103441559706289,0.8965779171454726,0.5249790623843562
0.7061527374715151,0.2938667393802466,0.3724947899421537
0.9751085834485712,0.0249108934031903,0.0457900784917126
0.9108154957832616,0.0892039810685,0.1269111660791149
0.8687649728297918,0.1312545040219699,0.1779015639911964
0.091346434762285,0.9086730420894766,0.4473832849658181
0.8702841672672029,0.1297353095845587,0.176031786222075
0.0533276201234832,0.9466918567282784,0.2180044017684981
0.6169292795512533,0.3830901973005083,0.4794811366690688
0.9880801667218512,0.0119393101299106,0.0273260230216387
0.7957657324270105,0.2042537444247512,0.2651968135870517
0.1311765966149231,0.8688428802368385,0.6879029273708198
0.9577352316771516,0.0422842451746099,0.0683637496835011
0.9576962779736284,0.0423231988781333,0.0684027033870245
0.7647001538671289,0.2353193229846327,0.3026897532282881
0.2248797304403716,0.77513974641139,0.9895214537522156
0.4813119607346668,0.5187075161170949,0.6416454044368268
0.6493971914379759,0.3506222854137857,0.4408390627738932
0.1237753929454842,0.8762440839062774,0.6454433905303547
0.0686559024599263,0.9313635743918351,0.3097598504177785
0.668153399684475,0.3318660771672866,0.4184017295444364
0.8905595699511131,0.1094599069006485,0.1511988002259315
0.614747872153945,0.3852716046978166,0.4819546968428023
0.8817560329548332,0.1182634438969285,0.1620474066571879
0.964065208499698,0.0359542683520635,0.0601445182400716
0.9472761622811288,0.0527433145706328,0.0807705042556921
0.9233001577624992,0.0767193190892624,0.1110959624486298
0.7126774828116783,0.2873419940400833,0.3648793409033364
0.9811464074946924,0.0188730693570691,0.0376682313070915
0.6925578949418616,0.3074615819099001,0.3890306370878211
0.8719981302222308,0.1280213466295308,0.1740451473423835
0.8588707321348578,0.1411487447169039,0.1898019204175837
0.7489433807919288,0.2510760960598329,0.3216796836959273
0.6860721033052217,0.3139473735465399,0.3969771926065871
0.1503612956001792,0.8496581812515825,0.7772042926981283
0.6816703348070818,0.3183491420446799,0.4024307110998578
0.98239292600744,0.0176265508443215,0.0357594998344467
0.4350933915041972,0.5649260853475644,0.6980114134351324
0.0562881015912587,0.9437313752605028,0.2353582766881561
0.8838595329450948,0.1161599439066669,0.1594959390764077
0.0851527959020704,0.9148666809496911,0.4094229008823014
0.08468535145979,0.9153341253919716,0.4063455583039557
0.9810879769394076,0.0189314999123541,0.0377266618623765
0.8772763570496465,0.1227431198021151,0.1675009251504586
0.6582591589895409,0.3417603178622208,0.4306331924507722
0.0242486804432931,0.9757707964084684,0.0602808562024034
0.9139512689168924,0.0860682079348694,0.1228405040609235
0.8833336579475294,0.1166858189042323,0.1600802446292581
0.825740607288238,0.1742788695635237,0.2296515591219835
0.9268254679313636,0.0731940089203981,0.1065189022846347
0.9051477319206124,0.0948717449311493,0.1339033558615585
0.9954618935395284,0.0045575833122334,0.0144128703036441
0.920203338332392,0.0798161385193697,0.1150692402080127
0.8992267689850613,0.1007927078667004,0.1409344993475254
0.8824766764700154,0.1175428003817462,0.1611125177726272
0.4225113452661512,0.5775081315856105,0.7135344642891923
0.936817092885106,0.0632023839666556,0.0938784254913035
0.9013692226788462,0.0986502541729155,0.1384804160255536
0.7475020937615644,0.2525173830901973,0.3233741697991936
0.6262002609898136,0.373819215861948,0.4687299144966207
0.7722571723506613,0.2277623045011004,0.2932434801238728
0.3969382389030637,0.603081237948698,0.746119237286485
0.9887813333852716,0.01123814346649,0.025962643398321
0.0874121107064254,0.9126073661453362,0.4233293730401418
0.7953956722435386,0.2046238046082231,0.2656642580293321
0.1258594160839841,0.8741600607677775,0.6579670062131157
0.2687416006076777,0.7312778762440839,0.9296690882885692
0.7303429873595232,0.2696764894922385,0.3440975400736225
0.1308649669867362,0.8691545098650254,0.6861694875640302
0.9005901486083789,0.0994293282433827,0.1393568743548293
0.6396198118536119,0.3603996649981497,0.4526809886449954
0.7998948250004869,0.2001246518512747,0.2603276006466314
0.9172428568646164,0.0827766199871452,0.1188282725980172
0.8706737043024365,0.1293457725493251,0.175544864928033
0.3392867576884872,0.6607327191632745,0.8240461211849717
0.3094676976413532,0.6905517792104084,0.8659603061761096
0.8928188847554681,0.1072005920962935,0.1485499483863428
0.7988820287088795,0.2011374481428821,0.2616325497146641
0.6530393627174104,0.3469801141343513,0.4365931090898467
0.6986151958397445,0.3014042810120172,0.3814930954560505
0.625012173032351,0.3750073038194106,0.4700932941199384
0.8608184173110258,0.1392010595407358,0.1875231287614669
0.4197261554642307,0.5802933213875309,0.7171376818651033
0.7877802232047212,0.2122392536470405,0.2747404709502756
0.7562472002025593,0.2437722766492024,0.3131877763278343
0.9665582455251932,0.0334612313265683,0.0568529302923475
0.3583545955631732,0.6416648812885886,0.7971680657538516
0.2469859571898798,0.7530335196618818,0.9666945834875252
0.4604717293496679,0.5395477475020938,0.6670042654305358
0.8750365190970532,0.1249829577547085,0.1703055918041408
0.9228327133202188,0.0771867635315427,0.1116997448532419
0.9159379077965838,0.0840815690551779,0.1205032818495218
0.8543131488226243,0.1457063280291373,0.1952554389108544
0.461504002493037,0.5385154743587247,0.6657382700660265
0.8908322458757766,0.109187230975985,0.1509066474495062
0.5047036597004461,0.4953158171513157,0.6135987379000059
0.2560426932590616,0.7439767835927,0.9507819955982316
0.9866973102467718,0.0133221666049899,0.0294100461601386
0.1901914574528173,0.8098280193989443,0.9075823383908224
0.1007342773114153,0.8992851995403462,0.5081315856105019
0.435171298911244,0.5648481779405177,0.6979335060280856
0.8222932045264203,0.1777262723253413,0.2338001285472216
0.9663245233040532,0.0336949535477085,0.0571645599205344
0.9153925559472568,0.0846269209045049,0.1211070642541339
0.8224879730440372,0.1775315038077245,0.2335664063260814
0.9583195372300022,0.0416999396217595,0.0676625830200806
0.6910581773562121,0.3089612994955495,0.3909198917087042
0.2802913737023547,0.7197281031494069,0.9111076485596868
0.8954482597432951,0.1045712171084665,0.1454531289562355
0.4328730304033656,0.5671464464483961,0.7007771263852911
0.9703757084704828,0.0296437683812788,0.0518084256860721
0.9608125742554974,0.0392069025962643,0.0642736108135481
0.8778801394542586,0.122139337397503,0.1667997584870381
0.5301988586564867,0.4698206181952749,0.5827668815612644
0.9742516019710574,0.0257678748807042,0.0468223516350817
0.1016886430477377,0.8983308338040239,0.5136630115108194
0.7204682235163509,0.2795512533354108,0.3554525446506826
0.8591628849112829,0.1408565919404787,0.1894318602341117
0.0106733147654013,0.9893461620863604,0.0162631712210038
0.0379993377870401,0.9620201390647216,0.1284303605165261
0.1897434898622986,0.810275986989463,0.90639425043336
0.3721052529069201,0.6279142239448415,0.7785287186179226
0.3743061371559901,0.6257133396957716,0.7757240519642405
0.0231774535964006,0.976842023255361,0.0560349025183569
0.0836920320199443,0.9163274448318174,0.4000934888884561
0.1113102078180083,0.8887092690337534,0.5750150945601153
0.8884950236643749,0.1115244531873868,0.1537697446584734
0.3802465769433029,0.6197728999084589,0.7680696492218998
0.0463549071928013,0.9536645696589604,0.1762849852949769
0.8925072551272812,0.1075122217244804,0.1489005317180531
0.339423095650819,0.6605963812009427,0.8238318758155931
0.9024988800810236,0.0975205967707379,0.1371170364022359
0.3593673918547806,0.6406520849969811,0.7958436398340573
0.8215725610112381,0.1784469158405235,0.2345792026176889
0.448181835888047,0.5518376409637146,0.6819430107317453
0.90419336618429,0.0958261106674717,0.1351303975225444
0.7928442046627583,0.2071752721890033,0.268605262645346
0.1580351751942816,0.8419843016574801,0.8061468944159866
0.7578443020470171,0.2421751748047445,0.3110647994858111
0.5222328262859591,0.4777866505658025,0.5921742009621564
0.7640574177589934,0.2359620590927682,0.3034883041505171
0.5122412013322166,0.487778275519545,0.6043861870167306
0.0108486064312564,0.9891708704205052,0.0166916619597608
0.9962993981652806,0.0037200786864811,0.0126015230898077
0.8943380791928792,0.1056813976588824,0.1467580780242681
0.9737062501217304,0.0263132267300313,0.0475235182985022
0.5638938122041953,0.4361256646475663,0.5420602613793506
0.9762577177025106,0.0237617591492511,0.0443682683131098
0.0639425043335995,0.936076972518162,0.2834076699842237
0.2124340221646573,0.7875854546871044,0.963948347389128
0.816138519369729,0.1838809574820326,0.2408312720331885
0.9877685370936642,0.0122509397580975,0.0277155600568724
0.2082464990358958,0.7917729778158659,0.954599458543521
0.4344506553960617,0.5655688214556999,0.698771010653838
0.6470210155230508,0.3529984613287108,0.4437995442416688
0.5983678398223711,0.4016516370293905,0.5013536411974369
0.8889819449584169,0.1110375318933447,0.1531464854020996
0.6811444598095164,0.3188750170422453,0.4030734472079933
0.9893461620863604,0.0106733147654013,0.0251056619208071
0.8689597413474086,0.131059735504353,0.1776094112147712
0.327444831817385,0.6725746450343767,0.8404456303683072
0.9932415324386966,0.006777944413065,0.0184251017665504
0.9713105973550435,0.0287088794967181,0.0506008608768478
0.5989716222269832,0.4010478546247784,0.5006914282375396
0.939271176207078,0.0607483006446837,0.0906452680988645
0.9980912685273552,0.0019282083244064,0.0085113842198547
0.8651228015503574,0.1348966753014042,0.1823812398963831
0.7967395750150945,0.2032799018366671,0.2640476793331126
0.6862279181193152,0.3137915587324464,0.3967824240889702
0.0367917729778158,0.963227703873946,0.1228599809126852
0.7841964824805718,0.2158229943711898,0.2789474709307987
0.9009991624953744,0.0990203143563874,0.1388894299125489
0.2524199988313889,0.7475994780203727,0.956741912237306
0.9722844399431276,0.027735036908634,0.0492569581052918
0.7096585707886177,0.2903609060631439,0.3684825584792474
0.9135422550298968,0.0864772218218647,0.1233079485032039
0.5833122334105915,0.4167072434411701,0.5193502522252303
0.0448941433106752,0.9551253335410864,0.1681826149621175
0.027189685059307,0.9728297917924548,0.0751416940965662
0.1998130222230878,0.8002064546286738,0.93327230586448
0.1286251290341429,0.8713943478176187,0.6740938394717878
0.937070291958008,0.0629491848937537,0.0935862727148783
0.4639191321114855,0.5361003447402762,0.6628167423017743
0.4747872153945036,0.5252322614572581,0.6496503905108778
0.9445104493309702,0.0555090275207915,0.0841789533139863
0.8889624681066552,0.1110570087451064,0.1531659622538612
0.8033422277623045,0.1966772490894572,0.2563543228872485
0.9158405235377752,0.0841789533139863,0.1206201429600919
0.0333248933642366,0.9666945834875252,0.1064215180258263
0.7926299592933799,0.2073895175583818,0.2688584617182478
0.9395633289835033,0.0604561478682585,0.0902946847671542
0.7581754085269657,0.241844068324796,0.3106752624505774
0.5569210992735134,0.4430983775782482,0.5503184465263035
0.5723272890170032,0.4276921878347584,0.5323023586467484
0.9989287731531076,0.0010907036986541,0.006291023119023
0.7587207603762928,0.2412987164754689,0.3099546189353953
0.6398535340747522,0.3601659427770095,0.4524277895720935
0.982529263969772,0.0174902128819897,0.0355063007615449
0.9205928753676256,0.0794266014841361,0.114504411506924
0.0195547591687279,0.9804647176830336,0.0402391757396334
0.9387063475059892,0.0613131293457725,0.0912880042069999
0.6186821962098047,0.381337280641957,0.4774944977893773
0.3827785676723214,0.6172409091794402,0.7646806770153672
0.5047426134039694,0.4952768634477923,0.6135403073447208
0.8071791675593557,0.1928403092924059,0.2517772627232534
0.1103753189334476,0.8896441579183141,0.5691915158833726
0.8742184913230625,0.1258009855286991,0.1712794343922248
0.1790117445416122,0.8210077323101493,0.8771789727908381
0.8305903433768965,0.1694291334748651,0.2237890267417174
0.9009796856436124,0.0990397912081491,0.1389283836160723
0.0282219582026761,0.9717975186490856,0.0815301014743976
0.5487408215336073,0.4512786553181543,0.5600568724071441
0.8625908108213388,0.1374286660304228,0.1854585824747288
0.2141869388232086,0.785832538028553,0.9679605788520343
0.4830259236896948,0.5169935531620669,0.6395029507430419
0.927779833667686,0.0722396431840757,0.1053308143271721
0.8932668523459868,0.1067526245057748,0.1480825039440624
0.2990086282453304,0.7010108486064313,0.8815028338819313
0.7620902557310636,0.237929221120698,0.3056891883995871
0.8936369125294588,0.1063825643223029,0.1476540132053055
0.3855442806224802,0.6144751962292815,0.761213797401788
0.8938706347505989,0.1061488421011627,0.1473229067253569
0.1698381473618604,0.8301813294899012,0.8475352044095592
0.7080225152406365,0.2919969616111252,0.3703133825448454
0.8179303897318038,0.1820890871199579,0.2387667257464503
0.8753091950217167,0.124710281830045,0.1699550084724305
0.9882554583877062,0.0117640184640554,0.0269364859864051
0.1244376059053814,0.8755818709463802,0.6496503905108778
0.9707457686539548,0.0292737081978069,0.05132150439203
0.8220010517499952,0.1780184251017665,0.2341312350271702
0.7362249965915509,0.2637944802602107,0.3367742438112303
0.9037843522972948,0.096235124554467,0.1356173188165864
0.1256646475663673,0.8743548292853943,0.657032117328555
0.6884288023683852,0.3115906744833765,0.3941530491011433
0.9701030325458192,0.0299164443059423,0.0521005784624973
0.8917087042050523,0.1083107726467093,0.1499328048614222
0.2345597257659272,0.7654597510858345,0.9912743704107668
0.4734238357711859,0.5265956410805758,0.6512474923553356
0.1127709717001343,0.8872485051516273,0.5819293769355122
0.969148666809497,0.0308708100422647,0.0533860506787682
0.5277058216309916,0.4723136552207701,0.5856105019184699
0.6352569970589954,0.3647624797927662,0.4578423543618409
0.8180082971388505,0.1820111797129112,0.2386888183394036
0.9683306390355064,0.0316888378162553,0.0544767543774224
0.9355510975205968,0.0644683793311649,0.0955144810392848
0.9813216991605476,0.0186977776912139,0.0374734627894747
0.4879340903336385,0.5120853865181232,0.6334846035486824
0.0095826110667471,0.9904368657850146,0.0138285647507936
0.7354069688175603,0.2646125080342013,0.3378065169545994
0.6882729875542917,0.3117464892974699,0.3943867713222834
0.3554525446506826,0.644566932201079,0.8010829129579494
0.4100461601386752,0.5899733167130865,0.7295833901408176
0.0677989209824124,0.9322205558693492,0.306059248583059
0.0212297684202325,0.9787897084315292,0.0475040414467405
0.9305065929143214,0.0695128839374403,0.1020197495276863
0.9670451668192354,0.0329743100325263,0.0561712404806887
0.73934129287342,0.2606781839783417,0.3329762577177025
0.9474709307987456,0.0525485460530159,0.0805562588863136
0.6041719416473521,0.3958475352044096,0.4945951736361335
0.016613754552714,0.9834057222990475,0.030792902635218
0.4731316829947607,0.5268877938570009,0.651598075687046
0.9515610696686988,0.0484584071830629,0.0757844302047017
0.1214381707340825,0.8785813061176792,0.6337962331768693
0.8377578248251952,0.1622616520265664,0.2149660128936758
0.8764583292756559,0.1235611475761058,0.1685331982938278
0.9302533938414196,0.0697660830103422,0.1024092865629199
0.8014529731414214,0.1985665037103402,0.2585746839880801
0.6532730849385505,0.3467463919132111,0.4363593868687065
0.1957813139084198,0.8042381629433418,0.9230859123931208
0.0401223146290633,0.9598971622226984,0.1405644391640535
0.9081471670919112,0.0918723097598504,0.1300469392127456
0.9197748475936348,0.0802446292581267,0.1155561615020548
0.9731414214206416,0.0268780554311201,0.0481857312583993
0.012036694388719,0.9879827824630428,0.0193015600958261
0.0310655785598815,0.96895389829188,0.0955144810392848
0.090060962546014,0.9099585143057476,0.4399041738893325
0.1909900083750462,0.8090294684767154,0.9098611300469392
0.5320102058703231,0.4680092709814386,0.5803712287945777
0.3724947899421537,0.6275246869096079,0.7780612741756423
0.8970843152912763,0.1029351615604853,0.1434859669283057
0.7751202695596284,0.2248992072921333,0.2898350310655785
0.20945406384512,0.7905654130066416,0.9576183705665816
0.6080088814444033,0.3920105954073583,0.4900375903239
0.6515006914282375,0.3485187854235241,0.4384044563036831
0.9096663615293225,0.0903531153224392,0.1282940225541943
0.4375085211226457,0.5625109557291159,0.6951093625226419
0.9895993611592622,0.0104201156924994,0.0246966480338118
0.7052178485869544,0.2948016282648072,0.3735660167890462
0.9455232456225776,0.0544962312291841,0.0829908653565237
0.2492452719942348,0.7507742048575269,0.9624096760999552
0.9079329217225328,0.0920865551292289,0.1303780456926942
0.9599361159262216,0.04008336092554,0.0655785598815807
0.249478994215375,0.7505404826363866,0.9618448473988664
0.0106343610618779,0.9893851157898838,0.0161073564069103
0.542527705821631,0.4574917710301306,0.5676138908906764
0.268176771906589,0.7318427049451727,0.930526069766083
0.6839101727596751,0.3161093040920865,0.3996649981496991
0.8784254913035857,0.1215939855481759,0.1660791149718559
0.3423835771185946,0.6576358997331672,0.819566445279785
0.8370566581617748,0.1629628186899869,0.2158424712229515
0.5745281732660733,0.4254913035856884,0.5296145531036364
0.0034279259100558,0.9965915509417058,0.003603217575911
0.6237072239643184,0.3763122528874433,0.4715345811503029
0.2050912490505034,0.7949282278012582,0.9464776113589
0.4317044192976647,0.568315057554097,0.7021599828603704
0.9707457686539548,0.0292737081978069,0.0513409812437917
0.8682196209804647,0.1317998558712969,0.1786416843581403
0.5179673957501509,0.4820520811016107,0.5973939972342871
0.4279648637594219,0.5720546130923397,0.7068149504314123
0.982100773231015,0.0179187036207467,0.0362464211284887
0.9231832966519292,0.0768361801998325,0.1112712541144849
0.6856825662699881,0.3143369105817735,0.3974641139006291
0.4478312525563367,0.5521882242954249,0.6824104551740257
0.9112050328184952,0.0888144440332664,0.1264437216368346
0.0683637496835011,0.9316557271682604,0.308318563387414
0.5873439417252595,0.4126755351265022,0.5145784235436184
0.9122762596653876,0.087743217186374,0.1249245271994234
0.8216894221218082,0.1783300547299534,0.2344428646553571
0.5350875484486688,0.4649319284030929,0.5765927195528114
0.2580488089905148,0.7419706678612469,0.9475877919093156
0.6170850943653468,0.3829343824864148,0.4793253218549753
0.636503515571743,0.3635159612800187,0.4564205441832382
0.8845022690532303,0.1155172077985314,0.1587363418577021
0.2071168416337183,0.7929026352180434,0.9516584539275073
0.9036285374832012,0.0963909393685604,0.1357926104824416
0.2681378182030656,0.731881658648696,0.930584500321368
0.8413415655493446,0.158677911302417,0.2106031980990592
0.9315778197612138,0.0684416570905478,0.1006563699043686
0.2807393412928734,0.7192801355588883,0.910425958748028
0.1734803186412948,0.8265391582104669,0.8592407923183296
0.7727246167929416,0.2272948600588201,0.2927370819780691
0.0413298794382875,0.958689597413474,0.147868258574684
0.9329996299398166,0.0670198469119451,0.0989618838011024
0.4259977017314921,0.5740217751202695,0.7092300800498608
0.7592271585220964,0.2407923183296652,0.3093313596790215
0.2883547903316907,0.7116646865200709,0.8983113569522623
0.486434372747989,0.5135851041037727,0.6351985665037103
0.4969323958475352,0.5030870810042265,0.6229476267456129
0.8357127553902187,0.1643067214615429,0.2175369573262177
0.0297995831953723,0.9702198936563894,0.0899441014354439
0.1179712911205032,0.8820481857312584,0.6110083166157022
0.0279103285744892,0.9721091482772724,0.0796992774087996
0.2639697719260658,0.7360497049256958,0.9374793058450032
0.0050834583097988,0.9949360185419628,0.0061352083049295
0.5103324698595719,0.4896870069921897,0.606742886079894
0.3609839705510001,0.6390355063007616,0.7935843250297022
0.2681378182030656,0.731881658648696,0.9306039771731296
0.0772841477903511,0.9227353290614104,0.3635354381317803
0.001830824065598,0.9981886527861636,0.001830824065598
0.7387375104688079,0.2612819663829538,0.333677424381123
0.1898603509728687,0.8101591258788929,0.9066669263580236
0.5642638723876673,0.4357556044640944,0.5415928169370703
0.6817871959176519,0.3182322809341098,0.4023138499892877
0.911711430964299,0.0883080458874627,0.1257815086769374
0.7538515474358725,0.2461679294158892,0.3159534892779931
0.8805484681456089,0.1194710087061527,0.1636055547981224
0.8201117971291121,0.1799076797226496,0.2362152581656701
0.5946867148394134,0.4053327620123483,0.5056385485850067
0.8743743061371559,0.1256451707146056,0.1711236195781313
0.9524959585532594,0.0475235182985022,0.0745768653954774
0.8108992462458369,0.1891202306059248,0.2473560173733517
0.7140019087314726,0.286017568120289,0.3632238085035935
0.481545682955807,0.5184737938959546,0.6413727285121633
0.9356874354829284,0.0643320413688331,0.095319712521668
0.1174454161229378,0.8825740607288238,0.6086321407007771
0.7159495939076408,0.2840698829441209,0.3609060631439534
0.8136454823442338,0.1863739945075278,0.2439280914632958
0.7180336170461407,0.281985859805621,0.3583545955631732
0.1762070778879302,0.8238123989638315,0.868258574683988
0.7654402742340728,0.2345792026176889,0.3017938180472508
0.87534814872524,0.1246713281265216,0.1699160547689071
0.4464483960812574,0.5535710807705042,0.6839880801667219
0.6818651033246986,0.3181543735270631,0.402235942582241
0.9550474261340396,0.0449720507177219,0.0713826617065617
0.2430711099857819,0.7569483668659798,0.9745437547474828
0.1243012679430496,0.875718208908712,0.6486181173675087
0.6800927098143856,0.3199267670373761,0.4042615351654559
0.0005258749975653,0.9994936018541964,0.0005258749975653
0.7268761077459439,0.2731433691058177,0.347856572463627
0.8011802972167579,0.1988391796350038,0.2589057904680287
0.7135344642891923,0.2864850125625693,0.3637886372046822
0.7720039732777594,0.2280155035740023,0.2935551097520597
0.9012328847165144,0.0987865921352472,0.1386167539878854
0.7968174824221412,0.2032019944296204,0.2639697719260658
0.9810879769394076,0.0189314999123541,0.0377266618623765
0.3010147439767835,0.6990047328749781,0.8784644450071091
0.8040628712774867,0.1959566055742749,0.2555362951132578
0.966149231638198,0.0338702452135636,0.0574372358451979
0.8250199637730558,0.1749995130787059,0.2305474943030208
0.0338897220653253,0.9661297547864364,0.1089729856066065
0.6523187192022282,0.3477007576495335,0.437430613715599
0.857448921956255,0.1425705548955066,0.1914574528173266
0.7857546306215063,0.2142648462302553,0.2771945542722474
0.6518902284634711,0.3481292483882905,0.4379759655649261
0.7752760843737219,0.2247433924780398,0.2896597393997234
0.4577839238065559,0.5422355530452058,0.6701400385641665
0.9032779541514908,0.0967415227002707,0.1362016243694369
0.5711392010595407,0.4288802757922209,0.533665738270066
0.0230995461893539,0.9769199306624076,0.0557037960384083
0.6774828116783204,0.3225366651734414,0.4073778314473248
0.7969148666809497,0.203104610170812,0.2638723876672574
0.9898720370839258,0.0101474397678359,0.0243460647021015
0.4499931831018834,0.5500262937498782,0.6796642190756286
0.9861130046939212,0.0139064721578404,0.0303449350446993
0.9460685974719046,0.053950879379857,0.0822702218413415
0.9388816391718444,0.0611378376799174,0.0910932356893831
0.9245466762752468,0.0754728005765148,0.1094988606041719
0.0154840971505365,0.9845353797012252,0.027735036908634
0.8070623064487856,0.192957170402976,0.2519330775373468
0.9568392964961144,0.0431801803556473,0.0694349765303936
0.8783670607483006,0.121652416103461,0.1661570223789026
0.0146465925247842,0.9853728843269772,0.0256315369183725
0.8710048107823851,0.1290146660693765,0.1751553278927994
0.501217303235105,0.4988021736166566,0.6177278304734822
0.3456167345110336,0.654402742340728,0.8150867693745983
0.965662310344156,0.0343571665076057,0.0581189256568568
0.9317336345753072,0.0682858422764544,0.1004616013867518
0.97775743528816,0.0222620415636016,0.04240110628518
0.8362581072395457,0.1637613696122158,0.2168357906627972
0.9649806205324972,0.0350388563192645,0.0590343376896558
0.9893461620863604,0.0106733147654013,0.0250861850690454
0.246362697933506,0.7536567789182557,0.9677073797791323
0.3192256003739555,0.6807938764778061,0.8522680793876478
0.7950061352083049,0.2050133416434567,0.2660927487680891
0.320296827220848,0.6797226496309137,0.850729408098475
0.3981068500087645,0.6019126268429971,0.7446389965525972
0.9640457316479364,0.0359737452038252,0.0601639950918333
0.4226671600802446,0.5773523167715171,0.7133591726233371
0.6878055431120114,0.3122139337397503,0.3948931694680871
0.0025125138772568,0.9975069629745048,0.0025319907290185
0.702315797674464,0.2977036791772978,0.3770134195508638
0.97972459731609,0.0202948795356718,0.0397327775938297
0.7453985937713028,0.2546208830804589,0.3258866836764505
0.5993611592622169,0.4006583175895448,0.5002239837952593
0.9240013244259198,0.0760181524258418,0.1102779346746391
0.9885865648676548,0.0114329119841068,0.026391134137078
0.9851196852540756,0.0148997915976861,0.0318641294821105
0.8735562783631654,0.1264631984885963,0.1720779853144537
0.0961572171474202,0.9038622597043414,0.4773776366788072
0.9516779307792688,0.0483415460724928,0.0756480922423699
0.1277291938531055,0.8722902829986561,0.6688935200514189
0.2306838322653526,0.769335644586409,0.999513078705958
0.4907387569873205,0.5092807198644411,0.6301735387491966
0.9877685370936642,0.0122509397580975,0.0277155600568724
0.9468866252458952,0.0531328516058664,0.0811989949944491
0.825740607288238,0.1742788695635237,0.2296515591219835
0.7302456031007148,0.2697738737510469,0.3442144011841926
0.9783806945445338,0.0216387823072278,0.0415246479559044
0.7570652279765498,0.2429542488752118,0.3121165494809419
0.730966246615897,0.2690532302358647,0.3432989891513935
0.8971427458465614,0.1028767310052003,0.1434080595212589
0.3340085308610716,0.6660109459906901,0.8314668017061723
0.913970745768654,0.0860487310831077,0.1228210272091619
0.0704867265255244,0.9295327503262372,0.32066688740432
0.7358159827045556,0.264203494147206,0.3373195956605574
0.9240013244259198,0.0760181524258418,0.1102779346746391
0.4467015951541593,0.5533178816976024,0.6837154042420583
0.550104201156925,0.4499152756948367,0.5583623863038778
0.9956177083536216,0.0044017684981399,0.0140622869719338
0.4554272247433925,0.5445922521083693,0.6729836589213719
0.3166157022378902,0.6834037746138714,0.8557349590012271
0.0463354303410396,0.953684046510722,0.1761291704808834
0.8464250238591434,0.1535944529926182,0.2046627583117465
0.9324542780904894,0.0675651987612722,0.0996435736127612
0.0147439767835927,0.985275500068169,0.025962643398321
0.9845938102565102,0.0154256665952515,0.0326042498490544
0.8277661998714527,0.1722532769803089,0.22717799894825
0.1236390549831525,0.8763804218686092,0.6450928071986444
0.8951366301151082,0.1048828467366534,0.1457842354361841
0.0774010089009212,0.9226184679508403,0.364411896461056
0.9096663615293225,0.0903531153224392,0.1282940225541943
0.923008004986074,0.0770114718656876,0.11144654578034
0.9222289309156068,0.0777905459361548,0.1124593420719475
0.8824766764700154,0.1175428003817462,0.1610930409208655
0.0104785462477845,0.9895409306039772,0.0158931110375318
0.9977796388991684,0.0022398379525933,0.0095047036597004
0.722474339247804,0.2775451376039577,0.3529789844769491
0.9137565003992756,0.0862629764524862,0.123054749430302
0.6543248349336813,0.3456946419180803,0.4350739146524355
0.197417369456401,0.8026021073953606,0.9270981438560272
0.0094267962526537,0.990592680599108,0.0135558888261301
0.6944666264145064,0.3055528504372553,0.386654461172896
0.6861694875640302,0.3138499892877315,0.3968798083477786
0.9801725649066084,0.0198469119451531,0.0390900414856942
0.7470930798745691,0.2529263969771926,0.323841614241474
0.8768868200144129,0.1231326568373488,0.167968369592739
0.0063104999707847,0.9937089768809768,0.0079660323705276
0.7953372416882535,0.2046822351635081,0.2657421654363788
0.635159612800187,0.3648598640515747,0.458017646027696
0.9748553843756697,0.0251640924760921,0.0460822312681378
0.9095884541222756,0.090431022729486,0.1284108836647644
0.1240675457219095,0.8759519311298521,0.6475663673723779
0.8294217322711956,0.170597744580566,0.2251524063650351
0.3526868317005239,0.6473326451512378,0.804958806458524
0.9501003057865728,0.049919171065189,0.0774789163079679
0.7924157139240013,0.2076037629277603,0.2691116607911497
0.5622382798044524,0.4377811970473093,0.5440663771108039
0.1513351381882632,0.8486843386634985,0.781372338975128
0.0158541573340085,0.9841653195177532,0.0288257406072882
0.3952437527997974,0.6047757240519642,0.7484564594978868
0.7684397094053718,0.2315797674463899,0.2979568782501996
0.970239370508151,0.0297801063436106,0.0519642405001655
0.9527491576261612,0.0472703192256003,0.0741873283602438
0.7723740334612313,0.2276454433905303,0.2931266190133026
0.9330970141986248,0.0669224626531367,0.0988255458387706
0.4072220166332314,0.5927974602185303,0.7329918391991118
0.8120678573515377,0.187951619500224,0.2460315914535574
0.8306098202286583,0.1694096566231034,0.2237500730381941
0.8848723292367022,0.1151471476150595,0.158190990008375
0.4731316829947607,0.5268877938570009,0.651598075687046
0.8902479403229262,0.1097715365288354,0.1515688604094034
0.7753150380772452,0.2247044387745164,0.2895818319926767
0.3561731881658648,0.6438462886858968,0.8000506398145804
0.8148530471534581,0.1851664296983035,0.242389420174123
0.9803089028689402,0.0197105739828214,0.0389147498198391
0.5974134740860487,0.4026060027657129,0.502444344896091
0.174259392711762,0.8257600841399996,0.861539060826208
0.800011686111057,0.2000077907407046,0.2601523089807763
0.0140428101201721,0.9859766667315896,0.0238786202598212
0.9536256159554368,0.0463938608963247,0.073077147809828
0.127398087373157,0.8726213894786047,0.6663030987671152
0.9395828058352648,0.0604366710164968,0.0902557310636308
0.2664822858033227,0.733537191048439,0.9333502132715268
0.2007089574041252,0.7993105194476365,0.9357069123346902
0.9247414447928636,0.075278032058898,0.10924566153127
0.374559336228892,0.6254601406228697,0.7754513760395769
0.6848255847924741,0.3151938920592875,0.3984574333404748
0.999629939816528,0.0003895370352336,0.0042654305358081
0.7165144226087296,0.2835050542430321,0.3601659427770095
0.6365424692752664,0.3634770075764953,0.4563231599244298
0.6068013166351791,0.3932181602165825,0.4914983542060261
0.9861714352492064,0.0138480416025553,0.0302865044894143
0.8372903803829149,0.1627290964688467,0.2155503184465263
0.9700835556940576,0.029935921157704,0.052120055314259
0.2884911282940225,0.7115283485577392,0.8980971115828837
0.9135033013263736,0.086516175525388,0.1233858559102506
0.5902654694895118,0.40975400736225,0.5109752059677074
0.7867479500613521,0.2132715267904096,0.2760648968700699
0.8451395516428725,0.1548799252088892,0.2060456147868258
0.8791461348187679,0.1208733420329937,0.165280564049627
0.0702724811561459,0.9297469956956158,0.3192256003739555
0.9707457686539548,0.0292737081978069,0.0513020275402683
0.6276999785754631,0.3723194982762986,0.4670354283933545
0.9787118010244824,0.0213076758272792,0.0410766803653857
0.527316284595758,0.4727031922560037,0.5861363769160353
0.3837134565568821,0.6163060202948796,0.7634341585026196
0.9521064215180258,0.0479130553337358,0.0750443098377578
0.9709989677268568,0.029020509124905,0.0509709210603198
0.9358627271487836,0.064156749702978,0.0951249440040511
0.6752624505774887,0.324757026274273,0.4099682527316284
0.6902985801375066,0.3097208967142551,0.3919132111485499
0.3902966324523304,0.6097228443994313,0.7550396353933351
0.4834349375766901,0.5165845392750715,0.6389965525972382
0.7358744132598407,0.264145063591921,0.3372611651052724
0.9296690882885692,0.0703503885631926,0.1031883606333872
0.9149056346532146,0.085113842198547,0.1216718929552227
0.7161638392770192,0.2838556375747424,0.3606333872192899
0.8778217088989736,0.1221977679527881,0.1668776658940848
0.0382914905634653,0.9617279862882964,0.1303390919891708
0.0775568237150147,0.922462653136747,0.3648598640515747
0.0572424673275811,0.9427770095241804,0.2422725590635529
0.543073057670958,0.4569464191808036,0.5670101084860643
0.7751981769666751,0.2248212998850865,0.2897376468067701
0.9649611436807356,0.0350583331710262,0.0590732913931792
0.8432892507255128,0.1567302261262489,0.2083244064429425
0.971407981613852,0.0286114952379097,0.0504645229145161
0.6744638996552598,0.3255555771965019,0.4109031416161892
0.0176460276960832,0.9823734491556784,0.0339871063241337
0.0181719026936485,0.9818475741581132,0.0358179303897318
0.7581948853787274,0.2418245914730343,0.3106363087470541
0.8762830376098008,0.1237364392419609,0.1687279668114445
0.9214693336969012,0.0785501431548604,0.1133747541047465
0.9879243519077576,0.012095124944004,0.0275013146874939
0.8557739127047505,0.1442455641470112,0.1936193833628732
0.9655259723818242,0.0344935044699374,0.0582942173227119
0.9779911575093002,0.0220283193424614,0.0420894766569931
0.4050406092359231,0.5949788676158386,0.7356796447422239
0.8888650838478468,0.1111543930039148,0.1532633465126696
0.8944549403034493,0.1055645365483123,0.146641216913698
0.7752955612254835,0.2247239156262781,0.2896402625479617
0.8491907368093021,0.1508287400424595,0.2015464620298775
0.6740159320647411,0.3260035447870206,0.4114484934655162
0.983503106557856,0.0165163702939056,0.0342208285452739
0.0010127962916074,0.9990066805601544,0.0010127962916074
0.8432892507255128,0.1567302261262489,0.2083244064429425
0.8243577508131585,0.1756617260386031,0.2313460452252498
0.0223399489706483,0.9776795278811132,0.0528212219776795
0.9312077595777418,0.0688117172740198,0.1010848606431256
0.0892624116237851,0.9107570652279764,0.4345090859513468
0.6647839043297041,0.3352355725220575,0.4225502989696745
0.6656798395107415,0.3343396373410202,0.421420641567497
0.9457569678437178,0.0542625090080439,0.0827376662836219
0.5756967843717742,0.4243226924799875,0.5281537892215102
0.8894493894006973,0.1105700874510644,0.1526206104045342
0.2644372163683462,0.7355822604834155,0.9367781391815828
0.9445494030344936,0.0554700738172681,0.0841010459069396
0.8665446117289601,0.1334748651228015,0.1807062306448785
0.736770348440878,0.2632491284108836,0.3361315077030948
0.0147439767835927,0.985275500068169,0.025962643398321
0.9135422550298968,0.0864772218218647,0.1233079485032039
0.7520986307773212,0.2479208460744405,0.3180180355647313
0.909997468009271,0.0900220088424907,0.1279044855189607
0.9173402411234248,0.0826792357283368,0.1187308883392088
0.5066513448766141,0.4933681319751475,0.6113783767991742
0.9279940790370644,0.0720253978146972,0.1050776152542703
0.0143933934518824,0.9856260833998792,0.0249498471067136
0.0304617961552694,0.9695576806964922,0.0929045829032195
0.954911088171708,0.0451083886800537,0.0715189996688935
0.6161307286290244,0.3838887482227373,0.4803186412948211
0.8579553201020587,0.142064156749703,0.1908926241162378
0.9873400463549072,0.0126794304968544,0.0282803887579611
0.9268838984866486,0.073135578365113,0.1064409948775879
0.5627057242467327,0.4373137526050289,0.5434625947061917
0.7318427049451727,0.268176771906589,0.342169331749216
0.6533120386420739,0.3467074382096878,0.4363204331651831
0.539898330833804,0.4601211460179576,0.5706912334690221
0.9669477825604268,0.0330716942913347,0.0562881015912587
0.0529186062364879,0.9471008706152736,0.2158814249264748
0.9249167364587187,0.0751027403930428,0.1089340319030831
0.917262333716378,0.0827571431353836,0.1188087957462555
0.8186899869505093,0.1813294899012523,0.237929221120698
0.0409598192548156,0.959059657596946,0.1459400502502775
0.1682410455174025,0.8317784313343591,0.8421206396198119
0.8766920514967961,0.1233274253549656,0.1682020918138792
0.046004323861091,0.9540151529906706,0.1739282862318135
0.8874432736692441,0.1125762031825175,0.1549967863194593
0.5305689188399587,0.4694505580118029,0.5822994371189841
0.5769433028845218,0.4230761739672399,0.5266540716358608
0.6693414876419376,0.3306779892098241,0.4168825351070253
0.918119315193892,0.0819001616578696,0.1176012309370313
0.2242175174804744,0.7758019593712873,0.9881970278324212
0.0964104162203221,0.9036090606314396,0.4793058450032136
0.9461270280271896,0.053892448824572,0.0822117912860565
0.0084724305163313,0.9915470463354304,0.0118224490193405
0.7416200845295366,0.258399392322225,0.3302689753228288
0.6836180199832499,0.3164014568685118,0.4000740120366944
0.8827493523946789,0.1172701244570827,0.1607424575891552
0.6214479091599634,0.3785715676917983,0.4742029098416532
0.7117036402235942,0.2883158366281674,0.3661648131196073
0.8957209356679586,0.104298541183803,0.1450441150692402
0.843269773873751,0.1567497029780106,0.2083438832947042
0.965896032565296,0.0341234442864655,0.0578072960286699
0.9244298151646768,0.0755896616870849,0.109674152270027
0.992735134292893,0.0072843425588687,0.0193210369475877
0.9571898798278248,0.042829597023937,0.0689480552363516
0.6760804783514792,0.3239389985002824,0.408955456440021
0.8643242506281285,0.1356952262236332,0.1833550824844672
0.9985781898213972,0.0014412870303644,0.0072843425588687
0.5734374695674191,0.4265820072843425,0.5309000253199073
0.9087509494965234,0.0912685273552383,0.1293262956975634
0.0350583331710262,0.9649611436807356,0.1142512124340221
0.98436008803537,0.0156593888163917,0.0328574489219562
0.8265391582104669,0.1734803186412948,0.228580332275091
0.2388641100052587,0.761155366846503,0.982646125080342
0.4734627894747093,0.5265566873770524,0.6511695849482889
0.3107726467093858,0.6892468301423758,0.8641879126657968
0.0770114718656876,0.923008004986074,0.3620357205461309
0.51007927078667,0.4899402060650916,0.6070934694116044
0.4865707107103207,0.5134487661414409,0.6350232748378553
0.9177492550104202,0.0822702218413415,0.1181855364898817
0.0076738795941024,0.9923455972576593,0.0102448240266443
0.8932863291977485,0.1067331476540132,0.1480435502405391
0.2050133416434567,0.7950061352083049,0.9463023196930448
0.8790877042634828,0.1209317725882788,0.1653584714566737
0.1231131799855871,0.8769062968661746,0.6420933720273455
0.2520694154996786,0.7479500613520831,0.9572677872348714
0.8878522875562395,0.1121671892955222,0.1544903881736556
0.9696161112517772,0.0304033655999844,0.0527043608671094
0.8271234637633172,0.1728960130884443,0.2278986424634322
0.0766024579786923,0.9234170188730694,0.3596984983347291
0.8357127553902187,0.1643067214615429,0.2175369573262177
0.8221568665640886,0.1778626102876731,0.2339559433613151
0.4865901875620824,0.5134292892896792,0.6350037979860935
0.5808581500886196,0.419161326763142,0.5221549188789124
0.9195606022242564,0.0804588746275052,0.1158288374267183
0.0364996202013906,0.963519856650371,0.1210875874023722
0.9873790000584306,0.0126404767933311,0.0282414350544378
0.4411506924020801,0.5588687844496816,0.6905517792104084
0.673042089476657,0.3269773873751047,0.4125781508676937
0.874861227431198,0.1251582494205636,0.1704808834699959
0.3562705724246732,0.6437489044270884,0.7998558712969636
0.8285257970901584,0.1714936797616033,0.2262431100636893
0.7953177648364919,0.2047017120152698,0.2657616422881405
0.6834427283173947,0.3165767485343669,0.4003077342578345
0.7670958066338157,0.2329236702179459,0.2997487486122743
0.0140038564166488,0.9860156204351128,0.0238396665562978
0.8012192509202812,0.1988002259314804,0.258827883060982
0.1860039343240558,0.8140155425277058,0.8962857643690474
0.901018639347136,0.0990008375046257,0.1388504762090255
0.2094345869933584,0.7905848898584033,0.95759889371482
0.984730148218842,0.0152893286329197,0.0323705276279142
0.8670899635782872,0.1329295132734744,0.1800440176849814
0.8930915606801316,0.10692791617163,0.1482772724616793
0.7656545196034513,0.2343649572483103,0.3015211421225873
0.9874763843172388,0.0125430925345227,0.0280661433885826
0.5355160391874257,0.4645034376643359,0.576066844555246
0.2408507488849502,0.7591687279668115,0.9788870926903376
0.0399859766667315,0.96003350018503,0.1396490271312545
0.8680443293146096,0.1319751475371521,0.1788169760239955
0.132773698459381,0.8672457783923807,0.6963753578871511
0.3316323549461465,0.6683871219056152,0.8344272831739478
0.480143349628966,0.5198761272227957,0.6432425062812847
0.8719007459634225,0.1281187308883392,0.1741620084529536
0.6841244181290537,0.315895058722708,0.3993923222250355
0.0831466801706172,0.9168727966811444,0.3974835907523907
0.7393023391698966,0.2607171376818651,0.3330152114212258
0.893500574567127,0.1065189022846347,0.1478293048711606
0.9537035233624837,0.0463159534892779,0.0729797635510196
0.0516526108719786,0.948366865979783,0.2086555129228911
0.6957520986307774,0.3042673782209844,0.3851157898837232
0.9329801530880548,0.0670393237637068,0.098981360652864
0.8980386810275987,0.1019807958241629,0.1423173558226048
0.1095183374559336,0.8905011393958281,0.5634068909101533
0.9670451668192354,0.0329743100325263,0.0561712404806887
0.9228132364684573,0.0772062403833044,0.1117386985567652
0.6911166079114972,0.3089028689402645,0.3908225074498958
0.9460685974719046,0.053950879379857,0.0822702218413415
0.5868764972829792,0.4131429795687825,0.5151042985411838
0.9722065325360808,0.0278129443156808,0.0493738192158619
0.9447831252556336,0.055236351596128,0.0837894162787527
0.3084549013497458,0.6915645755020159,0.8673821163547124
0.9137565003992756,0.0862629764524862,0.1230352725785404
0.98876185653351,0.0112576203182517,0.0260795045088911
0.8070038758935005,0.1930156009582611,0.2520109849443936
0.93327230586448,0.0667471709872816,0.0985723467658687
0.3702549519895604,0.6297645248622012,0.7809828019398944
0.641509066474495,0.3585104103772666,0.450382720137117
0.7497029780106343,0.2503164988411273,0.32078374851489
0.1425121243402216,0.8575073525115401,0.743801491926845
0.5725025806828584,0.4275168961689032,0.5320881132773698
0.7688682001441287,0.2311512767076329,0.2973530958455875
0.7433535243363263,0.2566659525154354,0.3282628595913756
0.0897493329178271,0.9102701439339346,0.437430613715599
0.5742944510449332,0.4257250258068286,0.5298872290282999
0.9156457550201584,0.0843737218316031,0.1208149114777087
0.5187854235241416,0.4812340533276201,0.596420154646203
0.8919424264261925,0.1080770504255692,0.1496211752332353
0.7008939874958612,0.2991254893559005,0.37870790565413
0.6171045712171085,0.3829149056346532,0.4793058450032136
0.9989092963013458,0.0011101805504158,0.0064663147848781
0.6805212005531426,0.3194982762986191,0.4037746138714138
0.9670451668192354,0.0329743100325263,0.0561712404806887
0.662349297859494,0.3376701789922677,0.4254133961786417
0.9833083380402392,0.0167111388115225,0.0345129813216991
0.8497360886586293,0.1502833881931324,0.2008063416629336
0.0257289211771809,0.9742905556745808,0.066902985801375
0.1239312077595777,0.876088269092184,0.6465925247842939
0.7628303760980075,0.2371891007537541,0.3047932532185498
0.0259431665465594,0.9740763103052024,0.0676041524647955
0.6259665387686735,0.3740529380830882,0.4689831135695226
0.520713631848548,0.4793058450032136,0.5939660713242312
0.8387316674132793,0.1612878094384823,0.2137194943809282
0.660460043238611,0.3395594336131508,0.4278285257970901
0.188925462088308,0.8110940147634537,0.9046413337748086
0.955027949282278,0.0449915275694836,0.0714021385583234
0.8589486395419045,0.1410708373098572,0.1897240130105369
0.7613111816605964,0.2387082951911653,0.3065851235806244
0.6452291451609762,0.3547903316907855,0.445864090528407
0.0612546987904875,0.9387647780612742,0.2668133922832713
0.2097656934733069,0.7902537833784548,0.9583584909335257
0.328730304033656,0.6712891728181056,0.8384979451921392
0.7134176031786222,0.2866018736731395,0.363924975167014
0.9561965603879788,0.0438229164637827,0.0701556200455758
0.5811503028650449,0.4188691739867168,0.5218238123989638
0.5756578306682508,0.4243616461835109,0.5281927429250336
0.2553804802991644,0.7446389965525972,0.9518337455933624
0.6268624739497107,0.3731570029020509,0.4679703172779152
0.1942231657674853,0.8057963110842763,0.9191321114854994
0.8176771906589019,0.1823422861928597,0.2390783553746372
0.2667939154315096,0.7332255614202521,0.932902245681008
0.1502833881931324,0.8497360886586293,0.7767758019593712
0.8477884034824611,0.1522310733693005,0.2031435638743353
0.9826266482285804,0.0173928286231813,0.0354089165027365
0.8930915606801316,0.10692791617163,0.1482772724616793
0.979218199170286,0.0208012776814755,0.0403755137019652
0.6765284459419979,0.3234910309097637,0.4084490582942173
0.315408137428666,0.6846113394230956,0.8574294451044933
0.7331866077167287,0.266832869135033,0.3405527530529965
0.8520148803147459,0.1480045965370157,0.1981964435268683
0.3615682761038505,0.6384512007479111,0.7927857741074733
0.066474495062618,0.9335449817891436,0.2982879847301482
0.9925793194787994,0.0074401573729622,0.0194963286134429
0.9076407689461076,0.0923787079056541,0.1307870595796895
0.6518123210564244,0.3482071557953372,0.4380538729719728
0.9327659077186764,0.0672535691330853,0.0992345597257659
0.3960812574255497,0.603938219426212,0.7473657557992326
0.8098085425471827,0.190210934304579,0.2486999201449077
0.7998558712969636,0.2001636055547981,0.2603860312019165
0.9304092086555128,0.0696102681962487,0.1022339948970648
0.1179712911205032,0.8820481857312584,0.6109498860604172
0.0104980230995461,0.9895214537522156,0.0159125878892935
0.7513195567068539,0.2486999201449077,0.3189334475975303
0.6025943166546559,0.3974251601971057,0.4963675671464465
0.978672847320959,0.0213466295308026,0.0411351109206707
0.2293009757902732,0.7707185010614884,0.997740685195645
0.710807705042557,0.2892117718092047,0.367158132559453
0.9146524355803128,0.0853670412714488,0.1219835225834096
0.4955300625206941,0.5044894143310675,0.6246226359971174
0.3534853826227528,0.6465340942290089,0.8038291490563465
0.8339793155834291,0.1660401612683326,0.2196794110200027
0.479344798706737,0.5206746781450247,0.6441773951658454
0.5916093722610677,0.4084101045906939,0.5092612430126794
0.1996961611125177,0.8003233157392439,0.9329217225327698
0.7773211538086984,0.2226983230430633,0.2872835634847983
0.9195606022242564,0.0804588746275052,0.1158288374267183
0.0458485090469976,0.954170967804764,0.1731297353095845
0.898564556025164,0.1014549208265975,0.141694096566231
0.9356290049276434,0.0643904719241181,0.0954170967804764
0.66821183023976,0.3318076466120016,0.4183238221373897
0.9375182595485264,0.0625012173032351,0.0929630134585045
0.682819469061021,0.3172000077907407,0.4010673314765401
0.8263443896928501,0.1736750871589116,0.2288140544962312
0.9904563426367762,0.0095631342149854,0.0233137915587324
0.7224353855442807,0.2775840913074811,0.3530179381804725
0.8747833200241513,0.1252361568276103,0.170597744580566
0.8753091950217167,0.124710281830045,0.1699550084724305
0.153789221510235,0.8462302553415266,0.7907407046724967
0.9713300742068052,0.0286894026449564,0.0505813840250861
0.9734530510488284,0.0265664258029332,0.0477961942231657
0.1095962448629803,0.8904232319887814,0.5638353816489102
0.9391737919482694,0.0608456849034922,0.0907621292094345
0.9279356484817796,0.0720838283699822,0.105155522661317
0.089632471807257,0.9103870050445046,0.4363593868687065
0.6390549831525232,0.3609644936992384,0.4533237247531309
0.9107181115244533,0.0893013653273085,0.1270085503379233
0.9598582085191748,0.0401612683325867,0.0656954209921508
0.163079679800557,0.8369397970512047,0.8232475702627428
0.911711430964299,0.0883080458874627,0.1257815086769374
0.8510410377266618,0.1489784391250998,0.1993650546325692
0.6239214693336969,0.3760980075180647,0.471281382077401
0.9055567458076076,0.094462731044154,0.1334359114192781
0.6256354322887249,0.3743840445630368,0.4693921274565179
0.0918528329080887,0.908166643943673,0.44995422939836
0.7640768946107551,0.2359425822410065,0.3034688272987554
0.9332917827162416,0.0667276941355199,0.0985139162105837
0.0367917729778158,0.963227703873946,0.1228599809126852
0.8654733848820677,0.134546091969694,0.1819722260093878
0.4787604931538866,0.521258983697875,0.6448201312739809
0.909939037453986,0.0900804393977757,0.1280018697777691
0.9277408799641624,0.072278596887599,0.1053697680306955
0.9162690142765324,0.0837504625752293,0.1200163605554798
0.9166390744600044,0.0833804023917574,0.1195878698167228
0.8394912646319849,0.1605282122197767,0.2127846054963675
0.982217634341585,0.0178018425101766,0.0359932220555869
0.0093294119938453,0.9906900648579164,0.0134000740120366
0.9135617318816588,0.086457744970103,0.1232884716514422
0.0119977406851956,0.988021736166566,0.019184698985256
0.723389751280603,0.2766297255711586,0.3519272344818183
0.7390101863934714,0.2610092904582903,0.3333073641976511
0.8025241999883139,0.1974952768634477,0.2572697349200475
0.8757376857604737,0.124281791091288,0.1694875640301501
0.3909393685604659,0.6090801082912958,0.7541631770640593
0.9146719124320744,0.0853475644196872,0.1219640457316479
0.9387647780612742,0.0612546987904875,0.0912100967999532
0.9457959215472412,0.0542235553045205,0.0826987125800985
0.917944023528037,0.0820754533237247,0.1178154763064098
0.7166312837192996,0.283388193132462,0.3599906511111544
0.9194826948172098,0.0805367820345519,0.1159262216855267
0.9177882087139436,0.0822312681378182,0.1181271059345967
0.935726389186452,0.0642930876653097,0.0952807588181446
0.7753929454842919,0.2246265313674697,0.2895039245856299
0.1825760084139999,0.8174434684377617,0.8871511208928189
0.619519700835557,0.3804997760162047,0.4764622246460082
0.8414194729563913,0.1586000038953703,0.2105252906920125
0.6128975712365853,0.3871219056151763,0.4841166273883489
0.566114173305027,0.4339053035467347,0.539352978984477
0.6580254367684008,0.3419940400833609,0.4309253452271975
0.9159379077965838,0.0840815690551779,0.1205032818495218
0.8794577644469548,0.1205617124048068,0.1649689344214401
0.7315700290205092,0.2684494478312526,0.3424614845256413
0.9265333151549384,0.0734861616968233,0.1069084393198683
0.5364509280719865,0.4635685487797752,0.5747618954872135
0.9587285511169974,0.0412909257347642,0.0670198469119451
0.0849580273844535,0.915061449467308,0.4080595212589837
0.7628888066532926,0.2371306701984691,0.304715345811503
0.0204506943497653,0.9795687825019964,0.0435891942426426
0.8903063708782113,0.1097131059735504,0.1515104298541184
0.912509981886528,0.0875094949652338,0.1246713281265216
0.8607989404592642,0.1392205363924975,0.1875620824649903
0.9082640282024812,0.0917554486492803,0.1299106012504138
0.8447694914594005,0.1552499853923611,0.2065520129326295
0.042888027579222,0.9571314492725396,0.1574313927896694
0.990475819488538,0.0095436573632238,0.0232943147069707
0.7918119315193892,0.2082075453323724,0.2697933506028085
0.9568392964961144,0.0431801803556473,0.0694349765303936
0.7344720799329997,0.265547396918762,0.3388582669497302
0.1943400268780554,0.8056794499737062,0.9195021716689714
0.2436943692421557,0.756325107609606,0.9733167130864968
0.2747989015055606,0.725220575346201,0.9195606022242564
0.3840056093333073,0.6160138675184543,0.763044621467386
0.9225989910990788,0.0774204857526829,0.1119724207779054
0.0885417681086029,0.9114777087431588,0.4291724285686462
0.9068422180238788,0.093177258827883,0.131858286426582
0.8761272227957073,0.1238922540560543,0.1689227353290614
0.6812418440683248,0.3187776327834369,0.4029565860974232
0.6959079134448708,0.3041115634068909,0.3849015445143447
0.7624018853592506,0.2376175914925111,0.3052801745125917
0.5872076037629278,0.4128118730888339,0.5147342383577118
0.9370313382544846,0.0629881385972771,0.0936252264184017
0.1420836336014646,0.857935843250297,0.7416200845295366
0.8674405469099975,0.1325789299417642,0.179518142687416
0.1203474670354284,0.8796720098163333,0.6261223535827669
0.7071071032078375,0.2929123736439242,0.3713846093917379
0.5127475994780204,0.4872718773737413,0.6037824046121185
0.9124515513312428,0.0875679255205188,0.1247492355335683
0.99351420836336,0.0065052684884015,0.0179966110277934
0.7577663946399704,0.2422530822117913,0.3111621837446195
0.7578248251952554,0.2421946516565062,0.3111037531893345
0.3468632530237812,0.6531562238279804,0.8132364684572386
0.9294158892156672,0.0706035876360945,0.1034999902615741
0.759928325185517,0.2400911516662446,0.3084549013497458
0.6694193950489843,0.3306000818027774,0.4168046276999785
0.0157178193716767,0.9843016574800848,0.0285530646826247
0.9595076251874648,0.0405118516642969,0.0661044348791461
0.7630640983191477,0.2369553785326139,0.3045205772938862
0.7477163391309428,0.2523031377208188,0.3231404475780535
0.7485148900531718,0.2515045867985899,0.3222445123970161
0.8869563523752021,0.1130631244765596,0.1556589992793564
0.8304345285628031,0.1695849482889585,0.2239643184075726
0.9720507177219874,0.0279687591297742,0.0496270182887638
0.8059716027501315,0.1940478741016302,0.2532575034571412
0.8736536626219737,0.1263658142297879,0.1719806010556453
0.8177745749177103,0.1822449019340513,0.2389420174123054
0.6523966266092749,0.3476228502424868,0.4373527063085523
0.2571918275130008,0.7428276493387609,0.9489511715326334
0.251309818280973,0.7487096585707886,0.958572736302904
0.9220536392497516,0.07796583760201,0.1126735874413259
0.0007595972187055,0.999259879633056,0.0007595972187055
0.2698323043063319,0.7301871725454298,0.9279356484817796
0.2167773601075122,0.7832421167442495,0.9728492686442164
0.6872407144109226,0.3127787624408391,0.395574859279746
0.4836297060943069,0.5163897707574547,0.6388017840796214
0.8546442553025729,0.1453752215491887,0.1949048555791442
0.8228190795239857,0.1772003973277759,0.2331963461426095
0.1191399022262041,0.8808795746255575,0.6187601036168514
0.9711937362444736,0.0288257406072882,0.0507177219874179
0.9285589077381532,0.0714605691136084,0.1044348791461348
0.769335644586409,0.2306838322653526,0.296768790292737
0.0357594998344467,0.9642599770173148,0.1178154763064098
0.0176070739925598,0.9824124028592018,0.0338702452135636
0.4898233449545215,0.5101961318972401,0.6312642424478507
0.8776269403813568,0.1223925364704049,0.167111388115225
0.5731842704945173,0.4268352063572444,0.5312116549480942
0.6548117562277234,0.3452077206240383,0.4344311785443001
0.8741405839160158,0.1258788929357458,0.1713573417992715
0.8967142551078043,0.1033052217439573,0.1438755039635393
0.6896363671776095,0.3103831096741523,0.3926922852190172
0.8869173986716787,0.1131020781800829,0.1557174298346415
0.0467054905245116,0.95331398632725,0.1780768556570515
0.0367917729778158,0.963227703873946,0.1229768420232553
0.9970979490875096,0.0029215277642521,0.0109265138383031
0.5478643632043316,0.45215511364743,0.56116705295756
0.1432717215589272,0.8567477552928344,0.7469567419122373
0.5451570808094579,0.4548623960423037,0.5645365483123308
0.8613248154568296,0.1386946613949321,0.1869972537639016
0.9044465652571918,0.0955729115945698,0.1347798141908342
0.1441676567399645,0.8558518201117972,0.7502678067117231
0.975128060300333,0.0248914165514286,0.0457511247881892
0.4747482616909803,0.5252712151607815,0.6496893442144012
0.9434976530393628,0.0565218238123989,0.085542332937304
0.8764193755721326,0.1236001012796291,0.1685721519973511
0.845899148861578,0.1541203279901836,0.2052275870128352
0.1137253374364567,0.8862941394153049,0.5873244648734979
0.5055411643261983,0.4944783125255633,0.6126248953119218
0.0581968330639035,0.9418226437878582,0.2466743275616929
0.8524433710535029,0.1475761057982587,0.1976316148257795
0.6002376175914925,0.3997818592602691,0.4991722338001285
0.8335897785481955,0.1664296983035662,0.220088424906998
0.7503262372670082,0.2496932395847535,0.3200631049997078
0.0209765693473306,0.979042907504431,0.0462380460822312
0.2861733829343825,0.7138460939173792,0.9014860837894164
0.908108213388388,0.0919112634633737,0.1301248466197923
0.7956488713164405,0.2043706055353212,0.2653136746976219
0.9006291023119023,0.0993903745398593,0.1392984437995442
0.5431704419297665,0.4568490349219952,0.5669127242272559
0.8526965701264048,0.1473229067253569,0.1972810314940693
0.5031649884112732,0.4968544884404884,0.6153711314103189
0.9796466899090432,0.0203727869427185,0.0398106850008764
0.1587947724129871,0.8412247044387745,0.80850359347915
0.2814405079562939,0.7185789688954677,0.9093742087528972
0.5206746781450247,0.479344798706737,0.5940050250277545
0.7038739458153984,0.2961455310363632,0.3751436417817424
0.4892195625499094,0.5107999143018522,0.6320043628147947
0.0599302728706931,0.9400892039810684,0.258029332138753
0.6888962468106655,0.3111232300410961,0.3935687435482928
0.0930214440137896,0.906998032837972,0.4570048497360887
0.9261048244161814,0.0739146524355803,0.1074732680209571
0.9482110511656896,0.0518084256860721,0.0796992774087996
0.0280466665368209,0.9719728103149406,0.0809847496250706
0.3075200124651851,0.6924994643865765,0.8688428802368385
0.946049120620143,0.0539703562316187,0.0823091755448649
0.277097170013439,0.7229223068383227,0.916054768907154
0.0067584675613033,0.9932610092904582,0.0088035369962799
0.918917866116121,0.0811016107356406,0.1165494809419005
0.7000954365736323,0.2999240402781294,0.3797012250939758
0.0285530646826247,0.971466412169137,0.0836141246128975
0.6595446312058119,0.3404748456459497,0.4289776600510293
0.1557563835381649,0.8442630933135968,0.7981029546384123
0.9717001343902772,0.0283193424614845,0.0501139395828058
0.9141265605827474,0.0858929162690142,0.1226262586915451
0.4627310441540229,0.5372884326977387,0.6642775061839005
0.0695518376409637,0.930467639210798,0.3140252809535866
0.9925598426270378,0.0074596342247239,0.0195547591687279
0.9829967084120522,0.0170227684397094,0.0348830415051711
0.5867206824688858,0.413298794382876,0.515279590207039
0.9881385972771362,0.0118808795746255,0.027189685059307
0.1137642911399801,0.8862551857117815,0.5877140019087315
0.016983814736186,0.9830356621155756,0.0319420368891572
0.1364937771458621,0.8635256997058995,0.7154042420583137
0.8373682877899616,0.1626511890618,0.2154529341877179
0.9966889352005142,0.0033305416512474,0.0117640184640554
0.6240188535925053,0.3760006232592564,0.4711839978185926
0.1099663050464522,0.8900531718053094,0.566484233488499
0.9862298658044912,0.0137896110472703,0.0301501665270825
0.8302787137487097,0.169740763103052,0.2241396100734277
0.9400697271293068,0.0599497497224548,0.0896909023625421
0.8373098572346765,0.1627096196170851,0.2155308415947646
0.7892409870868473,0.2107784897649144,0.2728901700329159
0.6602263210174707,0.3397931558342909,0.4281012017217537
0.6849229690512826,0.3150965078004791,0.3983016185263814
0.7062695985820852,0.2937498782696764,0.3723779288315836
0.0137506573437469,0.9862688195080148,0.0232553610034474
0.9228132364684573,0.0772062403833044,0.1117386985567652
0.996396782424089,0.0036226944276727,0.0123093703133825
0.65037103402606,0.3496484428257017,0.439689928519954
0.8942017412305475,0.1058177356212141,0.1469528465418849
0.8359464776113589,0.1640729992404027,0.2172058508462692
0.1388504762090255,0.8611690006427362,0.7258048808990515
0.0278129443156808,0.9722065325360808,0.0789591570418557
0.9836589213719494,0.0163605554798122,0.0339871063241337
0.9261048244161814,0.0739146524355803,0.1074732680209571
0.1352667354848762,0.8647527413668854,0.7095611865298094
0.5371326178836453,0.4628868589681164,0.5739828214167462
0.9640846853514596,0.0359347915003018,0.0601250413883099
0.6837738347973433,0.3162456420544183,0.3998597666673159
0.4786631088950782,0.5213563679566835,0.6449564692363127
0.9436924215569796,0.0563270552947821,0.0853086107161638
0.5740022982685079,0.4260171785832538,0.5302767660635335
0.5674970297801063,0.4325224470716553,0.5378532613988275
0.8747833200241513,0.1252361568276103,0.170597744580566
0.3808698361996767,0.619149640652085,0.7672126677443858
0.675242973725727,0.3247765031260347,0.4099877295833901
0.3590557622265937,0.640963714625168,0.7963305611280993
0.8429776210973259,0.1570418557544358,0.2086944666264145
0.2116939017977134,0.7883255750540482,0.9625654909140486
0.2951132578929942,0.7049062189587675,0.8876575190386226
0.084198430165748,0.9158210466860136,0.4029565860974232
0.5223302105447676,0.4776892663069941,0.592018386148063
0.2969051282550689,0.7031143485966929,0.8848918060884639
0.8629803478565725,0.1370391289951892,0.184952184328925
0.9079523985742944,0.0920670782774672,0.1303390919891708
0.8315836628167423,0.1684358140350194,0.2225619850807315
0.9759071343708005,0.0241123424809613,0.0448162359036285
0.0497828331028572,0.9502366437489044,0.1964045731647936
0.1376818651033247,0.8623376117484369,0.7207408994410144
0.7761525427029975,0.2238669341487641,0.2886664199598777
0.7841964824805718,0.2158229943711898,0.2789474709307987
0.8488596303293535,0.1511598465224081,0.2019554759168728
0.9904173889332528,0.0096020879185088,0.0233722221140174
0.9424069493407086,0.0576125275110531,0.0869057125606217
0.9933778704010284,0.0066416064507333,0.0182108563971719
0.2705529478215141,0.7294665290302476,0.926611222561985
0.946049120620143,0.0539703562316187,0.0823091755448649
0.218316031396685,0.7817034454550766,0.9759850417778472
0.8783086301930156,0.121710846658746,0.1662154529341877
0.6795668348168202,0.3204526420349414,0.4048847944218297
0.9816528056404964,0.0183666712112654,0.0369086340883859
0.0030383888748222,0.9969810879769394,0.0031162962818689
0.0331106479948581,0.9669088288569035,0.1052723837718871
0.0264300878406014,0.9735893890111602,0.0713242311512767
0.2958728551116997,0.7041466217400619,0.8865083847846834
0.9592933798180862,0.0407260970336754,0.066357633952048
0.9500029215277642,0.0500165553239974,0.0775763005667763
0.7450869641431159,0.2549325127086457,0.3262177901563991
0.3956527666867927,0.6043667101649689,0.747891630796798
0.7253569133085328,0.2746625635432289,0.3495510585668932
0.0287283563484798,0.9712911205032818,0.0844126755351265
0.1025651013770134,0.8974543754747483,0.5189801920417584
0.3814541417525271,0.6185653350992346,0.7664530705256802
0.1715521103168883,0.8284673665348733,0.8530861071616384
0.7341214966012893,0.2658979802504723,0.3392867576884872
0.3167130864966986,0.683306390355063,0.8555791441871335
0.6004323861091093,0.3995870907426523,0.498899557875465
0.9729466529030248,0.0270728239487369,0.0484584071830629
0.2159009017782365,0.7841185750735251,0.9712326899479968
0.1968525407553123,0.8031669360964494,0.9257347642327094
0.9218199170286115,0.0781995598231501,0.1129462633659895
0.8520927877217926,0.147926689129969,0.1981185361198215
0.1419667724908945,0.8580527043608671,0.741113686383733
0.0487505599594881,0.9512689168922736,0.1903277954151491
0.3738776464172331,0.6261418304345285,0.7762304501100442
0.6764894922384745,0.3235299846132871,0.4084880119977407
0.990767972264963,0.0092515045867985,0.0228268702646904
0.7349979549305651,0.2650215219211966,0.3382544845451181
0.2566464756636737,0.7433730011880879,0.9497497224548624
0.8637009913717547,0.136318485480007,0.1841341565549344
0.9210408429581444,0.0789786338936174,0.1138616753987885
0.5349122567828136,0.465107220068948,0.5768459186257133
0.9551837640963716,0.0448357127553902,0.0712268468924683
0.6722045848509047,0.327814892000857,0.4135714703075395
0.885125528309604,0.1148939485421576,0.1578988372319498
0.6061196268235203,0.3938998500282414,0.4922774282764934
0.1602944899986366,0.839724986853125,0.8137039128995189
0.0401612683325867,0.9598582085191748,0.1411292678651422
0.756325107609606,0.2436943692421557,0.3130903920690259
0.9837368287789962,0.0162826480727655,0.0338702452135636
0.7851118945133708,0.2149075823383908,0.2778957209356679
0.982100773231015,0.0179187036207467,0.0362464211284887
0.0457121710846658,0.9543073057670958,0.1726622908673042
0.2068831194125781,0.7931363574391835,0.9508599030052782
0.9719728103149406,0.0280466665368209,0.0497049256958105
0.5128255068850671,0.4871939699666945,0.6036460666497867
0.8615974913814931,0.1384219854702686,0.1866466704321913
0.8714138246693804,0.1286056521823812,0.1747073603022807
0.2847126190522563,0.7153068577995053,0.9039791208149116
0.7092690337533841,0.2907504430983775,0.3689110492180044
0.9771341760317862,0.0228853008199754,0.043258087762694
0.1549773094676976,0.845042167384064,0.7949477046530199
0.6630894182264379,0.3369300586253238,0.424536937849366
0.5317959605009446,0.468223516350817,0.5806633815710028
0.9714469353173752,0.0285725415343863,0.050406092359231
0.919463217965448,0.0805562588863136,0.1159456985372884
0.6964727421459596,0.3035467347058022,0.3841809009991625
0.9706873380986696,0.0293321387530919,0.0513994117990768
0.2157450869641431,0.7842743898876186,0.9709989677268568
0.8701673061566328,0.1298521706951288,0.1761681241844068
0.9836589213719494,0.0163605554798122,0.0339871063241337
0.3753578871511209,0.6246615897006408,0.7743217186373994
0.9224821299885086,0.077537346863253,0.1121282355919989
0.8162359036285375,0.1837835732232242,0.2407338877743801
0.6688545663478955,0.3311649105038661,0.4174668406598757
0.990105759305066,0.0099137175466957,0.0239370508151062
0.9450558011802972,0.0549636756714644,0.0834583097988041
0.2215491887891241,0.7784702880626375,0.982762986190912
0.8175018989930468,0.1825175778587149,0.2393120775957774
0.6820598718423154,0.3179596050094462,0.4020216972128625
0.955027949282278,0.0449915275694836,0.0714021385583234
0.7428276493387609,0.2571918275130008,0.3289445494030344
0.330931188282726,0.6690882885690357,0.8354011257620318
0.7919677463334827,0.208051730518279,0.2696375357887151
0.8938316810470756,0.1061877958046861,0.1473813372806419
0.8230333248933642,0.1769861519583974,0.2329626239214693
0.7523323529984614,0.2476871238533003,0.3177648364918294
0.5944529926182732,0.4055664842334885,0.5059501782131937
0.7465087743217186,0.253510702530043,0.3245622577566562
0.9798804121301832,0.0201390647215784,0.0395380090762129
0.4154996786319459,0.5845197982198157,0.7225522466548507
0.7423212511929572,0.2576982256588045,0.3294704244005998
0.9370118614027227,0.0630076154490388,0.0936447032701634
0.882379292211207,0.1176401846405547,0.1612099020314356
0.7210330522174395,0.2789864246343221,0.3547708548390238
0.6290828350505424,0.3709366418012192,0.4652825117348032
0.2556921099273513,0.7443273669244104,0.951366301151082
0.8965000097384259,0.1035194671133358,0.1441481798882028
0.4708918450421674,0.5291276318095943,0.6542274506748729
0.0349804257639795,0.9650390510877822,0.1139980133611203
0.8064974777476969,0.1935219991040648,0.2526537210525291
0.842354361840952,0.1576651150108096,0.20945406384512
0.8922735329061411,0.1077459439456206,0.14921216134624
0.8921956254990944,0.1078238513526673,0.1493095456050484
0.8544884404884795,0.1455310363632822,0.1950606703932376
0.726447617007187,0.2735718598445747,0.3483824474611923
0.7539294548429192,0.2460900220088425,0.3158755818709464
0.2129209434586993,0.7870985333930623,0.9651364353465904
0.9666945834875252,0.0333248933642366,0.0566192080712073
0.0479714858890209,0.9520479909627408,0.1850885222912568
0.6621934830454005,0.3378259938063611,0.4256276415480202
0.2869914107083731,0.7130280661433885,0.9002590421284303
0.8789318894493894,0.1210875874023722,0.1655532399742905
0.408468535145979,0.5915509417057827,0.7315115984652241
0.0139064721578404,0.9861130046939212,0.023703328593966
0.2888611884774945,0.7111582883742672,0.897532282881795
0.8567282784410728,0.1432911984106889,0.1923339111466022
0.7127164365152017,0.28730304033656,0.3648209103480513
0.8841322088697583,0.1158872679820033,0.1591453557446974
0.5883956917203903,0.4116237851313714,0.5132345207720624
0.6580449136201625,0.3419745632315992,0.4308863915236741
0.045088911828292,0.9549305650234696,0.1690201195878698
0.7365950567750229,0.2634244200767388,0.33630679936895
0.5553434742808172,0.4446760025709444,0.5522856085542333
0.9049334865512338,0.0950859903005278,0.1342149854897454
0.83966655629784,0.1603529205539216,0.2125898369787507
0.9111660791149718,0.0888533977367898,0.1264826753403579
0.278869563523752,0.7211499133280097,0.913483824474612
0.3270552947821514,0.6729641820696103,0.8409909822176344
0.4092086555129229,0.5908108213388388,0.7305767095806633
0.0890676431061683,0.9109518337455934,0.4333209979938843
0.7248894688662525,0.2751300079855092,0.3500964104162203
0.5856299787702316,0.4143894980815301,0.5166040161268333
0.9005901486083789,0.0994293282433827,0.1393568743548293
0.193385661141733,0.8066338157100287,0.9165222133494342
0.8043550240539119,0.1956644527978497,0.2551467580780243
0.930350778100228,0.0696686987515338,0.1022924254523498
0.9112050328184952,0.0888144440332664,0.1264437216368346
0.9337981808620456,0.0662212959897162,0.0978127495471632
0.0568529302923475,0.943166546559414,0.2398184757415811
0.927292912373644,0.0727265644781177,0.1059735504353076
0.9695966344000156,0.0304228424517461,0.0527238377188711
0.4446760025709444,0.5553434742808172,0.6862084412675535
0.0573982821416746,0.9426211947100872,0.2432269247998753
0.5582065714897844,0.4418129053619773,0.5488187289406541
0.0018503009173597,0.998169175934402,0.0018503009173597
0.9135033013263736,0.086516175525388,0.1233858559102506
0.4172915489940206,0.5827279278577411,0.720273454998734
0.3059813411760123,0.6940381356757493,0.8710437644859085
0.3249323179401281,0.6750871589116335,0.843581403501938
0.0193989443546345,0.9806205324971272,0.0394016711138811
0.9808932084217908,0.0191262684299709,0.0380382914905634
0.987164754689052,0.0128547221627096,0.0285530646826247
0.7121516078141129,0.2878678690376487,0.3655805075667569
0.954911088171708,0.0451083886800537,0.0715189996688935
0.7952788111329685,0.2047406657187932,0.2658005959916639
0.9771146991800246,0.0229047776717371,0.0432970414662174
0.1839199111855559,0.8160995656662057,0.8906959079134449
0.3645871881269111,0.6354322887248505,0.7885203435716651
0.8619285978614417,0.13809087899032,0.186179225989911
0.6759830940926709,0.3240363827590908,0.4091112712541145
0.3381765771380714,0.6618428997136903,0.8255458387706212
0.0157178193716767,0.9843016574800848,0.028592018386148
0.9497497224548624,0.0502697543968992,0.0778684533432016
0.028533587830863,0.9714858890208986,0.0834777866505658
0.7980055703796038,0.2020139064721578,0.2626453460062715
0.0044991527569483,0.9955203240948132,0.0052392731238922
0.9979159768615,0.0021034999902615,0.0089983055138967
0.0768167033480708,0.9232027735036908,0.3607502483298599
0.9713690279103284,0.0286504489414331,0.0505229534698011
0.8821845236935901,0.1178349531581715,0.1614825779560992
0.2600159710184446,0.7400035058333171,0.9441988197027832
0.4048458407183063,0.5951736361334554,0.7359133669633641
0.9400112965740218,0.0600081802777399,0.0897493329178271
0.7676606353349045,0.2323588415168572,0.2990670588006154
0.4061702666381006,0.5938492102136611,0.7343552188224295
0.0093488888456069,0.9906705880061548,0.0134585045673217
0.7188905985236547,0.281128878328107,0.357322322419804
0.9227548059131722,0.0772646709385894,0.1117971291120503
0.8640905284069883,0.1359289484447733,0.1836472352608924
0.6694583487525076,0.330561128099254,0.4167461971446935
0.3790974426893637,0.620922034162398,0.7696083205110726
0.9666945834875252,0.0333248933642366,0.0566192080712073
0.8373098572346765,0.1627096196170851,0.2155308415947646
0.8961883801102389,0.1038310967415227,0.1444792863681514
0.5623551409150225,0.4376643359367392,0.5439495160002337
0.7684397094053718,0.2315797674463899,0.2979374013984379
0.9156262781683968,0.0843931986833648,0.1208343883294704
0.1926650176265508,0.8073544592252109,0.9146329587285512
0.9923455972576593,0.0076738795941024,0.0199832499074849
0.9330191067915782,0.0670003700601834,0.0989034532458173
0.0048497360886586,0.995169740763103,0.0057067175661726
0.8515084821689423,0.1485109946828194,0.1988197027832421
0.703348070817833,0.2966714060339286,0.3757863778898779
0.3498432113433184,0.6501762655084432,0.8091852832908089
0.132715267904096,0.8673042089476657,0.6960637282589642
0.6412558674015932,0.3587636094501685,0.4506553960617805
0.2950937810412325,0.7049256958105292,0.8876964727421459
0.5263424420076739,0.4736770348440878,0.5874023722805446
0.5530062520694154,0.4470132247823462,0.5549539372455836
0.8775100792707867,0.122509397580975,0.1672477260775568
0.6983619967668426,0.301657480084919,0.3817852482324757
0.2506670821728375,0.7493523946789241,0.9597803011121282
0.4441306507216173,0.5558888261301443,0.686909607930974
0.7446389965525972,0.2553804802991644,0.3267241883022028
0.0022203611008316,0.99779911575093,0.0022398379525933
0.9470034863564654,0.0530159904952963,0.0810626570321173
0.6299398165280564,0.3700796603237052,0.4643476228502425
0.0181719026936485,0.9818475741581132,0.0358179303897318
0.0694154996786319,0.9306039771731296,0.3130903920690259
0.0745963422472391,0.9254231346045224,0.3463958085815009
0.4750209376156438,0.5249985392361178,0.6494166682897377
0.0725317959605009,0.9274876808912608,0.334475975303352
0.8337650702140506,0.166254406637711,0.2198936563893812
0.0039732777593829,0.9960461990923788,0.0044017684981399
0.691681436612586,0.3083380402391757,0.3900434333794285
0.9095884541222756,0.090431022729486,0.1284108836647644
0.8264222970998968,0.1735971797518649,0.2287361470891845
0.344311785443001,0.6557076914087607,0.816878639736673
0.0245408332197183,0.9754786436320432,0.0616052821221977
0.0366943887190074,0.9633250881327542,0.1222756753598348
0.95563173168689,0.0443877451648715,0.0707788793019496
0.8869953060787255,0.1130241707730362,0.1556200455758331
0.5317180530938979,0.4683014237578637,0.5807607658298113
0.9466723798765168,0.0533470969752449,0.0815495783261593
0.0898272403248739,0.9101922365268876,0.4377227664920242
0.9357069123346902,0.0643125645170714,0.0953002356699063
0.985703990806926,0.0143154860448357,0.0309681943010731
0.8124379175350096,0.187581559316752,0.2455641470112771
0.037512416492998,0.9625070603587637,0.1259762771945542
0.6835011588726798,0.3165183179790818,0.4002103499990261
0.363496484428257,0.6365229924235046,0.7901369222678846
0.0078491712599575,0.9921703055918042,0.0106148842101162
0.5758136454823443,0.4242058313694175,0.5280369281109402
0.8372319498276298,0.1627875270241318,0.2156087490018113
0.3842782852579709,0.6157411915937908,0.7627524686909608
0.7815671074927448,0.2184523693590168,0.2821806283232378
0.6511111543930039,0.3489083224587577,0.4388719007459634
0.2382603276006466,0.7617591492511151,0.9837173519272344
0.550591122450967,0.4494283544007946,0.5577196501957423
0.5587714001908731,0.4412480766608885,0.5481759928325185
0.591102974115264,0.4089165027364976,0.5098845022690532
0.9245466762752468,0.0754728005765148,0.1094988606041719
0.7434509085951346,0.256568568256627,0.3281070447772822
0.981419083419356,0.0186003934324055,0.0372592174200962
0.8830609820228659,0.1169584948288958,0.160391874257445
0.9979744074167852,0.0020450694349765,0.0087840601445182
0.1267553512650215,0.8732641255867402,0.6629920339676295
0.936758662329821,0.0632608145219406,0.093975809750112
0.4291919054204078,0.5708275714313539,0.7053931402528095
0.9802309954618936,0.0197884813898681,0.0390121340786475
0.9188983892643592,0.0811210875874023,0.1165689577936622
0.7846444500710905,0.2153750267806711,0.2784215959332333
0.0247550785890968,0.9752643982626648,0.0626765089690902
0.9256568568256628,0.0743626200260989,0.1080186198702841
0.1931908926241162,0.8068285842276455,0.9161521531659622
0.8841322088697583,0.1158872679820033,0.1591453557446974
0.8168202091813879,0.1831992676703737,0.2400521979627213
0.3735660167890462,0.6264534600627155,0.7767173714040863
0.8349921118750365,0.1650273649767251,0.2183939388037317
0.144381902109343,0.8556375747424186,0.751066357633952
0.8149504314122665,0.1850690454394951,0.2422920359153146
0.8852813431236974,0.1147381337280642,0.1576651150108096
0.7248894688662525,0.2751300079855092,0.3500964104162203
0.0061157314531679,0.9939037453985936,0.007634925890579
0.6874744366320628,0.3125450402196988,0.3953216602068441
0.927468204039499,0.0725512728122626,0.1057593050659291
0.9131332411429016,0.08688623570886,0.123853300352531
0.6900453810646047,0.3099740957871569,0.3921664102214518
0.6197339462049354,0.3802855306468262,0.4762479792766297
0.967493134409754,0.0325263424420076,0.0555869349278382
0.6799563718520538,0.3200631049997078,0.404436826831311
0.8250783943283407,0.1749410825234209,0.2304695868959741
0.4786241551915548,0.5213953216602069,0.6450148997915977
0.8302008063416629,0.1698186705100987,0.2242175174804744
0.9903005278226829,0.0097189490290789,0.0235085600763492
0.9036285374832012,0.0963909393685604,0.1357926104824416
0.1953333463179011,0.8046861305338605,0.9221120698050368
0.9574625557524882,0.0425569210992735,0.068675379311688
0.5890773815320491,0.4109420953197125,0.5123970161463101
0.9427964863759422,0.0572229904758194,0.0863603607112946
0.3717157158716865,0.6283037609800752,0.7790351167637263
0.223204721188867,0.7768147556628946,0.9864830648773932
0.9473540696881756,0.052665407163586,0.0806925968486453
0.6937654597510858,0.3062540171006758,0.3874530120951249
0.6291607424575891,0.3708587343941725,0.4652046043277564
0.9197748475936348,0.0802446292581267,0.1155561615020548
0.037940907231755,0.9620785696200066,0.1280992540365775
0.7631225288744328,0.2368969479773289,0.3044621467386011
0.7828525797090158,0.2171668971427458,0.2806030033305416
0.1214381707340825,0.8785813061176792,0.6337378026215843
0.8468535145979004,0.1531659622538612,0.2041563601659427
0.7933311259568003,0.2066883508949613,0.2680209570924955
0.7652260288646943,0.2347934479870673,0.3020664939719144
0.9850223009952672,0.0149971758564945,0.0319615137409189
0.8110940147634537,0.188925462088308,0.2471222951522116
0.8632335469294743,0.1367859299222873,0.1846600315524998
0.4773192061235222,0.5227002707282394,0.6466120016360556
0.6474300294100461,0.3525894474417155,0.4432541923923417
0.0354089165027365,0.9646105603490251,0.1159456985372884
0.92887053736634,0.0711489394854215,0.1040648189626628
0.6773075200124652,0.3227119568392965,0.4075920768167033
0.6425218627661025,0.3574976140856592,0.4491946321796545
0.9083224587577664,0.0916970180939952,0.1298521706951288
0.7984924916736459,0.2015269851781158,0.2620415636016594
0.9492433243090588,0.050776152542703,0.0784138051925286
0.6076777749644547,0.3923417018873069,0.4904271273591337
0.8573320608456849,0.1426874160060768,0.19161326763142
0.8620259821202501,0.1379934947315116,0.1860818417311026
0.6520460432775647,0.3479734335741971,0.4377811970473093
0.8451395516428725,0.1548799252088892,0.2060456147868258
0.908341935609528,0.0916775412422336,0.1298326938433671
0.941218861383246,0.0588006154685156,0.0883664764427478
0.6908439319868337,0.309175544864928,0.3911925676333677
0.9736478195664452,0.0263716572853164,0.0475819488537872
0.008491907368093,0.9915275694836688,0.0118808795746255
0.0706230644878561,0.9293964123639056,0.3215628225853573
0.8710048107823851,0.1290146660693765,0.1751553278927994
0.02907893968019,0.9709405371715716,0.0858539625654909
0.6924020801277682,0.3076173967239935,0.389283836160723
0.8126716397561499,0.1873478370956118,0.2453109479383752
0.6403209785170325,0.3596984983347291,0.4518240071674814
0.6269014276532341,0.3731180491985275,0.4679313635743918
0.8887676995890385,0.1112517772627232,0.1534191613267631
0.4333794285491693,0.5666400483025924,0.7001343902771556
0.7265839549695188,0.2734355218822429,0.3482266326470989
0.313635743918353,0.6863837329334086,0.8599809126852735
0.7695304131040258,0.2304890637477358,0.2965740217751202
0.8670899635782872,0.1329295132734744,0.1800440176849814
0.878892935745866,0.1211265411058956,0.1655921936778139
0.0209765693473306,0.979042907504431,0.0462575229339929
0.6118847749449778,0.3881347019067838,0.4853047153458115
0.6926358023489083,0.3073836745028533,0.388913775977251
0.8049393296067624,0.1950801472449993,0.2544455914146037
0.7008355569405761,0.2991839199111855,0.3787663362094151
0.8257016535847146,0.1743178232670471,0.2296905128255069
0.3442338780359543,0.6557855988158074,0.8169760239954814
0.8890793292172253,0.1109401476345363,0.1530296242915295
0.57448921956255,0.4255302572892118,0.5296535068071597
0.0154451434470132,0.9845743334047484,0.0275207915392555
0.9618448473988664,0.0381746294528952,0.0630076154490388
0.0121925092028124,0.9878269676489492,0.0198079582416298
0.9586506437099508,0.0413688331418109,0.0670977543189918
0.523888358685702,0.4761311181660596,0.590187562082465
0.5990105759305066,0.4010089009212551,0.5006524745340163
0.5869154509865026,0.4131040258652591,0.5150653448376604
0.9360380188146388,0.0639814580371228,0.0948522680793876
0.983074615819099,0.0169448610326626,0.034766180394601
0.5047036597004461,0.4953158171513157,0.6135987379000059
0.9914301852248604,0.0085892916269014,0.0215803517519428
0.8346025748398029,0.1654169020119588,0.2188613832460121
0.7649728297917925,0.2350466470599692,0.302397600451863
0.7727830473482267,0.227236429503535,0.292678651422784
0.3979120814911477,0.6021073953606139,0.7448532419219758
0.2681378182030656,0.731881658648696,0.930584500321368
0.7737763667880724,0.2262431100636893,0.2915879477241299
0.4707165533763122,0.5293029234754494,0.6545001265995365
0.0467639210797966,0.953255555771965,0.1783495315817151
0.6058664277506184,0.3941530491011433,0.4925695810529186
0.9212745651792844,0.0787449116724772,0.1136084763258866
0.0175486434372748,0.9824708334144868,0.0336949535477085
0.1706172214323277,0.829402255419434,0.849502366437489
0.8991878152815379,0.1008316615702237,0.1409734530510488
0.9058683754357946,0.0941511014159671,0.1330658512358062
0.8115809360574957,0.188438540794266,0.2466158970064078
0.6719708626297646,0.3280486142219971,0.4138636230839647
0.6434567516506632,0.3565627252010985,0.4480454979257153
0.0040706620181913,0.9959488148335705,0.0045575833122334
0.5303741503223419,0.4696453265294197,0.5825526361918859
0.95979977796389,0.0402196988878717,0.0657538515474358
0.9916639074460004,0.0083555694057612,0.0211323841614241
0.4297762109732583,0.5702432658785034,0.7047114504411507
0.7743801491926845,0.2256393276590771,0.2907504430983775
0.7935453713261789,0.2064741055255828,0.2677872348713554
0.8979412967687903,0.1020781800829713,0.1424342169331749
0.9751475371520948,0.0248719396996669,0.0457316479364275
0.7992715657441131,0.2007479111076485,0.2610871978653371
0.7310441540229438,0.268975322828818,0.3431626511890618
0.8993436300956313,0.1006758467561303,0.1408176382369553
0.55016263171221,0.4498568451395516,0.5582650020450695
0.6162475897395945,0.3837718871121672,0.480201780184251
0.8813080653643145,0.1187114114874471,0.1626122353582766
0.4914009699472177,0.5086185069045439,0.6293165572716826
0.5704380343961202,0.4295814424556414,0.5344642891922949
0.2091034805134098,0.7909159963383519,0.9565276668679276
0.9002590421284303,0.0997604347233313,0.1397464113900629
0.0559569951113102,0.9440624817404516,0.2327094248485674
0.8233449545215511,0.1766745223302105,0.2325730868862357
0.8238708295191165,0.1761486473326451,0.2319303507781002
0.7007771263852911,0.2992423504664706,0.3788442436164618
0.8920982412402859,0.1079212356114757,0.1494458835673801
0.4065792805250959,0.5934401963266658,0.7336930058625324
0.7504820520811016,0.24953742477066,0.3198878133338527
0.7370430243655416,0.2629764524862201,0.3357419706678612
0.5310168864304774,0.4690025904212843,0.5816372241590869
0.2058703231209707,0.794149153730791,0.9482889585727364
0.7592076816703348,0.2408117951814268,0.3093897902343065
0.8514695284654189,0.1485499483863428,0.1989170870420505
0.4823247570262742,0.5176947198254874,0.640476793331126
0.2116744249459517,0.78834505190581,0.962546014062287
0.2028124573943867,0.7972070194573749,0.9406929863856808
0.7150341818748418,0.2849852949769199,0.3619578131390842
0.8314668017061723,0.1685526751455894,0.2226788461913016
0.9183140837115088,0.0817053931402528,0.1173285550123678
0.7095417096780476,0.290477767173714,0.3686188964415792
0.7228833531347993,0.2771361237169624,0.3524920631829071
0.9565471437196892,0.0434723331320725,0.0697855598621038
0.8268702646904155,0.1731492121613462,0.2282102720916191
0.1073953606139103,0.8926241162378513,0.5509806594862007
0.9586116900064272,0.0414077868453343,0.0671756617260386
0.6635179089651949,0.3365015678865668,0.4240305397035623
0.5633484603548682,0.4366710164968934,0.5427029974874861
0.9705704769880996,0.029448999863662,0.0515941803166936
0.8522486025358861,0.1477708743158755,0.1979432444539664
0.9002590421284303,0.0997604347233313,0.1397464113900629
0.6614533626784567,0.338566114173305,0.4264846230255341
0.9914691389283836,0.008550337923378,0.021502444344896
0.9870673704302436,0.012952106421518,0.0287478332002415
0.0353310090956897,0.964688467756072,0.1156340689091015
0.9593518103733712,0.0406676664783904,0.0662992033967629
0.5860389926572269,0.4139804841945348,0.5161170948327912
0.7239545799816918,0.2760648968700699,0.3511871141148744
0.6647839043297041,0.3352355725220575,0.4225502989696745
0.0826013283212901,0.9174181485304717,0.3942504333599517
0.3280291373702355,0.6719903394815262,0.8395691720390316
0.907796583760201,0.0922228930915606,0.1305922910620727
0.0438034396120211,0.9562160372397406,0.1620863603607113
0.9328438151257232,0.0671756617260386,0.0991566523187192
0.843269773873751,0.1567497029780106,0.2083438832947042
0.0629686617455154,0.9370508151062462,0.2773503690863408
0.6854293671970862,0.3145901096546754,0.3977173129735309
0.955884930759792,0.0441345460919696,0.0704672496737627
0.8445357692382603,0.1554837076135013,0.2068246888572931
0.7330892234579203,0.2669302533938414,0.3406501373118049
0.8197027832421168,0.1803166936096449,0.2367800868667588
0.3772081880684806,0.6228112887832811,0.7719455427224743
0.9135033013263736,0.086516175525388,0.1233858559102506
0.0180355647313168,0.9819839121204448,0.0352336248368813
0.3508365307831642,0.6491829460685975,0.8076855657051594
0.952086944666264,0.0479325321854975,0.0750637866895195
0.0686948561634497,0.931324620688312,0.3101104337494887
0.6801121866661473,0.3199072901856144,0.4042420583136942
0.8961883801102389,0.1038310967415227,0.1444792863681514
0.922949574430789,0.0770699024209726,0.1115634068909101
0.7523713067019847,0.247648170149777,0.3176869290847827
0.9522622363321191,0.0477572405196424,0.0748690181719027
0.8428607599867557,0.1571587168650059,0.2088308045887462
0.7168844827922015,0.2831349940595602,0.3597179751864908
0.9892098241240286,0.010809652727733,0.0253199072901856
0.8998695050931967,0.1001499717585649,0.1402333326841049
0.8875990884833376,0.1124203883684241,0.1547630640983191
0.7513974641139006,0.248622012737861,0.3188360633387219
0.9277019262606392,0.0723175505911224,0.1054476754377422
0.2511150497633562,0.7489044270884054,0.958942796486376
0.2719163274448318,0.7281031494069299,0.924293477202345
0.7876633620941511,0.2123561147576105,0.274954716319654
0.9713105973550435,0.0287088794967181,0.0506008608768478
0.8616753987885398,0.1383440780632218,0.1865492861733829
0.8438151257230782,0.1562043511286835,0.207681670334807
0.0244824026644333,0.9755370741873284,0.0613520830492959
0.3872387667257465,0.6127807101260152,0.7589934363009563
0.8920982412402859,0.1079212356114757,0.1494458835673801
0.9873205695031456,0.0126989073486161,0.0282998656097228
0.5395477475020938,0.4604717293496679,0.5711002473560174
0.4050600860876848,0.5949593907640769,0.7356601678904622
0.9074654772802524,0.0925539995715092,0.131001304949068
0.9391153613929843,0.0609041154587772,0.0908205597647196
0.1263852910815495,0.8736341857702121,0.6608301034220828
0.729252283660869,0.2707671931908926,0.3452661511793233
0.4264456693220108,0.5735738075297508,0.7087042050522954
0.6895584597705627,0.310461017081199,0.3927701926260639
0.7046724967376273,0.2953469801141343,0.3742087528971817
0.7163196540911128,0.283699822760649,0.3603996649981497
0.9106207272656448,0.0893987495861169,0.1271254114484934
0.0104395925442611,0.9895798843075004,0.0158346804822468
0.9427185789688954,0.0573008978828662,0.0864382681183413
0.8188458017646028,0.1811736750871589,0.2377539294548429
0.8052899129384726,0.194729563913289,0.2540171006758467
0.8204429036090606,0.179576573242701,0.2358646748339598
0.9028689402644956,0.097150536587266,0.1366301151081939
0.2852579709015834,0.7147615059501782,0.9030247550785891
0.5554603353913873,0.4445591414603743,0.5521103168883782
0.615234793447987,0.3847846834037746,0.4814482986969986
0.9380051808425686,0.062014296009193,0.0922813236468457
0.993650546325692,0.0063689305260697,0.0176849813996065
0.8778801394542586,0.122139337397503,0.1667802816352764
0.4465457803400658,0.5534736965116959,0.6838906959079134
0.8368618896441579,0.1631575872076037,0.2160761934440917
0.8407572599964942,0.1592622168552675,0.2113043647624798
0.9374793058450032,0.0625401710067584,0.0930019671620279
0.4439553590557622,0.5560641177959994,0.6871043764485909
0.6273299183919911,0.3726895584597706,0.4674054885768264
0.207564809224237,0.7924546676275247,0.9528075881814464
0.3650935862727149,0.6349258905790468,0.7877997000564829
0.4139415304910114,0.5860779463607503,0.7244609781274954
0.3618019983249907,0.6382174785267709,0.7924546676275247
0.9268254679313636,0.0731940089203981,0.1065189022846347
0.9713105973550435,0.0287088794967181,0.0506008608768478
0.7334982373449156,0.2665212395068461,0.3400463549071928
0.563114738133728,0.4369047387180336,0.5429756734121497
0.0203533100909568,0.9796661667608048,0.0430243655415538
0.2584772997292717,0.7415421771224899,0.9466723798765168
0.6515396451317609,0.3484798317200008,0.4383655026001597
0.5979977796388992,0.4020216972128625,0.5017237013809088
0.2986969986171435,0.7013224782346181,0.8819702783242117
0.3167325633484603,0.6832869135033013,0.8555596673353719
0.6471183997818593,0.3529010770699024,0.4437021599828604
0.7467619733946205,0.2532575034571412,0.3242311512767076
0.0816859162884911,0.9183335605632704,0.3898097111582884
0.8260717137681866,0.1739477630835751,0.2291841146797031
0.6173382934382486,0.382681183413513,0.4790331690785501
0.7719455427224743,0.2280739341292873,0.2936330171591064
0.7729193853105584,0.2271000915412032,0.2925228366086905
0.8659213524725863,0.1340981243791753,0.1813879204565374
0.0637087821124593,0.9363106947393024,0.281927429250336
0.0170617221432327,0.9829577547085288,0.0322536665173441
0.7165533763122529,0.2834661005395087,0.3601075122217245
0.9159768615001072,0.0840426153516545,0.12036694388719
0.9724207779054592,0.0275986989463023,0.04912062014296
0.9893266852345988,0.010692791617163,0.0251251387725688
0.1265605827474047,0.873458894104357,0.6619013302689754
0.0831466801706172,0.9168727966811444,0.3977367898252926
0.9472761622811288,0.0527433145706328,0.0807705042556921
0.9462438891377598,0.0537755877140019,0.0820170227684397
0.6625245895253491,0.3374948873264126,0.4252186276610248
0.7440157372962234,0.2560037395555382,0.3275227392244317
0.8094969129189957,0.1905225639327659,0.2490894571801414
0.5399762382408507,0.4600432386109109,0.5705938492102136
0.0124457082757143,0.9875737685760474,0.0203727869427185
0.6091969694018659,0.3908225074498958,0.4885183958864889
0.888183394036188,0.1118360828155737,0.1541203279901836
0.9285004771828682,0.0715189996688935,0.1044933097014198
0.5724246732758117,0.42759480357595,0.5321854975361783
0.6326081452194068,0.3674113316323549,0.4612897571236585
0.0329158794772413,0.9671035973745205,0.1039090041485694
0.0231384998928773,0.9768809769588844,0.0558790877042634
0.9225989910990788,0.0774204857526829,0.1119724207779054
0.5063007615449039,0.4937187153068578,0.6118263443896929
0.8841516857215199,0.1158677911302417,0.1591258788929357
0.7244999318310188,0.2755195450207428,0.350544378006739
0.918119315193892,0.0819001616578696,0.1176012309370313
0.0049665971992287,0.995052879652533,0.0059599166390744
0.5249595855325945,0.4750598913191671,0.5889799972732408
0.8808990514773192,0.1191204253744424,0.163138110355842
0.8929941764213233,0.1070253004304384,0.1483746567204877
0.711353056891884,0.2886664199598777,0.3665738270066026
0.0723175505911224,0.9277019262606392,0.3330346882729875
0.6036265897980251,0.3963928870537366,0.4952184328925073
0.5455660946964532,0.4544533821553084,0.5640496270182888
0.0185809165806439,0.9814385602711178,0.0369281109401476
0.7055879087704263,0.2944315680813353,0.3731180491985275
0.0074206805212005,0.9925987963305613,0.0097968564361256
0.64805328866642,0.3519661881853417,0.4425725025806828
0.5153185439105623,0.4847009329411993,0.600510293516156
0.2510760960598329,0.7489433807919288,0.9589817501898992
0.9914691389283836,0.008550337923378,0.021502444344896
0.1753695732621779,0.8246499035895838,0.8657071071032079
0.92887053736634,0.0711489394854215,0.1040648189626628
0.9668503983016186,0.0331690785501431,0.0564244395535905
0.7043998208129638,0.2956196560387978,0.3745203825253686
0.0298385368988956,0.970180939952866,0.0902752079153925
0.379564887131644,0.6204545897201177,0.7690240149582221
0.8004791305533373,0.1995403462984243,0.2596459108349726
0.9976238240850748,0.0023956527666867,0.0097968564361256
0.6888962468106655,0.3111232300410961,0.3935687435482928
0.7408604873108311,0.2591589895409306,0.3312428179109128
0.629842432269248,0.3701770445825136,0.4644644839608126
0.6239993767407436,0.376020100111018,0.4712034746703543
0.9334281206785736,0.0665913561731881,0.0982996708412052
0.9739984028981556,0.0260210739536061,0.0471339812632686
0.895214537522155,0.1048049393296067,0.1456868511773756
0.7508715891163352,0.2491478877354264,0.3194203688915724
0.7816060611962682,0.2184134156554934,0.2821221977679528
0.4548234423387803,0.5451960345129814,0.6736848255847925
0.6885067097754319,0.3115127670763298,0.3940361879905732
0.8780943848236371,0.1219250920281245,0.1664686520070895
0.9485811113491616,0.0514383655026001,0.0792902635218043
0.9854118380305008,0.0146076388212609,0.0314161618915918
0.9900862824533042,0.0099331943984574,0.0239760045186296
0.961630602029488,0.0383888748222737,0.0633192450772257
0.5723272890170032,0.4276921878347584,0.5323023586467484
0.3564458640905284,0.6435736127612333,0.799641625927585
0.858734394172526,0.1412850826792357,0.1899577352316771
0.6435736127612333,0.3564458640905284,0.4479091599633835
0.2444150127573379,0.7556044640944237,0.9717585649455622
0.9108349726350232,0.0891845042167384,0.1268916892273532
0.2063961981185361,0.7936232787332256,0.9497497224548624
0.5454492335858832,0.4545702432658785,0.5641859649806206
0.6804238162943342,0.3195956605574275,0.4038914749819839
0.0275792220945406,0.9724402547572212,0.0775568237150147
0.4019243129540541,0.5980951638977076,0.7395555382427984
0.439319868336482,0.5606996085152796,0.6928890014218102
0.9885476111641316,0.0114718656876302,0.0264300878406014
0.2645930311824396,0.735426445669322,0.9365249401086808
0.6740743626200261,0.3259451142317355,0.4113900629102311
0.6633620941511014,0.3366573827006602,0.4242058313694175
0.8423154081374287,0.157704068714333,0.2094930175486434
0.9389790234306526,0.061040453421109,0.0909568977270514
0.8176187601036169,0.1824007167481448,0.2391367859299223
0.7259606957131449,0.2740587811386167,0.3489083224587577
0.8823208616559219,0.1176986151958397,0.1613267631420057
0.787118010244824,0.2129014666069376,0.2756558829830746
0.8847359912743704,0.1152834855773912,0.1583662816742301
0.4828116783203163,0.5172077985314454,0.6397951035194671
0.8823208616559219,0.1176986151958397,0.1612683325867207
0.609742321251193,0.3902771556005687,0.4878561829265917
0.1686111057008745,0.8314083711508872,0.8438151257230782
0.206279337007966,0.7937401398437957,0.9491264631984886
0.7245778392380655,0.2754416376136961,0.3504469937479306
0.8681611904251797,0.131858286426582,0.1787001149134253
0.6123327425354965,0.3876867343162651,0.4847983172000077
0.9048361022924256,0.0951833745593362,0.1343513234520772
0.8679469450558012,0.1320725317959605,0.1789338371345655
0.925695810529186,0.0743236663225756,0.1079796661667608
0.2105447675437742,0.7894747093079875,0.9600140233332684
0.3789805815787936,0.6210388952729681,0.7697446584734043
0.0255341526595641,0.9744853241921976,0.0656564672886274
0.0465496757104181,0.9534698011413436,0.1775899343630095
0.2203416239798999,0.7796778528718618,0.9799972732407534
0.0253393841419472,0.9746800927098144,0.0651695459945854
0.8159827045556356,0.184036772296126,0.240987086847282
0.3143758642852969,0.6856436125664648,0.8590265469489512
0.9542099215082874,0.0458095553434742,0.0723370274428841
0.8053093897902343,0.1947100870615273,0.2539976238240851
0.8290906257912471,0.1709288510605145,0.2255614202520304
0.9950918333560564,0.0049276434957053,0.0150556064117796
0.910484389303313,0.0895350875484486,0.1273201799661102
0.3638665446117289,0.6361529322400328,0.7895526167150342
0.8198585980562102,0.1801608787955514,0.2365658414973803
0.9427185789688954,0.0573008978828662,0.0864382681183413
0.9100753754163176,0.0899441014354439,0.1278071012601523
0.6835790662797265,0.3164404105720351,0.4001129657402177
0.3314765401320531,0.6685429367197087,0.8346415285433263
0.9959293379818086,0.004090138869953,0.0134000740120366
0.934440916970181,0.0655785598815807,0.0969557680696492
0.8151646767816451,0.1848548000701166,0.2420388368424127
0.93964123639055,0.0603782404612118,0.0901778236565841
0.2167189295522271,0.7833005472995345,0.9727129306818846
0.3984963870439982,0.6015230898077635,0.7441131215550318
0.912509981886528,0.0875094949652338,0.1246908049782833
0.8336482091034805,0.1663712677482811,0.2200105174999513
0.369242155697953,0.6307773211538087,0.7823461815632121
0.1806672769413552,0.8193521999104065,0.8819118477689266
0.8833336579475294,0.1166858189042323,0.1600802446292581
0.9285199540346298,0.0714995228171318,0.1044738328496581
0.860565218238124,0.1394542586136377,0.1878152815378922
0.9833278148920008,0.0166916619597608,0.0344935044699374
0.8439125099818865,0.1561069668698751,0.2075842860759987
0.0504839997662777,0.949535477085484,0.1999104064818962
0.4131040258652591,0.5869154509865026,0.725707496640243
0.800440176849814,0.1995793000019476,0.259684864538496
0.6290049276434957,0.371014549208266,0.4653798959936115
0.0390121340786475,0.9610073427731142,0.1336696336404183
0.7029390569308377,0.297080419920924,0.376331729739205
0.1952359620590927,0.804783514792669,0.9218393938803732
0.7455154548818729,0.2545040219698888,0.3257503457141187
0.5195644975946088,0.4804549792571528,0.5954657889098806
0.0062715462672613,0.9937479305845004,0.0078686481117192
0.7576884872329237,0.242330989618838,0.3112790448551896
0.7557213252049939,0.2442981516467678,0.3138305124359699
0.6397171961124204,0.3603022807393413,0.4525641275344253
0.9297859493991392,0.0702335274526225,0.103013068967532
0.3603607112946263,0.6396587655571353,0.7944413065072162
0.9901641898603508,0.0098552869914107,0.0238396665562978
0.777710690843932,0.2223087860078297,0.2867771653389946
0.3546929474319771,0.6453265294197846,0.8021151861013186
0.70377656155659,0.2962429152951717,0.3752994565958358
0.9932999629939816,0.00671951385778,0.0183471943595037
0.9984028981555422,0.0016165786962195,0.0078296944081958
0.3544592252108369,0.6455602516409248,0.8024852462847906
0.9681943010731744,0.0318251757785871,0.0546715228950392
0.2025787351732466,0.7974407416785151,0.9401671113881152
0.9683890695907912,0.0316304072609703,0.0544183238221373
0.7933311259568003,0.2066883508949613,0.2680209570924955
0.8558323432600354,0.1441871335917262,0.1935414759558265
0.988820287088795,0.0111991897629667,0.0258847359912743
0.2360204896480532,0.7639989872037084,0.9882359815359444
0.8220010517499952,0.1780184251017665,0.2341312350271702
0.8408351674035409,0.1591843094482208,0.211226457355433
0.9220925929532752,0.0779268838984866,0.1126346337378026
0.0520031942036889,0.9480162826480728,0.2109537814307695
0.7097364781956644,0.2902829986560972,0.3684046510722006
0.7457297002512514,0.2542897766005103,0.3255166234929786
0.9837757824825196,0.0162436943692421,0.0338118146582786
0.2278596887599088,0.7721597880918528,0.9950139259490096
0.9873400463549072,0.0126794304968544,0.0282803887579611
0.371559901057593,0.6284595757941687,0.7792688389848665
0.5136824883625811,0.4863369884891806,0.6024579786923242
0.952710203922638,0.0473092729291237,0.0743041894708139
0.3930233916989658,0.6069960851527959,0.7514558946691857
0.0732134857721597,0.926805991079602,0.3378259938063611
0.8480221257036012,0.1519973511481604,0.2029098416531951
0.9685059307013616,0.0315135461504002,0.0542819858598056
0.7888709269033753,0.2111485499483863,0.2733770913269579
0.9156457550201584,0.0843737218316031,0.1208149114777087
0.9005122412013322,0.0995072356504294,0.139434781761876
0.7233702744288413,0.2766492024229203,0.3519661881853417
0.8502619636561947,0.149757513195567,0.2002220361100831
0.617377247141772,0.3826422297099897,0.4789942153750268
0.1533996844750014,0.8466197923767602,0.7895136630115108
0.7389128021346629,0.2611066747170987,0.3334047484564595
0.8088346999590986,0.191184776892663,0.249965915509417
0.8420427322127652,0.1579767446389965,0.2098436008803537
0.901388699530608,0.0986307773211538,0.1384609391737919
0.7937401398437957,0.206279337007966,0.2675535126502152
0.0285725415343863,0.9714469353173752,0.0837894162787527
0.0210739536061391,0.9789455232456226,0.0467054905245116
0.604483571275539,0.3955359055762226,0.4942056366008998
0.5184348401924312,0.4815846366593304,0.596790214829675
0.8189821397269346,0.1810373371248271,0.2375981146407494
0.5132539976238241,0.4867654792279376,0.6031007148004597
0.9317336345753072,0.0682858422764544,0.1004616013867518
0.8098669731024677,0.1901525037492939,0.2486414895896227
0.9633250881327542,0.0366943887190074,0.0611183608281557
0.7557992326120406,0.244220244239721,0.3137331281771614
0.8773542644566932,0.1226652123950684,0.1674230177434119
0.9458153983990027,0.0542040784527588,0.0826402820248135
0.9436145141499328,0.0564049627018288,0.0854059949749722
0.7991741814853047,0.2008452953664569,0.2612040589759071
0.9070759402450188,0.0929435366067428,0.1315271799466334
0.0168279999220925,0.9831914769296692,0.0313577313363068
0.8043550240539119,0.1956644527978497,0.2551467580780243
0.925092028124574,0.0749274487271877,0.1087392633854663
0.599107960189315,0.4009115166624467,0.5005161365716846
0.4221218082309175,0.5778976686208441,0.7140019087314726
0.8607599867557408,0.1392594900960208,0.1876010361685137
0.997058995383986,0.0029604814677755,0.0110433749488732
0.2226204156360166,0.7773990612157451,0.9850417778470288
0.9136201624369436,0.0863993144148179,0.1232105642443955
0.6058859046023801,0.3941335722493816,0.4925501042011569
0.6020684416570905,0.3979510351946711,0.4969713495510586
0.0538534951210486,0.9461659817307132,0.2213349434197456
0.9882944120912296,0.0117250647605321,0.0268391017275967
0.0358763609450168,0.9641431159067448,0.1180297216757883
0.0295463841224704,0.9704730927292912,0.0882106616286543
0.2899713690279103,0.7100481078238513,0.8958377967785287
0.7876244083906278,0.2123950684611339,0.2749936700231774
0.8617533061955865,0.1382661706561751,0.1864519019145745
0.7464503437664336,0.2535691330853281,0.3246401651637029
0.4634516876692051,0.5365677891825565,0.6633036635958164
0.7959410240928656,0.204078452758896,0.2649825682176733
0.7208577605515845,0.2791617163001772,0.3549461465048789
0.9618058936953432,0.0382135831564185,0.0630660460043238
0.3396762947237208,0.6603431821280408,0.8234228619285978
0.7420680521200553,0.2579514247317063,0.3297431003252634
0.9065305883956916,0.0934888884560699,0.1322673003135773
0.782112459342072,0.2179070175096897,0.281557369066864
0.8451395516428725,0.1548799252088892,0.2061040453421109
0.4720604561478682,0.5279590207038934,0.6528251173480318
0.4273026507995248,0.572716826052237,0.7076329782054028
0.9004927643495705,0.0995267125021911,0.1394737354653993
0.8346804822468497,0.165338994604912,0.2187834758389654
0.1199968837037181,0.8800225931480435,0.6236877471125567
0.9201643846288686,0.0798550922228931,0.1151276707632978
0.3928675768848723,0.6071518999668893,0.7517285705938492
0.0279103285744892,0.9721091482772724,0.0797187542605613
0.9186841438949808,0.0813353329567808,0.1168026800148024
0.965409111271254,0.0346103655805075,0.058469508988567
0.2491478877354264,0.7508715891163352,0.9625265372105252
0.4669185672827844,0.5331009095689773,0.6591550941705783
0.0506787682838945,0.9493407085678672,0.2013711703640223
0.5058138402508618,0.4942056366008998,0.6123522193872583
0.6622908673042089,0.3377286095475527,0.4255107804374501
0.439631497964669,0.5603879788870927,0.6924410338312915
0.813820774010089,0.1861987028416726,0.243733322945679
0.387939933389167,0.6120795434625947,0.7580780242681573
0.9094326393081822,0.0905868375435794,0.1285666984788578
0.9784001713962956,0.0216193054554661,0.0415051711041427
0.8611495237909744,0.1388699530607872,0.1871725454297567
0.9976238240850748,0.0023956527666867,0.0097968564361256
0.9432055002629376,0.0568139765888241,0.0858734394172525
0.9644936992384552,0.0355257776133065,0.0596381200942679
0.8258185146952847,0.174200962156477,0.2295346980114134
0.9386868706542274,0.0613326061975342,0.0913269579105233
0.6774633348265586,0.322556142025203,0.4073973082990865
0.3321971836472353,0.6678222932045265,0.8337066396587656
0.3921469333696901,0.6078725434820715,0.7525855520713632
0.7651286446058859,0.2348908322458757,0.3021638782307227
0.0164579397386206,0.983561537113141,0.0303254581929376
0.7415227002707282,0.2584967765810334,0.3303663595816372
0.3060787254348207,0.693940751416941,0.8709269033753384
0.9092573476423272,0.0907621292094345,0.1287614669964747
0.9872426620960988,0.0127768147556628,0.0283972498685312
0.9804257639795104,0.0195937128722513,0.0387589350057456
0.8781917690824456,0.1218277077693161,0.1663517908965195
0.9429133474865122,0.0571061293652494,0.0862434996007245
0.4956469236312642,0.5043725532204975,0.6245057748865473
0.1512377539294548,0.8487817229223068,0.7810217556434178
0.9686422686636932,0.0313772081880684,0.0540872173421888
0.9877490602419025,0.0122704166098591,0.0277545137603957
0.8696024774555441,0.1304169993962176,0.1768498139960656
0.1071811152445318,0.8928383616072298,0.5498120483804998
0.929493796622714,0.0705256802290477,0.1034026060027657
0.7876828389459127,0.2123366379058489,0.2749352394678924
0.9695187269929688,0.0305007498587928,0.0528406988294412
0.4791889838926436,0.5208304929591181,0.6443332099799388
0.8352258340961767,0.1647936427555849,0.2181212628790682
0.0632802913737023,0.9367391854780592,0.2798628829635977
0.9728297917924548,0.027189685059307,0.0486142219971563
0.1288393744035214,0.8711801024482403,0.6755546033539138
0.1951775315038077,0.804841945347954,0.9217030559180414
0.8157684591862572,0.1842510176655045,0.2412597627719455
0.7371014549208266,0.2629180219309351,0.3356835401125762
0.9347135928948443,0.0653058839569172,0.0965857078861772
0.983756305630758,0.0162631712210038,0.033850768361802
0.9738620649358236,0.0261574119159379,0.0473287497808854
0.0285725415343863,0.9714469353173752,0.0837894162787527
0.7346863253023781,0.2653331515493836,0.3386440215803517
0.0474261340396938,0.952593342812068,0.1818748417505794
0.1120698050367138,0.8879496718150478,0.5791052334300684
0.6845723857195722,0.3154470911321894,0.3988469703757085
0.9211382272169526,0.078881249634809,0.1137448142882184
0.2504138830999357,0.749605593751826,0.9602672224061702
0.4061313129345772,0.5938881639171845,0.734394172525953
0.943166546559414,0.0568529302923475,0.0859123931207759
0.8805484681456089,0.1194710087061527,0.1636250316498841
0.8530861071616384,0.1469333696901233,0.1967941102000272
0.9475877919093156,0.0524316849424459,0.0804393977757435
0.9029468476715424,0.0970726291802193,0.1365522077011471
0.8890793292172253,0.1109401476345363,0.1530296242915295
0.3537580585474164,0.6462614183043452,0.8035175194281596
0.6897727051399412,0.3102467717118205,0.392516993553162
0.5754825390023957,0.424536937849366,0.5284264651461738
0.0996046199092378,0.9004148569425238,0.5003797986093528
0.7450674872913542,0.2549519895604074,0.3262372670081608
0.8346804822468497,0.165338994604912,0.2187834758389654
0.7852677093274643,0.2147517675242973,0.2777204292698128
0.5892721500496659,0.4107473268020957,0.5121243402216465
0.7599478020372787,0.240071674814483,0.3084159476462225
0.0313577313363068,0.9686617455154548,0.0967415227002707
0.0561322867771653,0.9438871900745964,0.2341507118789318
0.959975069629745,0.0400444072220166,0.0655201293262957
0.9542099215082874,0.0458095553434742,0.0723370274428841
0.1616383927701926,0.8383810840815691,0.8184757415811308
0.0956508190016165,0.9043686578501452,0.47439767835927
0.6689909043102273,0.3310285725415344,0.4173110258457823
0.8533977367898253,0.1466217400619364,0.1963850963130319
0.9147303429873596,0.0852891338644021,0.1218666614728395
0.6546559414136299,0.3453635354381318,0.4346649007654403
0.6734900570671757,0.326529419784586,0.4120327990183666
0.7631614825779561,0.2368579942738055,0.3044231930350778
0.6477416590382331,0.3522778178135286,0.4429425627641548
0.7129501587363418,0.2870693181154198,0.3644703270163411
0.9025767874880704,0.0974426893636912,0.1370196521434275
0.0959819254815651,0.9040375513701964,0.4763064098319147
0.691739867167871,0.3082796096838907,0.3899850028241435
0.0007595972187055,0.999259879633056,0.0007595972187055
0.0245992637750034,0.9754202130767584,0.0619169117503846
0.8295775470852891,0.1704419297664725,0.22497711469918
0.3823500769335644,0.6176693999181972,0.765245505716456
0.5767290575151433,0.4232904193366184,0.5268877938570009
0.0117640184640554,0.9882554583877062,0.0186783008394523
0.6415285433262568,0.3584909335255049,0.4503632432853554
0.9222094540638452,0.0778100227879165,0.1124982957754708
0.8045497925715287,0.1954696842802329,0.2549325127086457
0.4878172292230683,0.5122022476286933,0.6336014646592525
0.9362522641840172,0.0637672126677443,0.0946185458582474
0.95783261593596,0.0421868609158015,0.068246888572931
0.967921625148511,0.0320978517032506,0.0550805367820345
0.4825974329509378,0.5174220439008239,0.640106733147654
0.783086301930156,0.2169331749216056,0.2802524199988314
0.941218861383246,0.0588006154685156,0.0883664764427478
0.9368560465886294,0.0631634302631322,0.0938199949360185
0.6145725804880899,0.3854468963636718,0.4821494653604191
0.6879613579261048,0.3120581189256569,0.394717877802232
0.724675223496874,0.2753442533548877,0.3503496094891222
0.7620123483240169,0.2380071285277447,0.3057670958066338
0.7032506865590246,0.296768790292737,0.3759227158522096
0.5945698537288433,0.4054496231229184,0.5057748865473385
0.9217614864733265,0.0782579903784352,0.1130046939212745
0.0005258749975653,0.9994936018541964,0.0005258749975653
0.8258185146952847,0.174200962156477,0.2295152211596517
0.9881775509806596,0.0118419258711021,0.0271312545040219
0.6467288627466257,0.353290614105136,0.4441111738698556
0.8813859727713612,0.1186335040804004,0.1625343279512299
0.5084237383869271,0.4915957384648345,0.6091774925501042
0.748748612274312,0.2512708645774497,0.3219134059170676
0.9405956021268722,0.0594238747248894,0.0890676431061683
0.9278187873712092,0.0722006894805523,0.1052918606236488
0.6874939134838245,0.3125255633679372,0.3953021833550825
0.0353894396509748,0.9646300372007868,0.1158288374267183
0.0433944257250258,0.956625051126736,0.1597491381493095
0.835634847983172,0.1643846288685896,0.2176538184367878
0.6931032467911886,0.306916230060573,0.3883099935726389
0.989618838011024,0.0104006388407377,0.0246771711820501
0.8312915100403171,0.1687279668114445,0.2229709989677268
0.6241746684065987,0.3758448084451629,0.4710281830044991
0.5776834232514656,0.422336053600296,0.5258165670101085
0.482461094988606,0.5175583818631556,0.6402820248135092
0.8070817833005473,0.1929376935512143,0.2518941238338235
0.0320004674444422,0.9680190094073194,0.0992150828740042
0.5514091502249576,0.448610326626804,0.5567847613111817
0.8424517460997605,0.1575677307520012,0.2093177258827883
0.0827571431353836,0.917262333716378,0.3951074148374657
0.8584422413961007,0.1415772354556609,0.1903083185633874
0.0846269209045049,0.9153925559472568,0.4059949749722454
0.0225736711917885,0.9774458056599732,0.0535418654928617
0.7430418947081394,0.2569775821436223,0.3286523966266093
0.6305241220809068,0.3694953547708548,0.4636659330385836
0.0299943517129891,0.9700251251387726,0.0912880042069999
0.818651033246986,0.1813684436047757,0.2379876516759831
0.9379857039908068,0.0620337728609547,0.0923397542021307
0.5984847009329411,0.4015347759188205,0.501217303235105
0.0329158794772413,0.9671035973745205,0.1038310967415227
0.2584967765810334,0.7415227002707282,0.9466139493212316
0.918430944822079,0.0815885320296827,0.1171532633465126
0.6369709600140233,0.3630485168377383,0.4557193775198176
0.7245583623863039,0.2754611144654578,0.3504859474514539
0.717157158716865,0.2828623181348966,0.3593673918547806
0.9998636620376682,0.0001558148140934,0.0035253101688643
0.7782365658414974,0.2217829110102643,0.2861733829343825
0.93559005122412,0.0644294256276415,0.0954755273357614
0.9363886021463492,0.0636308747054126,0.0944237773406306
0.4481039284810003,0.5519155483707614,0.682079348694077
0.3531737529945659,0.6468457238571957,0.8042576397951036
0.9177103013068968,0.0823091755448649,0.1182439670451668
0.8948639541904446,0.105155522661317,0.146154295619656
0.731764797538126,0.2682546793136357,0.3422472391562627
0.2924644060534055,0.7075550707983561,0.8920592875367626
0.3110063689305261,0.6890131079212356,0.8638957598893715
0.7444831817385038,0.2555362951132578,0.3269189568198196
0.8759129774263288,0.1241064994254328,0.169312272364295
0.0003311064799485,0.9996883703718132,0.0003311064799485
0.0126015230898077,0.987417953761954,0.0208012776814755
0.7930974037356602,0.2069220731161015,0.2682936330171591
0.4186938823208616,0.5813255945309,0.7184621077848976
0.942562764154802,0.0574567126969596,0.0867109440430048
0.9107570652279764,0.0892624116237851,0.1269695966344
0.116705295755994,0.8833141810957676,0.6047172934966792
0.5837017704458252,0.4163177064059365,0.518824377227665
0.813450713826617,0.1865687630251446,0.2442397210914828
0.023274837855209,0.9767446389965526,0.0565218238123989
0.7561498159437509,0.2438696609080108,0.3133046374384045
0.5919015250374929,0.4081179518142687,0.5089106596809692
0.8340961766939992,0.1659233001577625,0.2195041193541476
0.5519545020742848,0.448064974777477,0.5561615020548079
0.936817092885106,0.0632023839666556,0.0938589486395419
0.8708100422647683,0.1292094345869933,0.1753890501139395
0.9905732037473464,0.0094462731044154,0.0231190230411156
0.9836783982237112,0.0163410786280505,0.0339481526206104
0.4962507060358763,0.5037687708158853,0.6237461776678418
0.3555694057612527,0.6444500710905089,0.8008881444403326
0.0605145784235436,0.939504898428218,0.2616130728629024
0.9486979724597316,0.05132150439203,0.0791344487077108
0.9634419492433244,0.0365775276084373,0.0609625460140622
0.8211051165689578,0.1789143602828038,0.2351440313187776
0.8884171162573281,0.1116023605944335,0.1538476520655201
0.8099448805095144,0.1900745963422472,0.2485246284790526
0.8079971953333464,0.1920222815184153,0.2509008043939777
0.0005258749975653,0.9994936018541964,0.0005258749975653
0.9621954307305768,0.0378240461211849,0.0625012173032351
0.8344857137292329,0.1655337631225288,0.2189977212083438
0.7578248251952554,0.2421946516565062,0.3111037531893345
0.0492764349570535,0.9507430418947082,0.1931519389205928
0.92631906978556,0.0737004070662018,0.1071811152445318
0.7193775198176967,0.280641957034065,0.3566990631634302
0.5528893909588454,0.4471300858929162,0.5550902752079154
0.7736205519739789,0.2263989248777827,0.2917437625382233
0.987164754689052,0.0128547221627096,0.0285530646826247
0.57020431217498,0.4298151646767816,0.5347369651169585
0.8252536859941959,0.1747657908575657,0.2302163878230722
0.7008745106440994,0.2991449662076622,0.3787273825058918
0.478000895935181,0.5220185809165806,0.6458134507138266
0.5227002707282394,0.4773192061235222,0.5916288491128294
0.0465301988586564,0.9534892779931052,0.1774146426971544
0.6180005063981459,0.3820189704536159,0.4782735718598446
0.5176557661219641,0.4823637107297976,0.597764057417759
0.5595894279648638,0.4404300488868979,0.5472411039479579
0.9851196852540756,0.0148997915976861,0.0318641294821105
0.930896129949555,0.0691233469022067,0.1014549208265975
0.967006213115712,0.0330132637360497,0.056210194184212
0.7737568899363106,0.2262625869154509,0.2916074245758915
0.9856260833998792,0.0143933934518824,0.0311045322634049
0.6979724597316089,0.3020470171201527,0.382252692674756
0.2058897999727324,0.7941296768790292,0.9484447733868298
0.6271741035778977,0.372845373273864,0.4675613033909199
0.5451960345129814,0.4548234423387803,0.5644586409052841
0.979354537132618,0.0206649397191437,0.04020022203611
0.968291685331983,0.0317277915197787,0.0545157080809457
0.7526050289231249,0.2474144479286368,0.3174337300118808
0.8398418479636951,0.1601776288880665,0.2123950684611339
0.3369884891806088,0.6630309876711529,0.8273766628362191
0.9481720974621662,0.0518473793895954,0.0797577079640846
0.7940907231755059,0.2059287536762557,0.267202929318505
0.0225347174882652,0.9774847593634964,0.0533276201234832
0.0203922637944802,0.9796272130572814,0.043258087762694
0.8305513896733732,0.1694680871783885,0.2238474572970025
0.3032935356329003,0.6967259412188613,0.8749975653935298
0.8240071674814483,0.1760123093703133,0.2317550591122451
0.9222094540638452,0.0778100227879165,0.1124982957754708
0.8823987690629687,0.117620707788793,0.1611904251796739
0.0074206805212005,0.9925987963305613,0.0097968564361256
0.8273961396879809,0.1726233371637808,0.2276259665387686
0.674385992248213,0.3256334846035487,0.4110200027267592
0.7608242603665544,0.2391952164852073,0.3072473365405216
0.9044270884054302,0.0955923884463315,0.1348187678943575
0.8379915470463354,0.1620279298054262,0.2146154295619656
0.1553863233546929,0.8446331534970687,0.7963500379798609
0.0545546617844691,0.9454648150672924,0.2248992072921333
0.9445104493309702,0.0555090275207915,0.0841789533139863
0.920320199442962,0.0796992774087996,0.1148744716903959
0.6921294042031046,0.3078900726486571,0.3895565120853865
0.8784644450071091,0.1215550318446526,0.1660206844165709
0.9137565003992756,0.0862629764524862,0.1230352725785404
0.7621097325828253,0.2379097442689363,0.3056502346960637
0.9288315836628168,0.0711878931889449,0.1041037726661862
0.7748281167832032,0.2251913600685585,0.2902245681008122
0.8723097598504178,0.1277097170013439,0.1736556103071499
0.2840114523888358,0.7160080244629258,0.905167208772374
0.7950061352083049,0.2050133416434567,0.2660927487680891
0.0007595972187055,0.999259879633056,0.0007595972187055
0.8581111349161522,0.1419083419356095,0.190697855598621
0.7671347603373391,0.2328847165144226,0.2996903180569892
0.6307967980055704,0.3692226788461913,0.4633543034103967
0.6998617143524921,0.3001577624992696,0.3800518084256861
0.8450616442358257,0.1549578326159359,0.2061819527491576
0.8303566211557564,0.1696628556960053,0.2240422258146193
0.9536256159554368,0.0463938608963247,0.073077147809828
0.5197008355569406,0.4803186412948211,0.5953099740957871
0.9242545234988216,0.07576495335294,0.1098689207876438
0.5974719046413338,0.4025475722104279,0.5023664374890443
0.8293438248641489,0.1706756519876127,0.2252497906238435
0.0052977036791772,0.9947217731725844,0.0063689305260697
0.4036577527608437,0.5963617240909179,0.7373936076972518
0.1285861753306195,0.8714333015211421,0.6739769783612177
0.7823656584149739,0.2176538184367878,0.2812067857351538
0.9631692733186608,0.0368502035331009,0.0613131293457725
0.9356874354829284,0.0643320413688331,0.095319712521668
0.7813333852716047,0.2186860915801569,0.2824533042479014
0.9016418986035096,0.0983775782482519,0.1381298326938433
0.9828214167461972,0.0171980601055645,0.0351557174298346
0.6861889644157918,0.3138305124359699,0.3968603314960169
0.80618584811951,0.1938336287322517,0.2530043043842393
0.8891182829207487,0.110901193931013,0.1529906705880061
0.4092670860682079,0.5907523907835538,0.7305182790253784
0.5680813353329568,0.4319381415188049,0.5371715715871687
0.8433671581325595,0.1566523187192022,0.2082270221841341
0.1035778976686208,0.8964415791831408,0.5263424420076739
0.3381571002863097,0.661862376565452,0.8256042693259061
0.3401632160177629,0.6598562608339988,0.8227606489687007
0.850300917359718,0.1497185594920437,0.2001830824065598
0.639191321114855,0.3608281557369067,0.4531484330872757
0.7643106168318953,0.2357088600198663,0.3031377208188068
0.1871725454297567,0.8128469314220049,0.9001032273143369
0.7901953528231697,0.209824124028592,0.2717020820754533
0.6128391406813003,0.3871803361704614,0.4841750579436339
0.7524102604055081,0.2476092164462536,0.3176479753812594
0.3039362717410357,0.6960832051107259,0.8739847691019224
0.3146485402099604,0.6853709366418013,0.8586370099137175
0.9686617455154548,0.0313577313363068,0.0540677404904271
0.7711859455037687,0.2288335313479929,0.2944899986366204
0.0893987495861169,0.9106207272656448,0.4350349609489122
0.5834875250764466,0.416531951775315,0.5191165300040902
0.8899363106947393,0.1100831661570223,0.1519973511481604
0.8595329450947549,0.1404865317570068,0.1890228463471164
0.9928909491069864,0.0071285277447753,0.0190288841711625
0.8892156671795571,0.1108038096722045,0.152873809477436
0.4887910718111524,0.5112284050406093,0.632471807257075
0.9751085834485712,0.0249108934031903,0.0457706016399509
0.8761077459439456,0.123911730907816,0.1689811658843464
0.9675126112615156,0.0325068655902459,0.0555674580760765
0.8483337553317881,0.1516857215199735,0.2025787351732466
0.9930662407728414,0.0069532360789202,0.018756208246499
0.0082387082951911,0.9917807685565704,0.0112186666147283
0.1371559901057593,0.8628634867460023,0.7183842003778509
0.813820774010089,0.1861987028416726,0.2436554155386323
0.8623765654519604,0.1376429113998013,0.1856923046958689
0.0022008842490699,0.9978185926026916,0.0022203611008316
0.8682196209804647,0.1317998558712969,0.1786416843581403
0.9230469586895974,0.0769725181621642,0.1114075920768167
0.1335917262333716,0.8664277506183901,0.7006797421264827
0.5726973492004752,0.4273221276512864,0.5318738679079914
0.2462263599711742,0.7537931168805875,0.967980055703796
0.0712852774477533,0.9287341994040084,0.3259256373799739
0.3990222620415636,0.6009972148101981,0.7434509085951346
0.0116861110570087,0.988333365794753,0.0184640554700738
0.9846522408117953,0.0153672360399665,0.0324873887384843
0.8266754961727987,0.173343980678963,0.2284245174609976
0.7076719319089262,0.2923475449428354,0.3707808269871258
0.9370508151062462,0.0629686617455154,0.09360574956664
0.0714021385583234,0.9286173382934384,0.3268800031162963
0.9323179401281576,0.067701536723604,0.0998188652786163
0.924663537385817,0.0753559394659447,0.1093625226418401
0.2840309292405975,0.7159885476111642,0.9051282550688506
0.8106265703211732,0.1893929065305884,0.247706600705062
0.566172603860312,0.4338468729914496,0.5392945484291919
0.4504995812476871,0.5495198956040745,0.6790604366710165
0.874432736692441,0.1255867401593206,0.1710067584675613
0.4117016925384181,0.5883177843133436,0.727479890150556
0.7160859318699725,0.2839335449817891,0.3607307714780983
0.9162105837212472,0.0838088931305143,0.1200942679625265
0.0047913055333735,0.995228171318388,0.0056482870108875
0.925695810529186,0.0743236663225756,0.1079601893149991
0.7769510936252264,0.2230683832265352,0.2877315310753169
0.21165494809419,0.7883645287575717,0.9623707223964318
0.7440157372962234,0.2560037395555382,0.3275227392244317
0.9356290049276434,0.0643904719241181,0.095436573632238
0.9910601250413884,0.0089593518103733,0.0223399489706483
0.9967278889040376,0.0032915879477241,0.011666634205247
0.0238007128527744,0.9762187639989872,0.0581578793603801
0.2922306838322653,0.7077887930194964,0.8925267319790429
0.060670393237637,0.9393490836141246,0.2629180219309351
0.8091852832908089,0.1908341935609528,0.2495569016224217
0.2474144479286368,0.7526050289231249,0.9657986483064878
0.9874763843172388,0.0125430925345227,0.0280661433885826
0.0062131157119763,0.9938063611397854,0.0078102175564341
0.2464600821923144,0.7535593946594472,0.9675905186685624
0.6742496542858812,0.3257698225658804,0.4111758175408527
0.8901310792123561,0.1098883976394055,0.1517246752234968
0.2453109479383752,0.7547085289133865,0.9699666945834876
0.1711236195781313,0.8288958572736302,0.851216329392517
0.8019593712872252,0.1980601055645365,0.257970901583468
0.743061371559901,0.2569581052918606,0.3286329197748476
0.1991118555596673,0.8009076212920944,0.9314609586506436
0.1954112537249479,0.8046082231268138,0.9223652688779386
0.7940517694719825,0.2059677073797791,0.2672418830220283
0.93767407436262,0.0623454024891416,0.0927292912373644
0.5749956177083536,0.425023859143408,0.5290302475507859
0.8622012737861052,0.1378182030656564,0.1859065500652474
0.9551058566893248,0.0449136201624369,0.0713242311512767
0.9110102643008784,0.0890092125508832,0.1266774438579748
0.5881424926474884,0.4118769842042732,0.5135266735484876
0.9324542780904894,0.0675651987612722,0.0996435736127612
0.2714488830025515,0.7285705938492102,0.9249946438657656
0.9254815651598076,0.0745379116919541,0.1082523420914243
0.7650702140506008,0.2349492628011608,0.3022612624895311
0.0416415090664744,0.9583779677852872,0.1499912354167072
0.9672204584850904,0.0327990183666712,0.0559375182595485
0.9901641898603508,0.0098552869914107,0.0237812360010127
0.7557408020567555,0.2442786747950061,0.3138110355842081
0.6866564088580722,0.3133630679936895,0.3962955027949282
0.5009446273104415,0.4990748495413201,0.6180394601016692
0.8386537600062326,0.161365716845529,0.2138363554914983
0.8723876672574645,0.1276318095942971,0.1735582260483415
0.8714917320764272,0.1285277447753345,0.1745904991917106
0.8859435560835947,0.114075920768167,0.156847087236819
0.5515649650390511,0.4484545118127106,0.5566094696453265
0.315895058722708,0.6841244181290537,0.8568061858481195
0.4659057709911769,0.5341137058605847,0.6603821358315641
0.89979159768615,0.1002278791656116,0.1403307169429133
0.8670899635782872,0.1329295132734744,0.1800440176849814
0.609917612917048,0.3901018639347136,0.4876614144089749
0.6760610014997176,0.3239584753520441,0.409013886995306
0.0110044212453499,0.9890150556064118,0.0169059073291393
0.7902148296749314,0.2098046471768303,0.2716826052236916
0.0982996708412052,0.9017198060105563,0.4915567847613112
0.3043258087762694,0.6956936680754923,0.8734394172525953
0.0133221666049899,0.9866973102467718,0.0222425647118399
0.8154568295580702,0.1845626472936914,0.2416298229554175
0.0590148608378941,0.9410046160138676,0.2520109849443936
0.7729778158658435,0.2270416609859182,0.2924644060534055
0.365814229787897,0.6342052470638646,0.7869621954307305
0.8850865746060806,0.114932902245681,0.1579377909354732
0.8309798804121302,0.1690395964396314,0.2233410591511988
0.9834251991508092,0.0165942777009524,0.034337689655844
0.077167286679781,0.9228521901719806,0.362581072395458
0.2768829246440605,0.7231365522077011,0.9164832596459108
0.9878659213524724,0.012153555499289,0.0275792220945406
0.041485694252381,0.9585337825993806,0.14921216134624
0.4359503729817112,0.5640691038700505,0.6969596634400016
0.9455427224743392,0.0544767543774224,0.0829519116530004
0.2986969986171435,0.7013224782346181,0.8819702783242117
0.729622343844341,0.2703971330074207,0.3448376604405664
0.6287906822741172,0.3712287945776444,0.4656720487700368
0.0127378610521395,0.987281615799622,0.021015523050854
0.9183140837115088,0.0817053931402528,0.1173285550123678
0.9413941530491012,0.0586253238026605,0.0881132773698459
0.4834544144284518,0.5165650624233099,0.6389770757454765
0.6020489648053289,0.3979705120464328,0.4969908264028203
0.3430068363749683,0.6570126404767933,0.8187289406540327
0.9399528660187368,0.0600666108330249,0.0898272403248739
0.6048536314590109,0.3951658453927507,0.4937771458621428
0.7825604269325906,0.217459049919171,0.2809730635140136
0.9976238240850748,0.0023956527666867,0.0097968564361256
0.3120581189256569,0.6879613579261048,0.8625323802660538
0.2587304988021736,0.741288978049588,0.9462633659895214
0.9816528056404964,0.0183666712112654,0.0369281109401476
0.943166546559414,0.0568529302923475,0.0859318699725376
0.1963266657577469,0.8036928110940148,0.9244882457199618
0.1282355919989093,0.8717838848528524,0.6720487700368113
0.021502444344896,0.9785170325068656,0.0489258516253432
0.9006291023119023,0.0993903745398593,0.1392984437995442
0.8820092320277351,0.1180102448240266,0.1616968233254776
0.8404456303683072,0.1595738464834544,0.21165494809419
0.3091950217166897,0.690824455135072,0.8663303663595816
0.7251231910873926,0.274896285764369,0.3498237344915568
0.2867187347837096,0.7133007420680522,0.9006096254601407
0.8779385700095437,0.122080906842218,0.1667218510799914
0.2474339247803985,0.7525855520713632,0.9657596946029644
0.9626239214693336,0.0373955553824279,0.0619948191574313
0.9357458660382136,0.0642736108135481,0.0952418051146212
0.791091288004207,0.2089281888475546,0.2706503320803225
0.7438793993338917,0.25614007751787,0.3276590771867635
0.2256003739555538,0.7744191028962079,0.990826402820248
0.7195138577800284,0.2805056190717332,0.3565432483493368
0.5503184465263035,0.4497010303254582,0.5580507566756909
0.7262918021930935,0.2737276746586681,0.3485382622752858
0.313148822624311,0.6868706542274506,0.8607989404592642
0.7941102000272676,0.2059092768244941,0.2671834524667433
0.7499561770835362,0.2500632997682254,0.3205110725902265
0.0888728745885515,0.9111466022632102,0.4305358081919638
0.6193249323179402,0.3806945445338215,0.4766764700153867
0.9750306760415246,0.024988800810237,0.045887462750521
0.5129423679956372,0.4870771088561245,0.6035292055392166
0.4887326412558674,0.5112868355958943,0.6325497146641217
0.7185594920437061,0.2814599848080556,0.3577118594550377
0.9686422686636932,0.0313772081880684,0.0540872173421888
0.102467717118205,0.8975517597335567,0.5184348401924312
0.0698050367138655,0.930214440137896,0.3159145355744697
0.7387764641723312,0.2612430126794305,0.333618993825838
0.93083769939427,0.0691817774574917,0.101552305085406
0.2378513137136513,0.7621681631381103,0.9845353797012252
0.5080536782034552,0.4919657986483065,0.6095865064370996
0.7071655337631225,0.2928539430886391,0.3713261788364528
0.964863759421927,0.0351557174298346,0.0592096293555109
0.9557291159456984,0.0442903609060631,0.0706620181913795
0.9090236254211868,0.0909958514305747,0.1290146660693765
0.1903472722669107,0.8096722045848509,0.9080108291295796
0.4204467989794129,0.5795726778723487,0.7161248855734959
0.8791461348187679,0.1208733420329937,0.165280564049627
0.91311376429114,0.0869057125606217,0.1238727772042927
0.6879808347778665,0.3120386420738952,0.3946984009504704
0.8635451765576612,0.1364743002941004,0.1843094482207896
0.0201780184251017,0.97984145842666,0.0424790136922267
0.8891767134760338,0.1108427633757279,0.1529127631809594
0.6544806497477748,0.3455388271039869,0.4348791461348187
0.9700446019905342,0.0299748748612274,0.0521590090177823
0.8984671717663557,0.101552305085406,0.1418304345285628
0.7432366632257562,0.2567828136260054,0.3284576281089925
0.0648579163663985,0.9351615604853633,0.2891143875503963
0.5606411779599946,0.4393782988917671,0.5459166780281636
0.732797070681495,0.2672224061702666,0.3409422900882301
0.8380694544533821,0.1619500223983795,0.2145375221549189
0.004090138869953,0.9959293379818086,0.0046160138675184
0.7782560426932591,0.2217634341585026,0.2861344292308591
0.0384862590810821,0.9615332177706796,0.1310207818008297
0.589875932454278,0.4101435443974836,0.5114036967064644
0.9131332411429016,0.08688623570886,0.1238338235007693
0.7329139317920651,0.2671055450596965,0.34082542897766
0.7493523946789241,0.2506670821728375,0.3211927624018854
0.7210330522174395,0.2789864246343221,0.3547708548390238
0.2172642814015542,0.7827551954502074,0.973725726973492
0.3557446974271079,0.6442747794246538,0.8006349453674309
0.0570866525134877,0.942932824338274,0.2416298229554175
0.8577995052879652,0.1422199715637964,0.1910679157820929
0.9672983658921372,0.0327211109596244,0.0558401340007401
0.919229495744308,0.0807899811074537,0.1162378513137136
0.8687649728297918,0.1312545040219699,0.1779015639911964
0.951424731706367,0.0485947451453947,0.0759597218705568
0.5840328769257738,0.4159865999259879,0.5184348401924312
0.896616870848996,0.1034026060027657,0.1439728882223477
0.8526576164228814,0.1473618604288802,0.1973394620493543
0.3287692577371793,0.6712502191145823,0.8384395146368541
0.6350232748378553,0.3649962020139065,0.4582513682488363
0.9023430652669302,0.0976764115848314,0.1373118049198527
0.7117815476306409,0.2882379292211207,0.3660479520090373
0.4168630582552636,0.583156418596498,0.7208382836998227
0.9556122548351283,0.0444072220166332,0.0707983561537113
0.9802309954618936,0.0197884813898681,0.0390121340786475
0.4723915626278168,0.5276279142239448,0.6523966266092749
0.8780943848236371,0.1219250920281245,0.1664686520070895
0.4222581461932493,0.5777613306585123,0.7137876633620942
0.9336618428997135,0.066357633952048,0.0979685643612566
0.390199248193522,0.6098202286582397,0.7551954502074285
0.0371034026060027,0.9629160742457588,0.1242428373877646
0.7592076816703348,0.2408117951814268,0.3093897902343065
0.2445513507196696,0.755468126132092,0.9715053658726605
0.7847028806263755,0.2153165962253861,0.2783436885261866
0.9989092963013458,0.0011101805504158,0.0064663147848781
0.92643593089613,0.0735835459556317,0.1070253004304384
0.0214829674931344,0.9785365093586272,0.0489063747735816
0.9443741113686384,0.0556453654831233,0.0843542449798414
0.163079679800557,0.8369397970512047,0.8232475702627428
0.9877295833901408,0.0122898934616208,0.0277739906121574
0.9249556901622422,0.0750637866895195,0.1088950781995598
0.8544300099331944,0.1455894669185672,0.1951191009485227
0.6776581033441754,0.3223613735075862,0.4071635860779463
0.9041154587772432,0.0959040180745184,0.1352083049295911
0.8835284264651462,0.1164910503866155,0.1598659992598796
0.7544163761369612,0.2456031007148004,0.3153107531698576
0.9517753150380772,0.0482441618136844,0.0755117542800381
0.8009855286991411,0.1990339481526206,0.2591200358374072
0.9126073661453362,0.0874121107064254,0.1245349901641898
0.8714917320764272,0.1285277447753345,0.1745710223399489
0.733537191048439,0.2664822858033227,0.3399684475001461
0.9196774633348266,0.0803420135169351,0.1156535457608632
0.9912743704107668,0.0087451064409948,0.0218530276766063
0.6367177609411214,0.3633017159106402,0.4560115302962429
0.7036986541495432,0.2963208227022184,0.3753773640028826
0.616831895292445,0.3831875815593167,0.4795979977796389
0.3213485772159788,0.6786708996357829,0.849073875698732
0.992910425958748,0.0071090508930136,0.0189509767641158
0.8977270513994118,0.1022924254523498,0.1427068928578384
0.1000525874997565,0.8999668893520052,0.5031260347077499
0.6214479091599634,0.3785715676917983,0.4742029098416532
0.9141265605827474,0.0858929162690142,0.1226262586915451
0.8169370702919581,0.1830824065598036,0.2399353368521512
0.0337923378065169,0.9662271390452448,0.1083692032019944
0.6035292055392166,0.396490271312545,0.4953158171513157
0.0229242545234988,0.9770952223282628,0.0548857682644177
0.9941179907679722,0.0059014860837894,0.0168279999220925
0.822312681378182,0.1777067954735796,0.2337611748436982
0.2163683462205169,0.7836511306312448,0.9722260093878424
0.9477436067234092,0.0522758701283524,0.0802641061098883
0.8967142551078043,0.1033052217439573,0.1438755039635393
0.608885339773679,0.3911341370780827,0.4889079329217225
0.7749644547455349,0.2250550221062267,0.2900297995831953
0.901739282862318,0.0982801939894435,0.1380324484350349
0.6620766219348304,0.3379428549169312,0.4257445026585902
0.5809750111991898,0.4190444656525719,0.5220380577683423
0.4277700952418051,0.5722493816099565,0.7070291958007907
0.0123288471651442,0.9876906296866176,0.0199832499074849
0.0310655785598815,0.96895389829188,0.0954755273357614
0.2157450869641431,0.7842743898876186,0.9710184445786184
0.5690746547728025,0.4309448220789592,0.5360224373332294
0.9079718754260562,0.0920476014257055,0.1302806614338858
0.8796720098163333,0.1203474670354284,0.1646962584967765
0.8719981302222308,0.1280213466295308,0.1740646241941452
0.9452116159943906,0.054807860857371,0.0833024949847106
0.9005706717566173,0.0994488050951444,0.1393763512065909
0.8432308201702277,0.156788656681534,0.2083828369982276
0.0795824162982295,0.920437060553532,0.3783962760259431
0.5944529926182732,0.4055664842334885,0.5059501782131937
0.9743684630816276,0.0256510137701341,0.0467054905245116
0.7841380519252868,0.2158814249264748,0.2790059014860838
0.9307792688389848,0.0692402080127768,0.1016302124924527
0.2083244064429425,0.7916950704088191,0.9548137039128995
0.3495705354186549,0.6504489414331067,0.8095942971778042
0.9970979490875096,0.0029215277642521,0.0109070369865414
0.2877315310753169,0.7122879457764447,0.8992657226885846
0.0657148978439125,0.9343045790078492,0.294937966227139
0.902479403229262,0.0975400736224996,0.1371559901057593
0.9884697037570848,0.0115497730946769,0.0265469489511715
0.8263054359893267,0.173714040862435,0.2288919619032779
0.8567088015893111,0.1433106752624506,0.1923533879983639
0.8841127320179966,0.115906744833765,0.1591648325964591
0.9453869076602458,0.0546325691915158,0.0831272033188555
0.8364333989054009,0.1635860779463607,0.2166215452934187
0.9823150186003934,0.0177044582513682,0.0358568840932551
0.7599478020372787,0.240071674814483,0.3084159476462225
0.3371248271429406,0.6628946497088211,0.8272208480221257
0.2564711839978186,0.7435482928539431,0.9501197826383344
0.0206065091638587,0.979412967687903,0.0442514072025397
0.3674502853358783,0.6325691915158834,0.7848197417369457
0.1194125781508677,0.880606898700894,0.6207662193483046
0.9702588473599127,0.0297606294918489,0.0519447636484038
0.8837816255380481,0.1162378513137136,0.1595738464834544
0.7464308669146719,0.2535886099370897,0.3246791188672263
0.9182556531562238,0.0817638236955378,0.1174064624194145
0.8821066162865434,0.1179128605652182,0.1615994390666692
0.0010127962916074,0.9990066805601544,0.0010127962916074
0.8334144868823403,0.1666049899694213,0.2202637165728531
0.7709522232826286,0.229067253569133,0.2947431977095222
0.9436339910016944,0.0563854858500671,0.0853865181232105
0.9682137779249362,0.0318056989268254,0.0546520460432775
0.6833258672068246,0.316693609644937,0.400463549071928
0.7425354965623356,0.257483980289426,0.3292561790312214
0.9412383382350076,0.0587811386167539,0.0883275227392244
0.9068422180238788,0.093177258827883,0.131858286426582
0.9036674911867246,0.0963519856650371,0.1357536567789182
0.6147673490057067,0.3852521278460549,0.4819352199910406
0.675242973725727,0.3247765031260347,0.4099877295833901
0.6484428257016536,0.3515766511501081,0.4420661044348791
0.0416804627699978,0.9583390140817638,0.1502444344896091
0.96003350018503,0.0399859766667315,0.0653643145122022
0.8949808153010147,0.1050386615507469,0.1460179576573242
0.9476656993163624,0.0523537775353991,0.0803614903686968
0.7971096351985665,0.2029098416531951,0.263658142297879
0.5867206824688858,0.413298794382876,0.515279590207039
0.992910425958748,0.0071090508930136,0.0190094073194008
0.818709463802271,0.1813100130494906,0.2379097442689363
0.2192898739847691,0.7807296028669926,0.9780106343610618
0.9724207779054592,0.0275986989463023,0.04912062014296
0.8166254406637711,0.1833940361879905,0.2402664433320998
0.8331612878094384,0.1668581890423232,0.2205948230528017
0.2657811191399022,0.7342383577118594,0.9345967317842744
0.7962331768692908,0.2037862999824708,0.2645930311824396
0.5860974232125119,0.4139220536392498,0.5160586642775061
0.947393023391699,0.0526264534600627,0.080653643145122
0.0423037220263716,0.95771575482539,0.1541982353972304
0.9597413474086048,0.0402781294431568,0.0658317589544826
0.9267475605243168,0.0732719163274448,0.1066357633952048
0.9044465652571918,0.0955729115945698,0.1347992910425959
0.8240461211849717,0.17597335566679,0.2317161054087217
0.3057281421031104,0.6942913347486512,0.8714138246693804
0.0012659953645092,0.9987534814872524,0.0012659953645092
0.3508365307831642,0.6491829460685975,0.8076855657051594
0.8929941764213233,0.1070253004304384,0.1483746567204877
0.6924994643865765,0.3075200124651851,0.3891280213466295
0.0567555460335391,0.9432639308182226,0.2391367859299223
0.0187951619500224,0.9812243149017392,0.0374734627894747
0.5016652708256237,0.4983542060261379,0.6172409091794402
0.9645131760902168,0.0355063007615449,0.0595991663907446
0.6594277700952418,0.3405917067565199,0.4290945211615994
0.8942212180823091,0.1057982587694525,0.1469333696901233
0.6694778256042693,0.3305416512474923,0.4167267202929318
0.916288491128294,0.0837309857234676,0.1199968837037181
0.6346337378026216,0.3653857390491401,0.4587188126911166
0.7282005336657382,0.2718189431860234,0.3463958085815009
0.9646105603490251,0.0354089165027365,0.0594823052801745
0.9893266852345988,0.010692791617163,0.0251251387725688
0.4134740860487311,0.5865453908030306,0.7251037142356309
0.0790954950041875,0.9209239818475742,0.3755137019652143
0.2180433554720215,0.7819761213797402,0.9754202130767584
0.2273922443176285,0.7726272325341332,0.9941179907679722
0.7179362327873322,0.2820832440644294,0.3584714566737432
0.8042771166468652,0.1957423602048965,0.255283096040356
0.7511832187445221,0.2488362581072395,0.3190892624116238
0.987047893578482,0.0129715832732797,0.0288062637555265
0.7901953528231697,0.209824124028592,0.2717020820754533
0.5473969187620513,0.4526225580897103,0.561653974251602
0.3237052762791422,0.6763142005726195,0.8455096118263444
0.0035253101688643,0.9964941666828974,0.0037590323900044
0.1589895409306039,0.8410299359211577,0.8091268527355239
0.9094131624564206,0.0906063143953411,0.1286056521823812
0.4958611690006427,0.5041583078511189,0.6241551915548371
0.018756208246499,0.9812632686052628,0.0373760785306663
0.5715482149465361,0.4284712619052256,0.5331593401242624
0.6877471125567264,0.3122723642950353,0.3949710768751339
0.0545351849327074,0.9454842919190544,0.2248018230333248
0.778139181582689,0.2218802952690727,0.2863291977484759
0.6942134273416045,0.3058060495101571,0.3869466139493212
0.690395964396315,0.3096235124554467,0.3917573963344565
0.7651091677541242,0.2349103090976374,0.3022223087860078
0.8520148803147459,0.1480045965370157,0.1981964435268683
0.9934947315115984,0.0065247453401632,0.0180160878795551
0.2037278694271858,0.7962916074245759,0.9431275928558908
0.9607930974037356,0.039226379448026,0.0643125645170714
0.8878912412597628,0.1121282355919989,0.1544514344701322
0.3159534892779931,0.6840659875737686,0.8566893247375494
0.4197261554642307,0.5802933213875309,0.7171376818651033
0.5210642151802583,0.4789552616715034,0.5935375805854741
0.9898915139356874,0.0101279629160742,0.0243265878503398
0.8805484681456089,0.1194710087061527,0.1636055547981224
0.9461270280271896,0.053892448824572,0.0822117912860565
0.3770913269579105,0.6229281498938511,0.7721403112400912
0.8994410143544398,0.1005784624973219,0.1406813002746236
0.8314668017061723,0.1685526751455894,0.2226788461913016
0.656058274740471,0.3439612021112907,0.4330093683656973
0.3071304754299515,0.6928890014218102,0.8694271857896889
0.9862688195080148,0.0137506573437469,0.0300917359717975
0.2825312116549481,0.7174882651968136,0.9076991995013926
0.8700893987495861,0.1299300781021755,0.1762655084432152
0.9634809029468476,0.036538573904914,0.0609235923105389
0.8737510468807822,0.1262684299709794,0.1718247862415519
0.9050113939582806,0.0950080828934811,0.134117601230937
0.7188905985236547,0.281128878328107,0.3573612761233274
0.8177550980659486,0.182264378785813,0.2389614942640671
0.9697914029176324,0.0302280739341292,0.0524511617942075
0.4636659330385836,0.536353543813178,0.6630894182264379
0.4860448357127553,0.5139746411390063,0.6356075803907056
0.9860156204351128,0.0140038564166488,0.0304812730070311
0.9007264865707107,0.0992929902810509,0.1391815826889741
0.8954677365950567,0.1045517402567049,0.1454336521044738
0.6435151822059483,0.3565042946458134,0.4479870673704302
0.0001558148140934,0.9998636620376682,0.0001558148140934
0.7413668854566348,0.2586525913951269,0.3306000818027774
0.8396276025943167,0.160391874257445,0.2126287906822741
0.6836959273902966,0.316323549461465,0.399976627777886
0.9468281946906102,0.0531912821611514,0.0812769024014958
0.9676294723720856,0.0323900044796759,0.0554311201137448
0.1843289250725512,0.8156905517792105,0.8913970745768653
0.548760298385369,0.4512591784663927,0.5600373955553825
0.865453908030306,0.1345655688214557,0.1819917028611495
0.9317725882788306,0.068246888572931,0.1004226476832284
0.8389069590791345,0.1611125177726272,0.2134468184562647
0.9599555927779834,0.0400638840737783,0.0655396061780573
0.8081919638509631,0.1918275130007985,0.2506670821728375
0.9622343844341,0.0377850924176616,0.0624622635997117
0.8199365054632569,0.1800829713885047,0.2364295035350486
0.9985197592661124,0.0014997175856494,0.0074401573729622
0.0564049627018288,0.9436145141499328,0.2364684572385719
0.7968564361256647,0.203163040726097,0.2639308182225425
0.7371014549208266,0.2629180219309351,0.3356835401125762
0.901077069902421,0.0989424069493407,0.1387920456537405
0.8340377461387142,0.1659817307130475,0.2196209804647176
0.3366379058488986,0.6633815710028631,0.8279025378337845
0.908166643943673,0.0918528329080887,0.1300274623609839
0.9871258009855288,0.0128936758662329,0.028592018386148
0.9957735231677152,0.0042459536840465,0.0137896110472703
0.4355997896500009,0.5644196872017607,0.6973881541787585
0.4997175856494556,0.5003018912023061,0.6195391776873186
0.1134137078082698,0.8866057690434919,0.5860389926572269
0.8711995793000019,0.1288198975517597,0.1749605593751826
0.9762187639989872,0.0238007128527744,0.0444266988683949
0.3095845587519233,0.6904349180998384,0.8657850145102546
0.660460043238611,0.3395594336131508,0.4278285257970901
0.9479968057963112,0.0520226710554505,0.0799914301852248
0.0076738795941024,0.9923455972576593,0.0102448240266443
0.749118672457784,0.2509008043939777,0.3214849151783105
0.8789318894493894,0.1210875874023722,0.1655532399742905
0.7940517694719825,0.2059677073797791,0.2672418830220283
0.632588668367645,0.3674308084841166,0.4613092339754202
0.0778879301949632,0.9221315466567984,0.3662232436748924
0.5544670159515416,0.4455524609002201,0.5532984048458407
0.0795824162982295,0.920437060553532,0.3785715676917983
0.7289601308844439,0.2710593459673178,0.3455777808075103
0.737627329918392,0.2623921469333697,0.3350602808562024
0.3795454102798823,0.6204740665718793,0.7690824455135072
0.7715754825390024,0.2284439943127592,0.2940615078978634
0.6924020801277682,0.3076173967239935,0.3892643593089613
0.9639288705373664,0.0360906063143953,0.0603587636094501
0.9106207272656448,0.0893987495861169,0.1271254114484934
0.9251115049763357,0.074907971875426,0.1087197865337046
0.657402177512027,0.3426172993397347,0.4315875581870946
0.0111212823559199,0.9888981944958416,0.0171396295502794
0.9612994955495394,0.0387199813022223,0.0636893052606976
0.6004713398126327,0.399548137039129,0.4988021736166566
0.1508287400424595,0.8491907368093021,0.7792688389848665
0.8697388154178759,0.1302806614338858,0.1766745223302105
0.9472372085776056,0.0527822682741561,0.0808094579592154
0.8852618662719358,0.1147576105798258,0.1576845918625713
0.7920456537405294,0.2079738231112323,0.2695596283816684
0.8443994312759285,0.1556200455758331,0.2070584110784332
0.9185867596361724,0.0814327172155892,0.1169195411253724
0.9540346298424324,0.0459848470093294,0.0726097033675476
0.9038622597043414,0.0961572171474202,0.1355004577060164
0.1523089807763473,0.8477104960754144,0.7853066630309876
0.7417564224918685,0.2582630543598933,0.330132637360497
0.8865473384882068,0.1134721383635549,0.1561264437216368
0.42319303507781,0.5768264417739517,0.7127359133669634
0.8023878620259821,0.1976316148257795,0.2574645034376643
0.9700056482870107,0.0300138285647507,0.0522174395730674
0.8956040745573886,0.1044154022943731,0.1451999298833336
0.8570593849210214,0.1429600919307403,0.1919443741113686
0.5327892799407904,0.4672301969109713,0.5793194787994469
0.6376721266774439,0.3623473501743178,0.4549403034493504
0.9240597549812049,0.0759597218705568,0.1101415967123074
0.143894980815301,0.8561244960364607,0.7491965798648307
0.8945718014140195,0.1054476754377422,0.1465048789513663
0.4378396276025943,0.5621798492491674,0.6946808717838848
0.2941978458601951,0.7058216309915665,0.8890988060689871
0.928208324406443,0.0718111524453187,0.1048438930331301
0.9084198430165747,0.0915996338351868,0.129715832732797
0.9210213661063824,0.0789981107453791,0.1138811522505502
0.0243071109985781,0.9757123658531834,0.0604756247200202
0.0416804627699978,0.9583390140817638,0.150127573379039
0.9356290049276434,0.0643904719241181,0.0954170967804764
0.9722065325360808,0.0278129443156808,0.0493738192158619
0.9674736575579924,0.0325458192937693,0.0556064117795999
0.9733361899382584,0.0266832869135033,0.0479520090372592
0.6207077887930195,0.3793116880587421,0.4750598913191671
0.3475644196872017,0.6524550571645599,0.8122236721656312
0.1525816567010108,0.8474378201507509,0.7865337046919736
0.6062754416376137,0.3937440352141479,0.4920826597588765
0.6501178349531582,0.3499016418986035,0.4399431275928558
0.7668815612644372,0.2331379155873244,0.2999824708334145
0.4537327386401262,0.5462867382116354,0.6749897746528252
0.6647839043297041,0.3352355725220575,0.4225502989696745
0.9259100558985646,0.0741094209531971,0.1076875133903355
0.2762596653876867,0.723759811464075,0.9173986716787098
0.9064137272851216,0.09360574956664,0.1324425919794324
0.5668737705237326,0.4331457063280291,0.5385544280622481
0.7699589038427829,0.2300605730089788,0.2958923319634614
0.0562686247394971,0.9437508521122646,0.2352803692811094
0.0466665368209882,0.9533529400307734,0.1778626102876731
0.4003466879613579,0.5996727888904038,0.7417953761953918
0.5410864187912666,0.4589330580604951,0.5693083769939427
0.5622188029526908,0.4378006738990709,0.5441053308143272
0.8848723292367022,0.1151471476150595,0.1582104668601367
0.3583351187114115,0.6416843581403502,0.7971875426056132
0.9739204954911088,0.0260989813606528,0.0472118886703153
0.1684942445903044,0.8315252322614572,0.8434450655396062
0.720760376292776,0.2792591005589856,0.3550824844672107
0.7865531815437353,0.2134662953080264,0.2762791422394484
0.4702880626375553,0.5297314142142064,0.6550065247453402
0.6459692655279201,0.3540502113238416,0.4450265859026547
0.9952086944666264,0.0048107823851352,0.0148608378941627
0.8776853709366418,0.1223341059151198,0.1670334807081783
0.8335897785481955,0.1664296983035662,0.220088424906998
0.1137837679917418,0.8862357088600199,0.5879477241298716
0.8449447831252557,0.155074693726506,0.2063182907114893
0.9347720234501296,0.0652474534016321,0.0964883236273688
0.9013692226788462,0.0986502541729155,0.1384804160255536
0.896792162514851,0.1032273143369105,0.1437975965564926
0.5904212843036052,0.4095981925481565,0.5107414837465672
0.8689207876438853,0.1310986892078764,0.1776678417700563
0.4012620999941569,0.5987573768576048,0.7405878113861676
0.828486843386635,0.1715326334651267,0.2263015406189743
0.799524764817015,0.2004947120347467,0.2608145219406735
0.8874627505210058,0.1125567263307558,0.1549578326159359
0.0622869719338566,0.937732504917905,0.2735913366963364
0.8332002415129618,0.1668192353387998,0.2205363924975167
0.3766433593673918,0.6233761174843698,0.7728414779035117
0.6950898856708801,0.3049295911808815,0.3858948639541904
0.0277545137603957,0.972264963091366,0.0785501431548604
0.1683773834797343,0.8316420933720273,0.8427049451726623
0.6091385388465809,0.3908809380051808,0.4885768264417739
0.3823695537853261,0.6176499230664355,0.7652260288646943
0.982100773231015,0.0179187036207467,0.0362464211284887
0.0543988469703757,0.945620629881386,0.2240422258146193
0.8827493523946789,0.1172701244570827,0.1607424575891552
0.0601055645365483,0.9399139123152134,0.2595485265761642
0.856221880295269,0.1437975965564926,0.1930350778100228
0.8093410981049023,0.1906783787468593,0.2493037025495199
0.9347915003018912,0.0652279765498704,0.0964688467756071
0.7807101260152309,0.2193093508365307,0.2831934246148452
0.308318563387414,0.6917009134643476,0.8675574080205676
0.9771146991800246,0.0229047776717371,0.0432970414662174
0.6805601542566659,0.3194593225950957,0.4037356601678905
0.5165455855715482,0.4834738912802134,0.5990495296340299
0.9452116159943906,0.054807860857371,0.0833024949847106
0.160878795551487,0.8391406813002746,0.8154763064098319
0.7164365152016828,0.2835829616500789,0.3602438501840562
0.920320199442962,0.0796992774087996,0.1148744716903959
0.1085444948678495,0.8914749819839122,0.5590051224120133
0.4707360302280739,0.5292834466236878,0.6544806497477748
0.9132501022534716,0.0867693745982899,0.1236780086866758
0.709950723565043,0.2900687532867187,0.3681319751475371
0.5131955670685391,0.4868239097832226,0.603198099059268
0.6114952379097442,0.3885242389420174,0.4857721597880918
0.9323568938316812,0.0676625830200806,0.099779911575093
0.8697388154178759,0.1302806614338858,0.1766745223302105
0.9913522778178137,0.0086671990339481,0.0216972128625129
0.3589973316713086,0.6410221451804531,0.7963889916833843
0.9639873010926514,0.0360321757591102,0.06024190249888
0.7144498763219913,0.2855696005297704,0.3627174103577897
0.690882885690357,0.3091365911614047,0.3911536139298444
0.0493543423641002,0.9506651344876614,0.1935025222523031
0.0596186432425062,0.9404008336092554,0.2557310636308747
0.3332294567906043,0.6667900200611573,0.8324211674424946
0.705607385622188,0.2944120912295736,0.3730596186432425
0.9486200650526848,0.0513994117990768,0.0792318329665193
0.4524862201273786,0.547533256724383,0.676586876497283
0.1790506982451356,0.820968778606626,0.8772568801978848
0.9912938472625284,0.0087256295892331,0.0217751202695596
0.4747872153945036,0.5252322614572581,0.6496503905108778
0.0660460043238611,0.9339734725279006,0.2964376838127885
0.4686130533860507,0.531406423465711,0.6570515941803167
0.3931402528095358,0.6068792240422258,0.7512806030033305
0.8825545838770621,0.1174648929746995,0.1610151335138188
0.736711917885593,0.2633075589661687,0.3361899382583799
0.881035389439651,0.1189840874121107,0.1629433418382252
0.7797947139824318,0.2202247628693298,0.2843036051652611
0.9188789124125976,0.081140564439164,0.1166079114971855
0.7172934966791967,0.2827259801725649,0.3592115770406871
0.9182946068597472,0.0817248699920144,0.1173675087158911
0.9979159768615,0.0021034999902615,0.008978828662135
0.8736926163254971,0.1263268605262645,0.171941647352122
0.0264300878406014,0.9735893890111602,0.0716163839277019
0.8015308805484681,0.1984885963032935,0.2584772997292717
0.6675690941316246,0.3324503827201371,0.4191418499113803
0.8637399450752781,0.1362795317764836,0.1840757259996494
0.7956488713164405,0.2043706055353212,0.2653136746976219
0.8043355472021503,0.1956839296496114,0.2551857117815476
0.8592407923183296,0.140778684533432,0.189353952827065
0.9526712502191146,0.0473482266326471,0.0743431431743373
0.8617533061955865,0.1382661706561751,0.1864519019145745
0.8491517831057788,0.1508676937459829,0.2015854157334008
0.0858150088619675,0.9142044679897942,0.4137857156769179
0.607112946263366,0.3929065305883957,0.4911477708743159
0.2611066747170987,0.7389128021346629,0.9422316576748534
0.9936310694739302,0.0063884073778314,0.0177239351031299
0.816138519369729,0.1838809574820326,0.2408312720331885
0.2288140544962312,0.7712054223555305,0.996708412052276
0.0816859162884911,0.9183335605632704,0.3893812204195314
0.917203903161093,0.0828155736906686,0.1188672263015406
0.8741405839160158,0.1258788929357458,0.1713573417992715
0.8810548662914126,0.118964610560349,0.1629238649864635
0.9721675788325576,0.0278518980192041,0.0494322497711469
0.5592583214849152,0.4407611553668465,0.5475722104279064
0.8158658434450655,0.1841536334066961,0.2411429016613754
0.4941082523420914,0.5059112245096703,0.6262586915450986
0.9135422550298968,0.0864772218218647,0.1233079485032039
0.9775626667705432,0.0224568100812184,0.0426153516545585
0.5965175389050114,0.4035019379467502,0.5035740022982685
0.2985996143583351,0.7014198624934266,0.8820871394347818
0.9269033753384104,0.0731161015133513,0.1064215180258263
0.7662193483045401,0.2338001285472216,0.3008004986074051
0.0037785092417661,0.9962409676099956,0.0041290925734764
0.6687571820890871,0.3312622947626745,0.4175837017704458
0.8948250004869213,0.1051944763648403,0.1461932493231794
0.882379292211207,0.1176401846405547,0.1612099020314356
0.1036168513721442,0.8964026254796175,0.5268488401534775
0.954657889098806,0.0453615877529556,0.071791675593557
0.9962993981652806,0.0037200786864811,0.0126015230898077
0.9008238708295192,0.0991956060222425,0.1390841984301657
0.8040044407222017,0.19601503612956,0.2555947256685429
0.9952671250219116,0.0047523518298502,0.0146855462283076
0.3109284615234793,0.6890910153282823,0.8639736672964182
0.558109187230976,0.4419102896207857,0.5489550669029858
0.6485791636639854,0.3514403131877763,0.4418518590655007
0.0294879535671854,0.9705315232845764,0.0879769394075141
0.8876964727421459,0.1123230041096157,0.1546656798395107
0.8766530977932727,0.1233663790584889,0.1682410455174025
0.5181816411195295,0.4818378357322322,0.5971213213096235
0.8143466490076544,0.1856728278441072,0.2430321562822585
0.8855345421965993,0.1144849346551623,0.1573145316790994
0.9956177083536216,0.0044017684981399,0.0140622869719338
0.7206435151822059,0.2793759616695557,0.3552382992813042
0.0601445182400716,0.93987495861169,0.2598991099078745
0.4508891182829208,0.549130358568841,0.678534561673451
0.8083867323685799,0.1916327444831817,0.2504723136552207
0.1977679527881113,0.8022515240636503,0.9279161716300176
0.7802232047211889,0.2197962721305728,0.2837972070194574
0.6406715618487427,0.3593479150030189,0.4513565627252011
0.7164754689052062,0.2835440079465555,0.3602048964805329
0.6056716592330016,0.3943478176187601,0.4927643495705354
0.7454765011783495,0.2545429756734121,0.3258087762694038
0.1787001149134253,0.8213193619383363,0.8763025144615625
0.0191652221334943,0.9808542547182674,0.0387005044504606
0.8253121165494809,0.1747073603022807,0.2301579572677872
0.238786202598212,0.7612332742535497,0.9827824630426738
0.9618058936953432,0.0382135831564185,0.0630660460043238
0.6081841731102584,0.3918353037415032,0.4897843912509982
0.0197884813898681,0.9802309954618936,0.0410766803653857
0.4333015211421226,0.5667179557096391,0.7002512513877257
0.3564653409422901,0.6435541359094716,0.7996221490758234
0.9059852365463646,0.094034240305397,0.1329295132734744
0.3930818222542508,0.6069376545975108,0.7513585104103773
0.1679878464445007,0.832031630407261,0.8407572599964942
0.2721305728142103,0.7278889040375514,0.9238844633153496
0.9462828428412832,0.0537366340104785,0.0819780690649163
0.9341877178972792,0.0658317589544826,0.0972479208460744
0.9632666575774692,0.0367528192742925,0.0611767913834407
0.2611066747170987,0.7389128021346629,0.9422316576748534
0.0056482870108875,0.994371189840874,0.0069532360789202
0.0573788052899129,0.9426406715618488,0.2429152951716884
0.695226223633212,0.3047932532185498,0.3857585259918586
0.9893266852345988,0.010692791617163,0.0251251387725688
0.597764057417759,0.4022554194340026,0.5019963773055723
0.9956761389089068,0.0043433379428549,0.0140038564166488
0.7532672418830221,0.2467522349687396,0.3166157022378902
0.8595718987982782,0.1404475780534834,0.188983892643593
0.1625148510994682,0.8375046257522935,0.821280408234813
0.873517324659642,0.1265021521921196,0.1721169390179771
0.9247998753481488,0.0752196015036129,0.1091482772724616
0.4744755857663167,0.525543891085445,0.6499814969908264
0.1950411935414759,0.8049782833102858,0.9214109031416162
0.8467366534873303,0.1532828233644314,0.2042926981282745
0.5984067935258944,0.4016126833258672,0.5013146874939135
0.9479968057963112,0.0520226710554505,0.0799914301852248
0.9322789864246344,0.0677404904271273,0.0998578189821397
0.1165884346454239,0.8834310422063377,0.6041135110920671
0.6687961357926104,0.3312233410591512,0.4175447480669225
0.8458017646027696,0.154217712248992,0.2053249712716436
0.13368911049218,0.8663303663595816,0.7009913717546695
0.3808893130514383,0.6191301638003233,0.7671931908926242
0.0904504995812476,0.909568977270514,0.4419102896207857
0.7877412695011978,0.2122782073505638,0.2747989015055606
0.7270319225600373,0.2729875542917243,0.3476812807977718
0.9295132734744757,0.0705062033772861,0.1033441754474806
0.5494419881970278,0.4505774886547338,0.5591414603743451
0.3779483084354245,0.6220711684163371,0.7710690843931987
0.795609917612917,0.2044095592388446,0.2653721052529069
0.6137350758623377,0.386284400989424,0.4830648773932182
0.9239623707223964,0.0760571061293652,0.1103168883781625
0.2207116841633718,0.7793077926883899,0.980815301014744
0.3030013828564751,0.6970180939952866,0.8754455329840485
0.7672516214479091,0.2327678554038525,0.2995734569464192
0.9756149815943752,0.0244044952573865,0.0451862960871004
0.0048886897921819,0.9951307870595796,0.0057651481214576
0.6221101221198605,0.3779093547319011,0.4734238357711859
0.5320881132773698,0.4679313635743918,0.5802543676840075
0.9575599400112966,0.0424595368404651,0.0685779950528796
0.670899635782872,0.3291198410688896,0.4150127573379039
0.5926416454044369,0.4073778314473248,0.5080926319069785
0.8128858851255283,0.1871335917262333,0.2449603646066649
0.8987398476910192,0.1012796291607424,0.1414993280486142
0.1100831661570223,0.8899363106947393,0.5670101084860643
0.5673801686695362,0.4326393081822254,0.5379895993611593
0.9312856669847884,0.0687338098669731,0.1010069532360789
0.8052509592349493,0.1947685176168124,0.2540560543793701
0.0094462731044154,0.9905732037473464,0.0136337962331768
0.9421147965642832,0.0579046802874783,0.0872562958923319
0.8899363106947393,0.1100831661570223,0.1519973511481604
0.8594939913912315,0.1405254854605301,0.1890618000506398
0.935960111407592,0.0640593654441696,0.0949691291899577
0.9004732874978089,0.0995461893539528,0.139493212317161
0.7887930194963286,0.211226457355433,0.2734744755857663
0.6426582007284343,0.3573612761233274,0.449038817365561
0.9106596809691682,0.0893597958825935,0.1270669808932084
0.8843659310908984,0.1156535457608632,0.1588726798200339
0.2325925637379974,0.7674269131137643,0.9953839861324816
0.1847963695148316,0.81522310733693,0.8927215004966598
0.8875796116315758,0.1124398652201858,0.1548214946536042
0.913366963364042,0.0866525134877198,0.1235416707243441
0.9460880743236664,0.0539314025280953,0.0822507449895798
0.3675671464464484,0.6324523304053132,0.7846834037746139
0.1784663926922852,0.8215530841594765,0.8755429172428568
0.1380324484350349,0.8619870284167267,0.7220848022125703
0.724792084607444,0.2752273922443176,0.3502132715267904
0.7493523946789241,0.2506670821728375,0.3211927624018854
0.3980484194534795,0.6019710573982822,0.744716903959644
0.1455505132150439,0.8544689636367178,0.755896616870849
0.8303760980075181,0.1696433788442436,0.2240227489628576
0.9684280232943148,0.0315914535574469,0.054379370118614
0.3053191282161151,0.6947003486356466,0.8719202228151841
0.5521297937401398,0.4478896831116218,0.5559667335371911
0.9656817871959176,0.034337689655844,0.0580994488050951
0.6138908906764311,0.3861285861753306,0.4829090625791247
0.7397503067604152,0.2602691700913464,0.3324893364236604
0.165767485343669,0.8342519915080926,0.8329665192918216
0.5615955436963169,0.4384239331554447,0.5448259743295094
0.3738776464172331,0.6261418304345285,0.7762304501100442
0.9693823890306372,0.0306370878211245,0.0531133747541047
0.0773425783456362,0.9226768985061254,0.3638860214634906
0.0156204351128683,0.9843990417388934,0.0282998656097228
0.1480630270923008,0.8519564497594608,0.7671347603373391
0.8779970005648287,0.1220224762869329,0.166624466821183
0.8153594452992619,0.1846600315524998,0.2417466840659875
0.6002570944432541,0.3997623824085075,0.4991527569483668
0.3366963364041836,0.663323140447578,0.8278246304267378
0.0619753423056697,0.938044134546092,0.2721305728142103
0.6646865200708958,0.3353329567808659,0.4226476832284829
0.0502502775451376,0.949769199306624,0.1985080731550552
0.7401203669438872,0.2598991099078745,0.3320803225366652
0.7334787604931539,0.2665407163586078,0.3400658317589545
0.9350836530783164,0.0649358237734452,0.0960793097403735
0.7071460569113609,0.2928734199404008,0.3713456556882145
0.9523790974426892,0.0476403794090723,0.0746937265060475
0.9240208012776816,0.0759986755740802,0.1102389809711158
0.6219543073057671,0.3780651695459945,0.4735796505852794
0.2550688506709775,0.7449506261807841,0.9524180511462128
0.420933720273455,0.5790857565783066,0.7155600568724071
0.9908848333755332,0.0091346434762285,0.0226126248953119
0.838809574820326,0.1612099020314356,0.2136221101221198
0.9215082874004246,0.078511189451337,0.1132968466976997
0.0452642034941472,0.9547552733576145,0.1698381473618604
0.8697582922696375,0.1302611845821241,0.1766550454784488
0.2725590635529673,0.7274604132987944,0.9233001577624992
0.6165397425160197,0.3834797343357419,0.4799096274078258
0.8443994312759285,0.1556200455758331,0.2070584110784332
0.6432035525777613,0.3568159242740003,0.4483571275539021
0.9850417778470288,0.0149776990047328,0.0319420368891572
0.8830220283193425,0.1169974485324192,0.1604308279609684
0.6380421868609158,0.3619772899908459,0.4545118127105934
0.0676625830200806,0.9323568938316812,0.3051633134020217
0.6568957793662232,0.3431236974855384,0.4320939563328984
0.9069785559862104,0.0930409208655513,0.1317219484642502
0.4091112712541145,0.5909082055976472,0.7307520012465185
0.4586214284323082,0.5413980484194535,0.6691856728278441
0.6059443351576651,0.3940751416940966,0.4924916736458719
0.7423017743411955,0.2577177025105662,0.3294899012523615
0.8789318894493894,0.1210875874023722,0.1655532399742905
0.7380947743606724,0.2619247024910893,0.3344370215998286
0.3953216602068441,0.6046978166449175,0.7483590752390784
0.9180414077868452,0.0819780690649163,0.1176986151958397
0.5591414603743451,0.4408780164774166,0.5477280252419999
0.9533529400307734,0.0466665368209882,0.0734472079932999
0.6990631634302631,0.3009563134214985,0.3809866973102467
0.8173460841789533,0.1826733926728083,0.2394678924098708
0.1097520596770738,0.8902674171746879,0.5650819001616578
0.3897318037512416,0.61028767310052,0.7557992326120406
0.4890442708840543,0.5109752059677074,0.6321991313324115
0.992365074109421,0.0076544027423407,0.0199248193521999
0.4910698634672691,0.5089496133844925,0.6297255711586779
0.2544650682663654,0.7455544085853962,0.9532166020684416
0.0511851664296983,0.9488343104220632,0.2059287536762557
0.9383947178778024,0.0616247589739594,0.0917554486492803
0.0210739536061391,0.9789455232456226,0.0466665368209882
0.4467015951541593,0.5533178816976024,0.6837154042420583
0.6126248953119218,0.3873945815398399,0.4844672107200592
0.6185263813957111,0.3814930954560505,0.4776892663069941
0.8584422413961007,0.1415772354556609,0.1903083185633874
0.4110005258749976,0.5890189509767642,0.72833687162807
0.6540911127125412,0.3459283641392205,0.4353271137253374
0.5150848216894222,0.4849346551623396,0.6008024462925813
0.760356815924274,0.2396626609274876,0.3079290263521804
0.8700893987495861,0.1299300781021755,0.1762655084432152
0.9311103753189336,0.0689091015328282,0.1012017217536957
0.4549013497458271,0.5451181271059345,0.6736069181777458
0.8243577508131585,0.1756617260386031,0.2313460452252498
0.0799914301852248,0.9200280466665368,0.3806555908302982
0.3288082114407027,0.6712112654110589,0.8383810840815691
0.9244882457199618,0.0755312311317998,0.1095767680112186
0.0126015230898077,0.987417953761954,0.0208012776814755
0.8270260795045089,0.1729933973472528,0.2279960267222406
0.9855676528445942,0.0144518240071674,0.0311629628186899
0.7009913717546695,0.2990281050970921,0.3785910445435599
0.032195235962059,0.9678242408897024,0.1004226476832284
0.2574060728823792,0.7426134039693824,0.9485616344973998
0.8620844126755351,0.1379350641762265,0.1860234111758175
0.6142804277116647,0.385739049140097,0.482461094988606
0.9536256159554368,0.0463938608963247,0.073077147809828
0.2064351518220595,0.7935843250297022,0.9498471067136708
0.0812184718462107,0.918801005005551,0.3874724889468866
0.5840523537775354,0.4159671230742263,0.5184153633406696
0.4901544514344701,0.5098650254172915,0.6308357517090938
0.0449525738659603,0.9550669029858012,0.1684163371832576
0.9821786806380616,0.0178407962137,0.0360711294626336
0.1770251056619208,0.8229943711898409,0.8709853339306235
0.6895000292152776,0.310519447636484,0.3928481000331106
0.8654928617338293,0.1345266151179323,0.1819527491576261
0.7227664920242292,0.2772529848275324,0.3526478779970006
0.8190990008375046,0.180920476014257,0.237442299826656
0.0874121107064254,0.9126073661453362,0.4233878035954268
0.7159106402041174,0.2841088366476442,0.3609450168474767
0.9985781898213972,0.0014412870303644,0.0072648657071071
0.8301228989346162,0.1698965779171454,0.2242954248875212
0.0128936758662329,0.9871258009855288,0.0212881989755176
0.0648773932181602,0.9351420836336016,0.2893870634750599
0.2969246051068305,0.7030948717449311,0.8848333755331789
0.9604425140720254,0.0395769627797362,0.0647994858111134
0.7743996260444461,0.2256198508073155,0.2907309662466159
0.3027676606353349,0.6972518162164267,0.8757571626122354
0.95771575482539,0.0423037220263716,0.0683832265352628
0.9477241298716476,0.0522953469801141,0.0803030598134117
0.1215939855481759,0.8784254913035857,0.6350037979860935
0.8874627505210058,0.1125567263307558,0.1549578326159359
0.7650507371988392,0.2349687396529225,0.3022807393412928
0.1795570963909393,0.8204623804608223,0.8786592135247259
0.0193989443546345,0.9806205324971272,0.0394211479656428
0.3025534152659564,0.6974660615858053,0.876088269092184
0.789377325049179,0.2106421518025826,0.2727343552188224
0.3794090723175506,0.6206104045342111,0.7692187834758389
0.9740568334534406,0.025962643398321,0.0470560738562218
0.4061897434898623,0.5938297333618994,0.7342967882671445
0.49664024307111,0.5033792337806517,0.6233176869290847
0.9876906296866176,0.0123288471651442,0.0278324211674424
0.9836394445201878,0.0163800323315739,0.0340065831758954
0.9346551623395596,0.0653643145122022,0.096663615293224
0.3155249985392361,0.6844944783125255,0.8573125839939232
0.9763356251095572,0.0236838517422043,0.0442708840543014
0.7217926494361452,0.2782268274156165,0.3538164891027014
0.0363243285355355,0.9636951483162262,0.1202695596283816
0.312291841146797,0.6877276357049646,0.8620454589720118
0.926922852190172,0.0730966246615897,0.1064020411740646
0.1602944899986366,0.839724986853125,0.8137039128995189
0.9946633426172994,0.0053561342344623,0.0157178193716767
0.8932473754942251,0.1067721013575365,0.1481019807958241
0.5641275344253355,0.4358919424264262,0.5417486317511637
0.940420310461017,0.0595991663907446,0.0892818884755468
0.8609547552733576,0.139064721578404,0.1873673139473735
0.9858987593245429,0.0141207175272189,0.0306760415246479
0.9940400833609256,0.0059793934908361,0.0170617221432327
0.1276123327425355,0.8724071441092262,0.6679196774633348
0.8988956625051127,0.101123814346649,0.1413240363827591
0.7254348207155795,0.2745846561361821,0.3494536743080848
0.7522349687396529,0.2477845081121087,0.3178816976023995
0.9854507917340242,0.0145686851177375,0.0313772081880684
0.920320199442962,0.0796992774087996,0.1148744716903959
0.5642833492394289,0.4357361276123327,0.5415149095300236
0.9965915509417058,0.0034279259100558,0.0119003564263872
0.943166546559414,0.0568529302923475,0.0859123931207759
0.539411409539762,0.4606080673119997,0.5712755390218726
0.062812846931422,0.9372066299203397,0.2758701283524531
0.9113024170773036,0.088717059774458,0.1263268605262645
0.8977270513994118,0.1022924254523498,0.1427458465613618
0.1347798141908342,0.8652396626609274,0.7069123346902206
0.7098728161579962,0.2901466606937654,0.3682293594063455
0.6134039693823891,0.3866155074693727,0.4834738912802134
0.9466139493212316,0.0534055275305299,0.081627485733206
0.936953430847438,0.0630660460043238,0.0937226106772101
0.5405994974972246,0.4594199793545371,0.5698342519915081
0.7579416863058255,0.2420777905459361,0.310947938375241
0.3706055353212706,0.629413941530491,0.780398496387044
0.940128157684592,0.0598913191671698,0.0896129949554953
0.7760356815924274,0.2239837952593343,0.2888027579222094
0.7235650429464582,0.2764544339053035,0.3516545585571548
0.5897395944919464,0.4102798823598154,0.5115595115205578
0.9249556901622422,0.0750637866895195,0.1088950781995598
0.7840990982217634,0.2159203786299982,0.2790448551896071
0.0184445786183121,0.9815748982334496,0.0364217127943439
0.1982938277856767,0.801725649066085,0.9293964123639056
0.9964162592758506,0.003603217575911,0.0121925092028124
0.5883956917203903,0.4116237851313714,0.5132345207720624
0.8697777691213993,0.1302417077303624,0.1766355686266872
0.6194417934285102,0.3805776834232515,0.4765401320530549
0.7514169409656624,0.2486025358860993,0.3188165864869602
0.4798122431490174,0.5202072337027442,0.6436125664647566
0.7926494361451415,0.2073700407066201,0.2688389848664861
0.2876925773717936,0.7123268994799681,0.899304676392108
0.8825351070253005,0.1174843698264612,0.1610346103655805
0.8266754961727987,0.173343980678963,0.2284245174609976
0.0260989813606528,0.9739204954911088,0.0683832265352628
0.4362814794616598,0.5637379973901019,0.6965701264047679
0.5484681456089437,0.4515513312428179,0.5603685020353311
0.6416843581403502,0.3583351187114115,0.4501879516195002
0.8189431860234112,0.1810762908283505,0.2376565451960345
0.0394990553726895,0.960520421479072,0.1365911614046705
0.695771575482539,0.3042479013692227,0.3850768361801998
0.6240188535925053,0.3760006232592564,0.4711839978185926
0.6609274876808913,0.3390919891708704,0.427224743392478
0.9261048244161814,0.0739146524355803,0.1074732680209571
0.8556570515941803,0.1443624252575813,0.1937362444734433
0.8536509358627271,0.1463685409890345,0.1960929435366067
0.8509241766160918,0.1490953002356699,0.1994819157431392
0.3607307714780983,0.6392887053736634,0.7939543852131742
0.8333950100305787,0.166624466821183,0.2203026702763765
0.7905654130066416,0.20945406384512,0.2712346376331729
0.9346941160430828,0.0653253608086788,0.0966051847379389
0.1032857448921956,0.8967337319595661,0.5237909744268936
0.6738211635471243,0.3261983133046374,0.4116627388348947
0.0550610599302728,0.9449584169214889,0.2281128878328107
0.3564653409422901,0.6435541359094716,0.7996221490758234
0.9528854955884932,0.0471339812632686,0.073992559842627
0.8641100052587499,0.1359094715930117,0.1836277584091307
0.6367177609411214,0.3633017159106402,0.4560894377032896
0.1510624622635997,0.848957014588162,0.7806711723117076
0.9015445143447012,0.0984749625070603,0.1382272169526517
0.9863856806185848,0.0136337962331768,0.0299164443059423
0.2070584110784332,0.7929610657733284,0.9515026391134136
0.9445299261827318,0.0554895506690298,0.0841205227587012
0.9364275558498724,0.0635919210018892,0.0943848236371073
0.5191165300040902,0.4809029468476715,0.5960306176109693
0.5956995111310208,0.4043199657207409,0.5045088911828292
0.9361354030734472,0.0638840737783144,0.0947354069688175
0.2578150867693746,0.742204390082387,0.9479578520927876
0.5707886177278305,0.4292308591239312,0.5340552753052996
0.2061429990456342,0.7938764778061275,0.9489511715326334
0.8451395516428725,0.1548799252088892,0.2060456147868258
0.9480162826480728,0.0520031942036889,0.0799524764817014
0.9322595095728726,0.067759967278889,0.0998772958339014
0.8650059404397873,0.1350135364119743,0.1825175778587149
0.5327892799407904,0.4672301969109713,0.5793389556512085
0.9445104493309702,0.0555090275207915,0.0841789533139863
0.5722104279064332,0.4278090489453284,0.53243869660908
0.0653058839569172,0.9347135928948443,0.2913542255029896
0.5963032935356329,0.4037161833161288,0.503788247667647
0.0067584675613033,0.9932610092904582,0.0088230138480416
0.2446876886820014,0.7553317881697602,0.9711742593927116
0.9650585279395438,0.0349609489122178,0.0589369534308474
0.4070272481156146,0.5929922287361471,0.7331866077167287
0.6336014646592525,0.3664180121925092,0.4600821923144343
0.0280466665368209,0.9719728103149406,0.0809652727733089
0.9580468613053386,0.041972615546423,0.0679742126482675
0.2530043043842393,0.7470151724675224,0.9557291159456984
0.964922189977212,0.0350972868745496,0.0591122450967025
0.5815787936038019,0.4184406832479598,0.5213174142531601
0.982100773231015,0.0179187036207467,0.0362658979802504
0.8246888572931071,0.1753306195586545,0.2309175544864928
0.3810646047172935,0.6189548721344682,0.7669399918197223
0.8637399450752781,0.1362795317764836,0.1840757259996494
0.8210272091619111,0.1789922676898506,0.235241415577586
0.9012523615682762,0.0987671152834855,0.1385972771361237
0.2117328555012367,0.7882866213505249,0.9626433983210954
0.9499250141207176,0.0500944627310441,0.0776931616773464
0.4645423913678593,0.5354770854839024,0.6620571450830688
0.1374091891786611,0.8626102876731006,0.7195917651870751
0.9873400463549072,0.0126794304968544,0.0282803887579611
0.8076855657051594,0.1923339111466022,0.2512319108739263
0.1097520596770738,0.8902674171746879,0.5649845159028495
0.9803089028689402,0.0197105739828214,0.0389147498198391
0.6712112654110589,0.3288082114407027,0.414701127709717
0.9597608242603666,0.0402586525913951,0.0658122821027209
0.8219815748982334,0.1780379019535282,0.2341507118789318
0.4927253958670121,0.5072940809847496,0.6278168396860332
0.3046374384044563,0.6953820384473054,0.8730304033656
0.9909822176343416,0.00903725921742,0.0224373332294567
0.9629160742457588,0.0371034026060027,0.0616442358257211
0.662777788598251,0.3372416882535107,0.4249264748845996
0.8294217322711956,0.170597744580566,0.2251524063650351
0.459790039538009,0.5402294373137526,0.6678222932045265
0.2764154802017802,0.7236039966499815,0.9171844263093314
0.6656408858072181,0.3343785910445435,0.4214595952710204
0.1492511150497633,0.8507683618019983,0.7722571723506613
0.5198761272227957,0.480143349628966,0.5950957287264087
0.5875192333911147,0.412500243460647,0.51436417817424
0.2296515591219835,0.7703679177297782,0.9985197592661124
0.8823987690629687,0.117620707788793,0.1611904251796739
0.9177687318621818,0.0822507449895798,0.11816605963812
0.8520538340182693,0.1479656428334924,0.1981574898233449
0.0291568470872368,0.9708626297645248,0.086087684786631
0.1871725454297567,0.8128469314220049,0.9001032273143369
0.1984301657480084,0.8015893111037532,0.929727518843854
0.0077907407046724,0.9922287361470892,0.0104395925442611
0.9336034123444288,0.066416064507333,0.0980464717683033
0.7274409364470327,0.2725785404047289,0.3472138363554915
0.9460685974719046,0.053950879379857,0.0822702218413415
0.796953820384473,0.2030656564672886,0.2638334339637341
0.1428237539684085,0.8571957228833531,0.7449311493290225
0.5369768030695519,0.4630426737822098,0.5741581130826013
0.9923261204058976,0.007693356445864,0.0200027267592466
0.4634906413727285,0.5365288354790332,0.663264709892293
0.7334787604931539,0.2665407163586078,0.3400658317589545
0.1174843698264612,0.8825351070253005,0.6089242934772023
0.8375241026040551,0.1624953742477066,0.2152386888183394
0.7797947139824318,0.2202247628693298,0.2843036051652611
0.6859552421946516,0.31406423465711,0.3971330074206805
0.0308708100422647,0.969148666809497,0.0946964532652942
0.8659603061761096,0.1340591706756519,0.1813294899012523
0.9800557037960383,0.0199637730557232,0.0393237637068344
0.9547552733576145,0.0452642034941472,0.0716748144829869
0.2324367489239039,0.7675827279278578,0.9958319537230004
0.2847905264593031,0.7152289503924586,0.903881736556103
0.683676450538535,0.3163430263132267,0.3999961046296477
0.4211090119393101,0.5789104649124516,0.7152873809477436
0.9326880003116296,0.067331476540132,0.0993319439845743
0.9088483337553318,0.0911711430964298,0.129228911438755
0.4600821923144343,0.5399372845373274,0.6675106635763395
0.0047718286816119,0.9952476481701498,0.0056093333073641
0.631186335040804,0.3688331418109576,0.4629452895234014
0.6584539275071577,0.3415655493446039,0.4304189470813938
0.7314726447617007,0.2685468320900609,0.3425588687844497
0.978614416765674,0.0214050600860876,0.0412519720312408
0.736711917885593,0.2633075589661687,0.3361899382583799
0.9696550649553006,0.030364411896461,0.0526459303118244
0.393802465769433,0.6062170110823286,0.7504236215258165
0.0177239351031299,0.9822955417486318,0.0341623979899889
0.8577800284362036,0.1422394484155581,0.1911068694856163
0.715443195761837,0.2845762810899246,0.3614708918450421
0.992053444481234,0.0079660323705276,0.0203922637944802
0.9109323568938316,0.08908711995793,0.1267748281167832
0.951424731706367,0.0485947451453947,0.0759402450187951
0.9138149309545603,0.0862045458972011,0.1229768420232553
0.9829967084120522,0.0170227684397094,0.0348830415051711
0.5614592057339851,0.4385602711177765,0.5449623122918411
0.7164754689052062,0.2835440079465555,0.3602048964805329
0.9759850417778472,0.0240344350739146,0.0447188516448201
0.169312272364295,0.8307072044874666,0.8457238571957229
0.8258185146952847,0.174200962156477,0.2295346980114134
0.9171259957540464,0.0828934810977153,0.1190425179673957
0.1621253140642346,0.837894162787527,0.8200338897220654
0.7097949087509495,0.2902245681008122,0.3683462205169156
0.9725765927195528,0.0274428841322088,0.0488868979218199
0.6402235942582241,0.3597958825935375,0.4519603451298132
0.9651364353465904,0.0348830415051711,0.0588200923202773
0.9814580371228796,0.0185614397288822,0.0372007868648111
0.9136980698439904,0.0863214070077712,0.1231131799855871
0.5243363262762207,0.4756831505755409,0.5896811639366613
0.584811950996241,0.4152075258555207,0.5175194281596323
0.0147050230800693,0.9853144537716924,0.0258263054359893
0.8079777184815846,0.192041758370177,0.2509202812457394
0.2525368599419589,0.7474826169098027,0.9565666205714508
0.5350291178933837,0.464990358958378,0.5766511501080965
0.2415324386966091,0.7584870381551526,0.9775821436223048
0.8908322458757766,0.109187230975985,0.1509066474495062
0.8943770328964026,0.105642443955359,0.1467191243207448
0.2741561653974251,0.7258633114543365,0.9205539216641022
0.2353972303916794,0.7646222464600821,0.9894240694934072
0.4020606509163859,0.5979588259353759,0.7393802465769433
0.8531445377169234,0.1468749391348382,0.1967162027929805
0.6344779229885281,0.3655415538632335,0.4589525349122568
0.023216407299924,0.9768030695518376,0.0561712404806887
0.0144128703036441,0.9856066065481176,0.0250277545137603
0.9450558011802972,0.0549636756714644,0.0834777866505658
0.8776658940848802,0.1223535827668815,0.16705295755994
0.3254192392341702,0.6746002376175915,0.8430165748008492
0.7154237189100754,0.2845957579416863,0.3614903686968038
0.0005843055528504,0.9994351712989112,0.0005843055528504
0.016983814736186,0.9830356621155756,0.0319615137409189
0.949048555791442,0.0509709210603198,0.0787449116724772
0.995228171318388,0.0047913055333735,0.0148413610424011
0.9958903842782852,0.0041290925734764,0.0134585045673217
0.0647994858111134,0.9352199910406482,0.2884132208869758
0.9414720604561478,0.0585474163956138,0.0880353699627992
0.92631906978556,0.0737004070662018,0.1071811152445318
0.3528426465146174,0.6471768303371443,0.8047250842373839
0.0439203007225912,0.9560991761291704,0.1624564205441832
0.6251679878464445,0.3748514890053172,0.4698790487505599
0.6850008764583293,0.3150186003934324,0.398204234267573
0.7968564361256647,0.203163040726097,0.2639308182225425
0.6683481682020919,0.3316713086496698,0.4181290536197729
0.773795843639834,0.2262236332119276,0.2915489940206065
0.8700893987495861,0.1299300781021755,0.1762655084432152
0.0119393101299106,0.9880801667218512,0.0190678378746859
0.8085230703309118,0.1914964065208499,0.2503164988411273
0.9721481019807958,0.0278713748709658,0.0494712034746703
0.0306760415246479,0.9693434353271138,0.0937031338254484
0.6581033441754475,0.3419161326763142,0.4308084841166273
0.7990767972264963,0.2009426796252653,0.2613209200864772
0.2303137720818807,0.769705704769881,0.9997662777788598
0.8893520051418888,0.1106674717098728,0.1527179946633426
0.9030247550785891,0.0969947217731725,0.1364743002941004
0.8790877042634828,0.1209317725882788,0.1653584714566737
0.3556473131682994,0.6443721636834622,0.8007518064780009
0.4602574839802894,0.5397619928714723,0.6673158950587227
0.7361665660362658,0.2638529108154958,0.3369105817735621
0.8401729544436437,0.1598465224081179,0.2119860545741386
0.7947529361354031,0.2052665407163586,0.2664238552480377
0.7178778022320472,0.2821416746197144,0.3585493640807899
0.8816002181407397,0.1184192587110219,0.1622421751748047
0.6171630017723935,0.3828564750793681,0.4792474144479286
0.891299690318057,0.1087197865337046,0.1504002493037025
0.0225347174882652,0.9774847593634964,0.0533276201234832
0.9085561809789066,0.0914632958728551,0.1295600179187036
0.8848528523849405,0.1151666244668211,0.1582299437118984
0.5610696686987515,0.4389498081530101,0.5454102798823598
0.4341390257678749,0.5658804510838868,0.6991800245408332
0.0988060689870089,0.9012134078647528,0.4947704653019886
0.3593868687065423,0.6406326081452194,0.7958241629822955
0.1595154159281693,0.8405040609235923,0.8109771536528836
0.7025689967473657,0.2974504801043959,0.3767407436262002
0.5810139649027132,0.4190055119490485,0.5219796272130572
0.3821553084159476,0.617864168435814,0.7654597510858345
0.8294217322711956,0.170597744580566,0.2251524063650351
0.9037843522972948,0.096235124554467,0.1355978419648248
0.1236390549831525,0.8763804218686092,0.6450928071986444
0.2765518181641119,0.7234676586876497,0.9169701809399528
0.989131916716982,0.0108875601347798,0.0254951989560407
0.738542741951191,0.2614767349005706,0.3339111466022632
0.3904524472664238,0.6095670295853378,0.7548059131721948
0.7487680891260736,0.251251387725688,0.3218939290653059
0.1882242954248875,0.8117951814268741,0.9029273708197808
0.7680891260736614,0.2319303507781002,0.2984437995442416
0.8434645423913678,0.1565549344603938,0.2081296379253257
0.7753150380772452,0.2247044387745164,0.2895818319926767
0.9378298891767136,0.0621895876750482,0.0924955690162242
0.3288082114407027,0.6712112654110589,0.8383616072298073
0.6961026819624876,0.3039167948892741,0.3846483454414428
0.8462497321932883,0.1537697446584734,0.2048380499776016
0.8927604542001831,0.1072590226515785,0.1486083789416278
0.9836783982237112,0.0163410786280505,0.033967629472372
0.9863662037668232,0.0136532730849385,0.029935921157704
0.7373741308454901,0.2626453460062715,0.335391387336151
0.9579884307500536,0.0420310461017081,0.0680326432035525
0.9758487038155153,0.0241707730362464,0.0448746664589135
0.8827883060982022,0.1172311707535593,0.1607035038856319
0.0376487544553298,0.9623707223964318,0.1264826753403579
0.9134059170675652,0.0866135597841964,0.1235027170208207
0.7453985937713028,0.2546208830804589,0.3258866836764505
0.3440975400736225,0.6559219367781391,0.8171707925130982
0.6894221218082309,0.3105973550435307,0.392945484291919
0.8466587460802836,0.1533607307714781,0.2043706055353212
0.1520752585552071,0.8479442182965545,0.7840406676664784
0.6507216173577703,0.3492978594939914,0.4392809146329587
0.391056229671036,0.6089632471807257,0.7539684085464425
0.1514519992988333,0.8485674775529284,0.7818397834174085
0.816450148997916,0.1835693278538457,0.2404806887014783
0.9496718150478156,0.050347661803946,0.0779463607502483
0.6501178349531582,0.3499016418986035,0.4399431275928558
0.6816313811035585,0.3183880957482032,0.4024696648033812
0.7947529361354031,0.2052665407163586,0.2664238552480377
0.5682761038505736,0.4317433730011881,0.5369768030695519
0.3684436047757241,0.6315758720760376,0.7834953158171513
0.2127651286446059,0.7872543482071558,0.964746898311357
0.3847262528484895,0.6152932240032721,0.762246070545157
0.4278480026488518,0.5721714742029098,0.7069318115419824
0.6376526498256821,0.3623668270260795,0.4549597803011121
0.8118925656856826,0.1881269111660791,0.2462653136746976
0.047659856260834,0.9523596205909276,0.1832187445221354
0.0284946341273396,0.971524842724422,0.0827376662836219
0.2826675496172798,0.7173519272344818,0.9075239078355376
0.9076407689461076,0.0923787079056541,0.1307870595796895
0.3852716046978166,0.614747872153945,0.7614864733264515
0.0341234442864655,0.965896032565296,0.1098883976394055
0.8723097598504178,0.1277097170013439,0.1736556103071499
0.6847476773854274,0.3152717994663342,0.3986132481545683
0.7829110102643009,0.2171084665874608,0.2805250959234949
0.1871141148744717,0.81290536197729,0.89967473657558
0.8596887599088483,0.1403307169429133,0.188867031533023
0.6170850943653468,0.3829343824864148,0.4793253218549753
0.6705880061546852,0.3294314706970765,0.4153633406696141
0.9014666069376546,0.098552869914107,0.1383246012114601
0.7506573437469567,0.2493621331048049,0.3196930448162359
0.1521921196657772,0.8478273571859845,0.7843522972946653
0.7176635568626687,0.282355919989093,0.3587830863019302
0.645053853495121,0.3549656233566406,0.4460978127495472
0.0127378610521395,0.987281615799622,0.021015523050854
0.3422472391562627,0.6577722376954989,0.8198001675009251
0.8272987554291724,0.1727207214225892,0.227723350797577
0.1092067078277467,0.890812769024015,0.5622188029526908
0.6859162884911283,0.3141031883606334,0.3971719611242039
0.3741697991936583,0.6258496776581034,0.7759188204818573
0.9840874121107064,0.0159320647410552,0.0333443702159982
0.911711430964299,0.0883080458874627,0.1257815086769374
0.1809789065695421,0.8190405702822195,0.8829051672087723
0.9724402547572212,0.0275792220945406,0.0491011432911984
0.9338371345655688,0.0661823422861928,0.0977737958436398
0.0618584811950996,0.938160995656662,0.2714683598543131
0.0620532497127164,0.9379662271390452,0.2724616792941589
0.7758214362230489,0.2241980406287127,0.2890170032915879
0.7394581539839901,0.2605613228677716,0.3328593966071324
0.9375961669555734,0.0624233098961883,0.0928461523479344
0.592018386148063,0.4080010907036986,0.5087548448668757
0.7018288763804219,0.2981906004713398,0.3776366788072376
0.054379370118614,0.9456401067331476,0.2237890267417174
0.8960909958514306,0.1039284810003311,0.1445961474787215
0.9620201390647216,0.0379993377870401,0.0627349395243752
0.8993241532438696,0.100695323607892,0.140837115088717
0.088288569035701,0.9117309078160606,0.4279259100558986
0.6247784508112109,0.3752410260405508,0.4703270163410786
0.3406306604600432,0.6593888163917184,0.8221568665640886
0.8970064078842296,0.103013068967532,0.1435638743353524
0.812418440683248,0.1876010361685137,0.2455836238630387
0.9685059307013616,0.0315135461504002,0.0542819858598056
0.961143680735446,0.0388757961163157,0.0638645969265527
0.697115478254095,0.3029039985976666,0.3833239195216485
0.0033305416512474,0.9966889352005142,0.0034668796135792
0.2980737393607697,0.701945737490992,0.8829051672087723
0.94902907893968,0.0509903979120814,0.0787643885242389
0.1540618974348986,0.845957579416863,0.7917535009641041
0.1181271059345967,0.881892370917165,0.6120405897590714
0.2882379292211207,0.7117815476306409,0.8985061254698791
0.7534035798453538,0.2466158970064078,0.3164404105720351
0.718987982782463,0.2810314940692986,0.3571859844574723
0.954911088171708,0.0451083886800537,0.0715189996688935
0.4807471320335781,0.5192723448181836,0.6424050016555324
0.0917944023528036,0.908225074498958,0.4495452155113647
0.974641139006291,0.0253783378454706,0.0463549071928013
0.7388933252829013,0.2611261515688604,0.3334631790117445
0.0542430321562822,0.9457764446954794,0.2229515221159651
0.4883041505171104,0.5117153263346512,0.6330561128099254
0.7689850612546988,0.2310344155970629,0.297197281031494
0.789688954677366,0.2103305221743957,0.2723253413318271
0.6166955573301132,0.3833239195216485,0.4797343357419706
0.6219932610092904,0.3780262158424712,0.473540696881756
0.6849229690512826,0.3150965078004791,0.3983016185263814
0.637418927604542,0.3626005492472197,0.4552324562257757
0.0294684767154237,0.970551000136338,0.0878990320004674
0.3619967668426075,0.6380227100091541,0.7921819917028612
0.018814638801784,0.9812048380499776,0.0376292776035681
0.9535087548448667,0.0465107220068948,0.0732719163274448
0.2085970823676061,0.7914223944841556,0.9553590557622266
0.8038486259081082,0.1961708509436534,0.2557894941861597
0.8625518571178155,0.1374676197339462,0.1854975361782521
0.281128878328107,0.7188905985236547,0.9098611300469392
0.7704068714333016,0.2296126054184601,0.2953275032623726
0.2952301190035643,0.7047893578481974,0.8874627505210058
0.9142628985450793,0.0857565783066825,0.1224314901739282
0.8659992598796331,0.1340202169721286,0.181290536197729
0.2988333365794753,0.7011861402722864,0.8817949866583565
0.1262684299709794,0.8737510468807822,0.660265274720994
0.9228716670237422,0.0771478098280194,0.1116607911497185
0.7249868531250608,0.2750326237267008,0.3499600724538885
0.8364333989054009,0.1635860779463607,0.2166215452934187
0.9322595095728726,0.067759967278889,0.0998772958339014
0.4725473774419103,0.5274720994098514,0.6522408117951815
0.9975848703815516,0.0024346064702101,0.009835810139649
0.2063377675632511,0.7936817092885106,0.9494770465301988
0.2396237072239643,0.7603957696277973,0.9813801297158328
0.0220672730459848,0.9779522038057769,0.05132150439203
0.9077771069084392,0.0922423699433223,0.1306312447655961
0.6295113257892995,0.3705081510624622,0.4648540209960462
0.032136805406774,0.9678826714449876,0.0998772958339014
0.9722260093878424,0.0277934674639191,0.0493348655123385
0.8555596673353719,0.1444598095163897,0.1938336287322517
0.0617805737880529,0.9382389030637088,0.2710398691155561
0.3107726467093858,0.6892468301423758,0.864168435814035
0.1855949204370605,0.8144245564147011,0.8952340143739166
0.3452661511793233,0.6547533256724383,0.8156321212239254
0.8823403385076836,0.117679138344078,0.161248855734959
0.9578520927877218,0.0421673840640398,0.0682274117211693
0.4496425997701731,0.5503768770815886,0.6800537561108623
0.8861188477494498,0.1139006291023119,0.1566717955709639
0.7555655103909004,0.2444539664608612,0.3139863272500633
0.0222036110083166,0.977815865843445,0.052120055314259
0.9732582825312116,0.02676119432055,0.0480299164443059
0.9910406481896268,0.008978828662135,0.0223789026741717
0.1047659856260834,0.8952534912256783,0.5334709697524492
0.7620123483240169,0.2380071285277447,0.3057670958066338
0.9882165046841828,0.0118029721675788,0.0270143933934518
0.9489901252361568,0.0510293516156048,0.0788033422277623
0.185380675067682,0.8146388017840797,0.8946691856728278
0.2722279570730187,0.727791519778743,0.9236896947977328
0.6210388952729681,0.3789805815787936,0.4746703542839335
0.7273435521882243,0.2726759246635374,0.3473501743178233
0.92631906978556,0.0737004070662018,0.1071811152445318
0.531776483649183,0.4682429932025787,0.5807023352745262
0.926689129969032,0.0733303468827298,0.1066941939504898
0.7364781956644528,0.2635412811873089,0.3364236604795201
0.2660148413610424,0.7340046354907193,0.9341682410455174
0.8304929591180882,0.1695265177336735,0.2239058878522875
0.3899265722688584,0.6100929045829032,0.755526556687377
0.892585162534328,0.1074343143174337,0.1488031474592447
0.7070876263560758,0.2929318504956859,0.3714040862434996
0.8209882554583877,0.1790312213933739,0.2352803692811094
0.9247414447928636,0.075278032058898,0.1092067078277467
0.3659116140467054,0.6341078628050562,0.7867674269131137
0.9444130650721616,0.0556064117795999,0.0843152912763181
0.909939037453986,0.0900804393977757,0.1280018697777691
0.8477884034824611,0.1522310733693005,0.203163040726097
0.7937401398437957,0.206279337007966,0.2675535126502152
0.9719922871667024,0.0280271896850593,0.0496854488440488
0.3797596556492608,0.6202598212025008,0.7687513390335586
0.996202013906472,0.0038174629452895,0.0128741990144713
0.5508053678203455,0.4492141090314162,0.5574469742710788
0.929863856806186,0.0701556200455758,0.1029351615604853
0.695713144927254,0.3043063319245077,0.3851742204390082
0.8322653526284012,0.1677541242233605,0.2216660498996942
0.9813411760123094,0.0186783008394523,0.0374345090859513
0.4018853592505307,0.5981341176012309,0.7395944919463218
0.6671990339481526,0.332820442903609,0.4195703406501373
0.2793759616695557,0.7206435151822059,0.9126073661453362
0.2516409247609216,0.74837855209084,0.9578910464912452
0.445922521083692,0.5540969557680696,0.6847671542371891
0.9879827824630428,0.012036694388719,0.0274234072804471
0.1836667121126541,0.8163527647391076,0.8900336949535477
0.0117250647605321,0.9882944120912296,0.0185419628771205
0.5676723214459615,0.4323471554058002,0.537639016029449
0.9852365463646456,0.014782930487116,0.031649884112732
0.916054768907154,0.0839647079446078,0.1202695596283816
0.029877490602419,0.9701419862493428,0.0905284069882944
0.9750306760415246,0.024988800810237,0.045887462750521
0.6866564088580722,0.3133630679936895,0.3962955027949282
0.8752507644664317,0.12476871238533,0.1700134390277155
0.4473053775587714,0.5527140992929903,0.6829947607268761
0.0705256802290477,0.929493796622714,0.3210953781430769
0.5868180667276941,0.4132014101240675,0.5151627290964689
0.3025923689694798,0.6974271078822819,0.8760493153886606
0.9324348012387278,0.0675846756130339,0.0996630504645229
0.3846093917379194,0.6154100851138422,0.7623629316557272
0.8220594823052801,0.1779599945464815,0.2340533276201234
0.7468593576534289,0.2531601191983327,0.3241142901661375
0.7362249965915509,0.2637944802602107,0.3368326743665153
0.7525076446643164,0.2475118321874452,0.3175311142706893
0.8746469820618196,0.1253724947899421,0.1707340825428977
0.1095572911594569,0.8904621856923047,0.5636211362795318
0.9878074907971875,0.0122119860545741,0.0276571295015873
0.1762070778879302,0.8238123989638315,0.868258574683988
0.7395750150945601,0.2604444617572015,0.3327230586448007
0.6519876127222796,0.3480318641294821,0.437859104454356
0.98204234267573,0.0179771341760317,0.0363632822390588
0.9955203240948132,0.0044991527569483,0.0143154860448357
0.9898720370839258,0.0101474397678359,0.0243460647021015
0.8023489083224588,0.1976705685293029,0.2575034571411877
0.9273318660771672,0.0726876107745943,0.1059345967317842
0.7334982373449156,0.2665212395068461,0.3400268780554311
0.511734803186413,0.4882846736653487,0.6050289231248661
0.7607658298112693,0.2392536470404923,0.3073252439475683
0.9976238240850748,0.0023956527666867,0.0097773795843639
0.9496718150478156,0.050347661803946,0.0779463607502483
0.5363924975167014,0.4636269793350603,0.5748592797460218
0.1050970921060319,0.8949223847457297,0.5361392984437996
0.4613481876789436,0.5386712891728181,0.6659719922871667
0.0047133981263268,0.9953060787254348,0.0055509027520791
0.9602282687026468,0.0397912081491147,0.065072161735777
0.0241902498880081,0.9758292269637536,0.0599302728706931
0.6406131312934578,0.359406345558304,0.4514344701322478
0.8547416395613813,0.1452778372903803,0.1948074713203357
0.8404456303683072,0.1595738464834544,0.21165494809419
0.1963266657577469,0.8036928110940148,0.9245466762752468
0.8076271351498744,0.1923923417018873,0.2512903414292113
0.98436008803537,0.0156593888163917,0.0328574489219562
0.7693551214381708,0.2306643554135909,0.2967493134409754
0.8216699452700466,0.1783495315817151,0.2344623415071187
0.1264631984885963,0.8735562783631654,0.6610833024949847
0.656175135851041,0.3438443410007206,0.4328730304033656
0.6834816820209182,0.3165377948308435,0.4002298268507878
0.8767115283485577,0.1233079485032039,0.1681436612585941
0.8359854313148822,0.1640340455368794,0.2171474202909841
0.0335780924371384,0.9664413844146232,0.1074732680209571
0.0203727869427185,0.9796466899090432,0.0431607035038856
0.8189626628751728,0.1810568139765888,0.2376175914925111
0.9435950372981712,0.0564244395535905,0.0854254718267339
0.0616247589739594,0.9383947178778024,0.2699881191204253
0.1763628927020236,0.8236565841497381,0.8688039265333152
0.9326100929045829,0.0674093839471787,0.0994293282433827
0.1322283466100539,0.8677911302417077,0.6929863856806185
0.7067175661726038,0.2933019106791578,0.3717741464269715
0.8353621720585085,0.1646573047932532,0.2179264943614514
0.8831973199851976,0.1168221568665641,0.1602165825915898
0.9893851157898838,0.0106343610618779,0.0250277545137603
0.9008628245330424,0.0991566523187192,0.1390452447266424
0.1968135870517889,0.8032058897999728,0.9256568568256628
0.7392633854663733,0.2607560913853884,0.3330541651247492
0.8484311395905966,0.1515883372611651,0.2024423972109148
0.8071402138558323,0.1928792629959293,0.2518356932785384
0.0328574489219562,0.9671620279298054,0.1032273143369105
0.2149660128936758,0.7850534639580858,0.9694602964376838
0.7725882788306098,0.2274311980211518,0.2928734199404008
0.8109381999493602,0.1890812769024015,0.2473170636698284
0.8395886488907933,0.1604308279609684,0.2126872212375591
0.0332275091054281,0.9667919677463336,0.1058177356212141
0.5964980620532497,0.4035214147985119,0.5035934791500302
0.1666439436729447,0.833375533178817,0.8364139220536393
0.6182731823228094,0.3817462945289523,0.4779814190834193
0.1608982724032487,0.8391212044485129,0.8157100286309721
0.9571704029760628,0.0428490738756987,0.0690064857916366
0.8018814638801784,0.1981380129715832,0.2580682858422765
0.6926163254971467,0.307403151354615,0.3889332528290127
0.7988235981535945,0.2011958786981672,0.2617104571217108
0.1998130222230878,0.8002064546286738,0.9332917827162416
0.9418421206396198,0.0581773562121418,0.0875874023722805
0.7218705568431919,0.2781489200085698,0.3536996279921313
0.450382720137117,0.5496367567146446,0.6791967746333483
0.8874627505210058,0.1125567263307558,0.1549578326159359
0.9036285374832012,0.0963909393685604,0.1357926104824416
0.6169877101065384,0.3830317667452233,0.4794227061137838
0.9383752410260404,0.0616442358257211,0.0917944023528036
0.6206688350894961,0.3793506417622656,0.4750988450226905
0.0126015230898077,0.987417953761954,0.0208012776814755
0.1326373604970492,0.8673821163547124,0.6953625615955437
0.8574683988080166,0.142551078043745,0.1914379759655649
0.9960072453888552,0.0040122314629063,0.0131468749391348
0.9588454122275676,0.0411740646241941,0.0668835089496133
0.7752371306701985,0.2247823461815632,0.2896986931032468
0.6678028163527647,0.3322166604989969,0.4188496971349551
0.8595329450947549,0.1404865317570068,0.1890228463471164
0.70377656155659,0.2962429152951717,0.3752410260405508
0.813450713826617,0.1865687630251446,0.2442397210914828
0.9857429445104492,0.0142765323413123,0.0309097637457881
0.9574041251972032,0.0426153516545585,0.0687338098669731
0.8784254913035857,0.1215939855481759,0.1660791149718559
0.2934966791967746,0.706522797654987,0.8902284634711645
0.58792824727811,0.4120912295736517,0.5138188263249128
0.4663537385816956,0.533665738270066,0.6598562608339988
0.0116471573534853,0.9883723194982764,0.0182887638042186
0.3591531464854021,0.6408663303663595,0.7961357926104824
0.8908517227275383,0.1091677541242233,0.1508871705977446
0.6696141635666011,0.3304053132851606,0.4165903823306001
0.4807666088853398,0.5192528679664219,0.642366047952009
0.951424731706367,0.0485947451453947,0.0759597218705568
0.972011764018464,0.0280077128332976,0.0496659719922871
0.0120561712404806,0.987963305611281,0.0193210369475877
0.963519856650371,0.0364996202013906,0.0608846386070155
0.4898817755098066,0.5101377013419551,0.631186335040804
0.6816703348070818,0.3183491420446799,0.4024307110998578
0.942562764154802,0.0574567126969596,0.0867304208947665
0.9452895234014372,0.0547299534503242,0.0832245875776639
0.920320199442962,0.0796992774087996,0.1148744716903959
0.1224314901739282,0.8775879866778334,0.6389770757454765
0.1722727538320705,0.8277467230196911,0.8555401904836102
0.9691291899577352,0.0308902868940264,0.0534055275305299
0.9616695557330112,0.0383499211187503,0.0632608145219406
0.965292250160684,0.0347272266910776,0.0586253238026605
0.9699082640282024,0.0301112128235592,0.0523148238318758
0.0094462731044154,0.9905732037473464,0.0136337962331768
0.5748787565977835,0.4251407202539781,0.5292250160684027
0.8954677365950567,0.1045517402567049,0.1454336521044738
0.9600724538885534,0.0399470229632082,0.0653253608086788
0.6096449369923845,0.3903745398593771,0.4879925208889235
0.8175213758448084,0.1824981010069532,0.2392341701887307
0.983503106557856,0.0165163702939056,0.0342208285452739
0.9447831252556336,0.055236351596128,0.0837894162787527
0.3078705957968954,0.6921488810548663,0.8683559589427965
0.259256373799739,0.7407631030520226,0.9453479539567224
0.8439125099818865,0.1561069668698751,0.2075842860759987
0.8436787877607463,0.1563406890910153,0.2078180082971388
0.57680696492219,0.4232125119295717,0.5268098864499542
0.0136922267884619,0.9863272500632998,0.0231190230411156
0.7075355939465945,0.2924838829051672,0.3709171649494576
0.0517110414272636,0.948308435424498,0.2089866194028397
0.0402391757396334,0.9597803011121282,0.1416161891591843
0.8780164774165904,0.1220029994351713,0.1666049899694213
0.9494965233819606,0.0505229534698011,0.0781216524161034
0.3124866096644138,0.6875328671873479,0.8618312136026333
0.7594803575949983,0.2405391192567633,0.3090392069025963
0.3467658687649728,0.6532536080867889,0.8134312369748554
0.871316440410572,0.1287030364411896,0.1748242214128508
0.7936427555849872,0.2063767212667744,0.2676508969090236
0.4775529283446623,0.5224665485070993,0.6463198488596303
0.1546072492842257,0.845412227567536,0.7936427555849872
0.6122743119802115,0.3877451648715501,0.4848567477552928
0.282355919989093,0.7176635568626687,0.9079913522778178
0.3644313733128177,0.635588103538944,0.7887735426445669
0.8547026858578579,0.1453167909939037,0.1948464250238591
0.6589018950976764,0.3411175817540853,0.4298151646767816
0.4231540813742867,0.5768653954774751,0.7127748670704868
0.072278596887599,0.9277408799641624,0.3326256743859922
0.0145492082659758,0.9854702685857858,0.0253588609937089
0.8034396120211129,0.1965798648306487,0.2562374617766784
0.1617747307325244,0.8382447461192373,0.8187873712093178
0.94207584286076,0.0579436339910016,0.087314726447617
0.8236176304462147,0.176401846405547,0.2322030267027637
0.7891630796798006,0.2108563971719611,0.2729875542917243
0.0524122080906842,0.9476072687610776,0.2135831564185965
0.3751241649299807,0.6248953119217809,0.7746917788208714
0.7791325010225347,0.2208869758292269,0.285043725532205
0.2937109245661531,0.7063085522856085,0.889897356991216
0.0543988469703757,0.945620629881386,0.2239253647040492
0.1437781197047309,0.8562413571470308,0.7488459965331203
0.9322789864246344,0.0677404904271273,0.0998578189821397
0.4363788637204682,0.5636406131312934,0.6963948347389128
0.8742184913230625,0.1258009855286991,0.1712794343922248
0.9724207779054592,0.0275986989463023,0.04912062014296
0.5370741873283602,0.4629452895234014,0.5740607288237929
0.8825740607288238,0.1174454161229378,0.1609956566620571
0.8429970979490875,0.1570223789026741,0.2086555129228911
0.0101863934713592,0.9898330833804024,0.0151140369670646
0.6589018950976764,0.3411175817540853,0.4298151646767816
0.9212745651792844,0.0787449116724772,0.1136084763258866
0.1240870225736711,0.8759324542780905,0.6476637516311863
0.8995968291685332,0.1004226476832284,0.1405254854605301
0.6395224275948036,0.3604970492569581,0.4527783729038038
0.7631614825779561,0.2368579942738055,0.3044231930350778
0.0006232592563737,0.999396217595388,0.0006232592563737
0.9315778197612138,0.0684416570905478,0.1006563699043686
0.4785462477845081,0.5214732290672536,0.6450928071986444
0.0430827960968389,0.9569366807549228,0.1582883742671834
0.3801686695362561,0.6198508073155056,0.7681865103324699
0.935414759558265,0.0646047172934966,0.0956702958533782
0.2251524063650351,0.7748670704867265,0.9899304676392108
0.8981165884346454,0.1019028884171162,0.1422394484155581
0.9271760512630738,0.0728434255886878,0.1060904115458777
0.9092378707905654,0.0907816060611962,0.1287809438482363
0.2299826656019321,0.7700368112498296,0.999143018522486
0.8799252088892351,0.1200942679625265,0.164423582572113
0.7036597004460199,0.2963597764057418,0.3754163177064059
0.8734394172525953,0.1265800595991663,0.1722143232767855
0.9741736945640108,0.025845782287751,0.0469197358938901
0.956995111310208,0.0430243655415538,0.0692012543092534
0.9223068383226536,0.0777126385291081,0.1123814346649007
0.8822819079523986,0.1177375688993631,0.161365716845529
0.6515396451317609,0.3484798317200008,0.4383655026001597
0.387141382466938,0.6128780943848237,0.7591687279668115
0.0274234072804471,0.9725960695713144,0.0765440274234072
0.5958942796486376,0.404125197203124,0.504275168961689
0.8847944218296555,0.1152250550221062,0.1582883742671834
0.2656447811775704,0.7343746956741912,0.9348109771536528
0.960461990923787,0.0395574859279746,0.0647215784040667
0.0598913191671698,0.940128157684592,0.2578345636211362
0.0040511851664296,0.995968291685332,0.0045381064604717
0.9629355510975206,0.037083925754241,0.0616052821221977
0.7930974037356602,0.2069220731161015,0.2682741561653974
0.6439631497964668,0.3560563270552948,0.4473832849658181
0.6270182887638042,0.3730011880879574,0.4677560719085367
0.7525660752196015,0.2474534016321601,0.3174726837154042
0.7693551214381708,0.2306643554135909,0.2967493134409754
0.8920982412402859,0.1079212356114757,0.1494458835673801
0.2566464756636737,0.7433730011880879,0.9497497224548624
0.5957384648345442,0.4042810120172175,0.5044699374793058
0.7677774964454745,0.2322419804062871,0.2988722902829986
0.1956644527978497,0.8043550240539119,0.922774282764934
0.2938667393802466,0.7061527374715151,0.8896831116218374
0.6201819137954541,0.3798375630563075,0.4757610579825877
0.0115497730946769,0.9884697037570848,0.0181134721383635
0.0080828934810977,0.991936583370664,0.0110238980971115
0.9182361763044622,0.0817833005472995,0.1174259392711762
0.4359893266852346,0.5640301501665271,0.6969207097364782
0.6299398165280564,0.3700796603237052,0.4643281459984808
0.7262918021930935,0.2737276746586681,0.3485382622752858
0.9053425004382292,0.0946769764135325,0.1336696336404183
0.3063708782112459,0.6936485986405158,0.8704789357848197
0.3455972576592719,0.6544222191924898,0.8151257230781217
0.4078257990378435,0.5921936778139182,0.7322906725356914
0.9462828428412832,0.0537366340104785,0.0819780690649163
0.762616130728629,0.2374033461231326,0.3050269754396899
0.9332528290127184,0.0667666478390432,0.0985918236176304
0.9918586759636172,0.0081608008881444,0.0207233702744288
0.7530919502171669,0.2469275266345947,0.3168299476072687
0.9314999123541672,0.0685195644975946,0.100753754163177
0.0541651247492355,0.945854352102526,0.2227372767465867
0.3084549013497458,0.6915645755020159,0.8673821163547124
0.8955651208538652,0.1044543559978965,0.145238883586857
0.987164754689052,0.0128547221627096,0.0285530646826247
0.6072687610774594,0.3927507157743022,0.4909530023566991
0.3585298872290283,0.6414895896227334,0.7969343435327114
0.6702568996747366,0.3297625771770251,0.4158113082601328
0.7173908809380052,0.2826285959137565,0.359094715930117
0.4095397619928714,0.5904797148588902,0.7302066493971915
0.9878074907971875,0.0122119860545741,0.0276571295015873
0.8403677229612605,0.1596517538905011,0.2117523323529984
0.4493504469937479,0.5506690298580138,0.6803653857390491
0.7793857000954366,0.2206337767563251,0.2847515727557798
0.5425666595251544,0.4574528173266073,0.567574937187153
0.0094462731044154,0.9905732037473464,0.0135948425296535
0.8778801394542586,0.122139337397503,0.1667802816352764
0.8489959682916853,0.1510235085600763,0.2017801842510176
0.0469781664491751,0.9530413104025866,0.1795960500944627
0.9957540463159534,0.0042654305358081,0.0138480416025553
0.981185361198216,0.0188341156535457,0.0376292776035681
0.7853456167345111,0.2146738601172506,0.2776425218627661
0.0286114952379097,0.971407981613852,0.0838868005375611
0.951054671522895,0.0489648053288666,0.0763492589057904
0.9426211947100872,0.0573982821416746,0.0865551292289114
0.6207662193483046,0.3792532575034571,0.4750014607638821
0.7203318855540191,0.2796875912977426,0.3556083594647761
0.2078569620006622,0.7921625148510995,0.953567185400152
0.1932298463276396,0.8067896305241221,0.9162495374247708
0.4808445162923865,0.5191749605593752,0.6422881405449623
0.4674444422803498,0.5325750345714119,0.6585123580624428
0.9356290049276434,0.0643904719241181,0.0954170967804764
0.6876692051496796,0.312350271702082,0.395087937985704
0.9831720000779074,0.0168474767738542,0.0346687961357926
0.3484993085717625,0.6515201682799993,0.811016107356407
0.9966889352005142,0.0033305416512474,0.0117640184640554
0.9993572638918644,0.0006622129598971,0.005005550902752
0.8585396256549092,0.1414798511968525,0.190210934304579
0.910484389303313,0.0895350875484486,0.1273201799661102
0.0470950275597452,0.9529244492920164,0.1797908186120795
0.9574430789007264,0.0425763979510352,0.0686948561634497
0.3047932532185498,0.695226223633212,0.8728161579962215
0.8719202228151841,0.1280992540365775,0.1741425316011919
0.0403365599984418,0.95968291685332,0.1420252030461796
0.9319089262411624,0.0681105506105993,0.100266832869135
0.543813178037902,0.4562062988138597,0.5661336501567886
0.1023703328593966,0.8976491439923651,0.5177531503807724
0.8348557739127047,0.1651637029390569,0.2185692304695869
0.912256782813626,0.0877626940381356,0.1249440040511851
0.2816742301774341,0.7183452466743275,0.9090431022729486
0.0749664024307111,0.9250530744210506,0.3500379798609352
0.8619480747132033,0.1380714021385583,0.1861597491381493
0.7222211401749021,0.2777983366768595,0.3532711372533744
0.9137565003992756,0.0862629764524862,0.1230352725785404
0.7272266910776543,0.2727927857741075,0.3474670354283933
0.9447246947003486,0.055294782151413,0.0838868005375611
0.9074070467249674,0.0926124301267943,0.1310792123561147
0.9947996805796312,0.0052197962721305,0.0154451434470132
0.8265391582104669,0.1734803186412948,0.228580332275091
0.2985022300995267,0.7015172467522349,0.8822234773971135
0.8595329450947549,0.1404865317570068,0.1890228463471164
0.9372650604756247,0.0627544163761369,0.0933330736419765
0.7036402235942583,0.2963792532575034,0.3754552714099293
0.806361139785365,0.1936583370663966,0.2528095358666225
0.7523907835537463,0.2476286932980153,0.317667452233021
0.97335566679002,0.0266638100617416,0.0479325321854975
0.394172525952905,0.6058469508988568,0.7499561770835362
0.1628070038758935,0.8372124729758682,0.8222737276746587
0.7229417836900843,0.2770776931616773,0.352433632627622
0.7662972557115868,0.2337222211401749,0.300683637496835
0.9437118984087411,0.0563075784430204,0.0852696570126404
0.4153438638178525,0.5846756130339092,0.7227664920242292
0.9322205558693492,0.0677989209824124,0.0999357263891864
0.3786884288023683,0.6213310480493933,0.7701341955086379
0.8083283018132948,0.1916911750384667,0.2505307442105058
0.9901836667121128,0.009835810139649,0.0237422822974894
0.9241181855364898,0.0759012913152718,0.1100831661570223
0.534951210486337,0.4650682663654247,0.5767874880704283
0.2677288043160703,0.7322906725356914,0.931324620688312
0.3552188224295425,0.6448006544222192,0.8013361120308513
0.4802407338877744,0.5197787429639873,0.6430672146154296
0.0033694953547708,0.9966499814969908,0.0035058333171026
0.9652143427536372,0.0348051340981243,0.0587421849132306
0.7972654500126599,0.2027540268391017,0.2634633737802621
0.2436943692421557,0.756325107609606,0.9733167130864968
0.7766784177005629,0.2233410591511988,0.2880626375552655
0.7594803575949983,0.2405391192567633,0.3090392069025963
0.4642502385914341,0.5357692382603276,0.6624272052665408
0.7485148900531718,0.2515045867985899,0.3222445123970161
0.41207175272189,0.5879477241298716,0.7269734920047524
0.1748826519681358,0.8251368248836258,0.8638568061858481
0.5378532613988275,0.4621662154529342,0.5731063630874705
0.2668718228385563,0.7331476540132053,0.932785384570438
0.2973920495491108,0.7026274273026508,0.8839374403521415
0.8025826305435989,0.1974368463081627,0.2572113043647624
0.6031201916522213,0.3968992851995403,0.4958027384453577
0.8529108154957833,0.1471086613559784,0.1970278324211674
0.9608515279590208,0.0391679488927409,0.064215180258263
0.7989015055606412,0.2011179712911205,0.2615935960111407
0.8589486395419045,0.1410708373098572,0.1897240130105369
0.9650780047913056,0.0349414720604561,0.0589174765790857
0.6380616637126775,0.3619578131390842,0.4544728590070701
0.943536606742886,0.0564828701088756,0.0854839023820189
0.351518220594823,0.6485012562569387,0.8066532925617903
0.7304403716183316,0.2695791052334301,0.3439612021112907
0.0721422589252673,0.9278772179264944,0.3316518317979082
0.6312642424478507,0.3687552344039109,0.4628089515610696
0.0093294119938453,0.9906900648579164,0.0134000740120366
0.0222230878600782,0.9777963889916834,0.0523148238318758
0.2750521005784625,0.7249673762732992,0.9192100188925462
0.2933603412344429,0.7066591356173189,0.8904037551370196
0.8422569775821436,0.157762499269618,0.2095514481039284
0.3592310538924488,0.6407884229593128,0.7959994546481507
0.7401398437956489,0.2598796330561128,0.3320608456849035
0.9800167500925152,0.0200027267592466,0.0393821942621194
0.9823539723039167,0.0176655045478448,0.0358179303897318
0.7532477650312603,0.2467717118205013,0.3166546559414136
0.848041602555363,0.1519778742963987,0.2028903648014335
0.013809087899032,0.9862103889527296,0.0235085600763492
0.5324971271643651,0.4675223496873965,0.5796895389829188
0.8840348246109498,0.1159846522408118,0.1592622168552675
0.53232183549851,0.4676976413532516,0.5799037843522973
0.961143680735446,0.0388757961163157,0.0638645969265527
0.7998169175934402,0.2002025592583214,0.2604249849054398
0.9705704769880996,0.029448999863662,0.0515747034649319
0.982100773231015,0.0179187036207467,0.0362464211284887
0.6722240617026664,0.3277954151490953,0.4135519934557778
0.960461990923787,0.0395574859279746,0.0647215784040667
0.2000077907407046,0.800011686111057,0.9337981808620456
0.1293457725493251,0.8706737043024365,0.6780865940829325
0.3596400677794441,0.6403794090723175,0.7954735796505853
0.2039226379448026,0.796096838906959,0.9437118984087411
0.7592271585220964,0.2407923183296652,0.3093313596790215
0.9174765790857564,0.0825428977660051,0.118536119821592
0.2674366515396451,0.7325828253121166,0.931811541982354
0.9122178291101026,0.087801647741659,0.1249829577547085
0.8526965701264048,0.1473229067253569,0.1972810314940693
0.8160021814073973,0.1840172954443643,0.2409676099955203
0.1442845178505346,0.8557349590012271,0.7508715891163352
0.8921956254990944,0.1078238513526673,0.1493095456050484
0.0074206805212005,0.9925987963305613,0.0098163332878873
0.8875796116315758,0.1124398652201858,0.1548409715053658
0.2398379525933428,0.7601815242584189,0.9809905926805992
0.1264826753403579,0.8735368015114037,0.6612001636055548
0.7907601815242584,0.2092592953275032,0.2710203922637945
0.9556512085386518,0.0443682683131098,0.0707399255984262
0.9916444305942388,0.0083750462575229,0.0211908147167091
0.0002531990729018,0.9997662777788598,0.0002531990729018
0.6579280525095923,0.3420914243421693,0.4310227294860059
0.8612858617533062,0.1387336150984555,0.1870362074674249
0.0721227820735056,0.927896694778256,0.3314960169838147
0.2547377441910289,0.7452817326607327,0.952827065033208
0.9239039401671114,0.0761155366846502,0.1103753189334476
0.6628362191535361,0.3371832576982256,0.4248485674775529
0.073135578365113,0.9268838984866486,0.3372611651052724
0.576066844555246,0.4239526322965156,0.5277252984827533
0.3796233176869291,0.6203961591648326,0.7689655844029372
0.4038719981302222,0.5961474787215395,0.737081978069065
0.8637399450752781,0.1362795317764836,0.184036772296126
0.1994624388913776,0.8005570379603841,0.9323763706834428
0.9857818982139728,0.0142375786377889,0.0308708100422647
0.370215998286037,0.6298034785657246,0.7810217556434178
0.909685838381084,0.0903336384706776,0.1282745457024326
0.9806400093488888,0.0193794675028728,0.0383888748222737
0.005434041641509,0.9945854352102528,0.0065831758954482
0.6000038953703524,0.4000155814814093,0.4995228171318388
0.7190464133377481,0.2809730635140136,0.3571080770504256
0.9134448707710886,0.0865746060806731,0.1234637633172973
0.5734959001227041,0.4265235767290575,0.5308415947646222
0.9473151159846522,0.0527043608671094,0.0807315505521687
0.9359990651111154,0.0640204117406462,0.0949301754864343
0.9375182595485264,0.0625012173032351,0.0929630134585045
0.9952671250219116,0.0047523518298502,0.0147050230800693
0.3286329197748476,0.6713865570769141,0.8385953294509475
0.0722980737393607,0.9277214031124008,0.3327814892000857
0.6956741912237306,0.3043452856280311,0.3852131741425316
0.1318972401301053,0.8681222367216563,0.6915256217984925
0.8471067136708023,0.1529127631809594,0.2038836842412792
0.029020509124905,0.9709989677268568,0.0855228560855423
0.9526128196638296,0.0474066571879321,0.0744015737296223
0.0918528329080887,0.908166643943673,0.4499737062501217
0.0873536801511403,0.9126657967006212,0.4228034980425764
0.0547883840056093,0.9452310928461524,0.226321017470736
0.6590966636152932,0.3409228132364684,0.4295424887521181
0.7480084919073681,0.2520109849443936,0.3228482948016282
0.2709814385602711,0.7290380382914906,0.9260269170091346
0.0410961572171474,0.9589233196346144,0.146641216913698
0.9115945698537288,0.0884249069980328,0.1259178466392692
0.9837757824825196,0.0162436943692421,0.0338118146582786
0.6128001869777769,0.3872192898739848,0.4842140116471573
0.9737646806770154,0.0262547961747463,0.0474456108914555
0.9279940790370644,0.0720253978146972,0.1050776152542703
0.1754280038174629,0.8245914730342987,0.8659797830278714
0.0240149582221529,0.9760045186296088,0.0590538145414175
0.5077420485752683,0.4922774282764934,0.6099565666205714
0.546559414136299,0.4534600627154627,0.5628225853573029
0.2862707671931909,0.7137487096585707,0.9012523615682762
0.8336676859552422,0.1663517908965195,0.2199910406481896
0.8015308805484681,0.1984885963032935,0.2584772997292717
0.6185458582474729,0.3814736186042888,0.4776697894552325
0.8689402644956469,0.1310792123561147,0.1776483649182946
0.4575696784371774,0.5424497984145843,0.670354283933545
0.8164891027014394,0.1835303741503223,0.2404222581461932
0.7039323763706834,0.2960871004810782,0.3750852112264574
0.1142512124340221,0.8857682644177395,0.5912977426328808
0.9362522641840172,0.0637672126677443,0.0945990690064857
0.2382213738971232,0.7617981029546385,0.9837952593342812
0.7025884735991275,0.2974310032526342,0.3767212667744385
0.9392322225035544,0.0607872543482071,0.0907036986541495
0.0311629628186899,0.9688565140330716,0.0960403560368502
0.1812321056424439,0.8187873712093178,0.883664764427478
0.9908458796720098,0.0091735971797518,0.0226710554505969
0.0261963656194612,0.9738231112323004,0.0692402080127768
0.8399587090742653,0.1600607677774964,0.2122197767952788
0.9845548565529868,0.0154646202987749,0.0326432035525777
0.9135033013263736,0.086516175525388,0.1233858559102506
0.5820851917496056,0.4179342851021561,0.520772062403833
0.8077634731122062,0.1922560037395555,0.2511540034668796
0.8711995793000019,0.1288198975517597,0.1749605593751826
0.5743139278966948,0.4257055489550669,0.5298677521765381
0.7736400288257406,0.226379448026021,0.2917242856864616
0.8790097968564361,0.1210096799953255,0.1654363788637204
0.9822371111933468,0.0177823656584149,0.0359737452038252
0.9884891806088464,0.0115302962429152,0.0264885183958864
0.942815963227704,0.0572035136240578,0.0863408838595329
0.9302339169896576,0.0697855598621038,0.1024482402664433
0.4707165533763122,0.5293029234754494,0.6545001265995365
0.9880801667218512,0.0119393101299106,0.0273065461698771
0.6877860662602497,0.312233410591512,0.3949126463198488
0.3003525310168864,0.6996669458348752,0.8794188107434314
0.0629491848937537,0.937070291958008,0.277155600568724
0.5942971778041797,0.4057222990475819,0.5061254698790487
0.5189801920417584,0.4810392848100033,0.5961669555733011
0.7029390569308377,0.297080419920924,0.376331729739205
0.9533529400307734,0.0466665368209882,0.0734666848450616
0.6593693395399568,0.3406501373118049,0.4291724285686462
0.7196501957423602,0.2803692811094014,0.3563290029799583
0.9949749722454864,0.0050445046062754,0.0152308980776347
0.2712735913366963,0.7287458855150654,0.925325750345714
0.965662310344156,0.0343571665076057,0.0581189256568568
0.997078472235748,0.0029410046160138,0.0109459906900648
0.982762986190912,0.0172564906608495,0.0352725785404047
0.1754669575209863,0.8245525193307753,0.8661550746937265
0.8938316810470756,0.1061877958046861,0.1474008141324036
0.7089379272734355,0.2910815495783261,0.3692616325497146
0.0171980601055645,0.9828214167461972,0.0327211109596244
0.0801082912957949,0.9199111855559668,0.3815904797148589
0.863253023781236,0.1367664530705256,0.1846405547007381
0.0132053054944198,0.9868141713573418,0.0220477961942231
0.7486901817190269,0.2513292951327347,0.3220107901758759
0.0070311434859669,0.9929883333657948,0.0091930740315135
0.9618448473988664,0.0381746294528952,0.0630076154490388
0.7426913113764291,0.2573281654753325,0.3291003642171279
0.8802173616656603,0.1198021151861013,0.1640535223886411
0.8816002181407397,0.1184192587110219,0.1622616520265664
0.5624914788773543,0.4375279979744074,0.5437352706308552
0.8841322088697583,0.1158872679820033,0.1591453557446974
0.3670023177453596,0.633017159106402,0.7853261398827494
0.6228307656350428,0.3771887112167189,0.4725668542936719
0.0438034396120211,0.9562160372397406,0.1620279298054262
0.986132481545683,0.0138869953060787,0.0303254581929376
0.8783670607483006,0.121652416103461,0.1661570223789026
0.8335508248446721,0.1664686520070895,0.2201273786105214
0.6942523810451279,0.3057670958066338,0.3869076602457978
0.8776658940848802,0.1223535827668815,0.16705295755994
0.7868648111719222,0.2131546656798395,0.2759480357594998
0.2323004109615721,0.7677190658901895,0.996221490758234
0.9871258009855288,0.0128936758662329,0.028592018386148
0.8293827785676723,0.1706366982840893,0.2251913600685585
0.5576027890851722,0.4424166877665894,0.5495783261593596
0.9995325555577196,0.000486921294042,0.00451862960871
0.8514695284654189,0.1485499483863428,0.1989170870420505
0.982762986190912,0.0172564906608495,0.0352725785404047
0.8971427458465614,0.1028767310052003,0.1434080595212589
0.7922209454063845,0.2077985314453771,0.2693259061605282
0.9525154354050211,0.0475040414467405,0.0745573885437158
0.966032370527628,0.0339871063241337,0.0576709580663381
0.4994838634283154,0.5005356134234462,0.6198118536119822
0.8250199637730558,0.1749995130787059,0.2305669711547825
0.4688662524589525,0.5311532243928091,0.6567594414038914
0.0736224996591551,0.9263969771926066,0.3403774613871413
0.9879438287595194,0.0120756480922423,0.0274818378357322
0.8714917320764272,0.1285277447753345,0.174629452895234
0.4540248914165514,0.5459945854352103,0.6746391913211148
0.4864733264515123,0.5135461504002493,0.6351401359484253
0.5034571411876985,0.4965623356640632,0.615059501782132
0.9901641898603508,0.0098552869914107,0.0237812360010127
0.3769160352920554,0.6231034415597063,0.7723545566094696
0.7051594180316694,0.2948600588200923,0.3736244473443312
0.1209317725882788,0.8790877042634828,0.63032935356329
0.2115575638353816,0.78846191301638,0.962175953878815
0.4628089515610696,0.537210525290692,0.6641995987768538
0.8099838342130378,0.1900356426387238,0.2484856747755293
0.2838361607229807,0.716183316128781,0.9054983152523226
0.6975244921410904,0.3024949847106714,0.3827980445240831
0.6961221588142492,0.3038973180375124,0.3846288685896811
0.3663401047854625,0.6336793720662992,0.7861636445085016
0.8532419219757318,0.1467775548760298,0.1965798648306487
0.1097131059735504,0.8903063708782113,0.5645755020158542
0.2029293185049568,0.7970901583468049,0.9409851391621058
0.2254250822896986,0.774594394562063,0.990339481526206
0.535808191963851,0.4642112848879107,0.5756578306682508
0.7753929454842919,0.2246265313674697,0.2895039245856299
0.1347798141908342,0.8652396626609274,0.7068149504314123
0.2746820403949905,0.7253374364567712,0.9197943244453968
0.2664822858033227,0.733537191048439,0.9333502132715268
0.0134195508637983,0.9865999259879632,0.0224178563776951
0.9994936018541964,0.0005258749975653,0.004577060163995
0.7397697836121769,0.2602496932395847,0.3324698595718988
0.893559005122412,0.1064604717293496,0.1477708743158755
0.6955573301131605,0.3044621467386011,0.385368988956625
0.2346960637282589,0.7653234131235027,0.9909432639308182
0.7124632374422998,0.2875562394094618,0.3651714936797616
0.6760804783514792,0.3239389985002824,0.408955456440021
0.9285004771828682,0.0715189996688935,0.1044933097014198
0.7300897882866213,0.2699296885651403,0.344370215998286
0.9221315466567984,0.0778879301949632,0.1125762031825175
0.0923397542021307,0.9076797226496308,0.4529147108661356
0.3243090586837543,0.6757104181680074,0.8445162923864986
0.9816917593440196,0.018327717507742,0.0368696803848625
0.6665562978400171,0.3334631790117445,0.4203494147206045
0.8289932415324387,0.1710262353193229,0.2256782813626005
0.6938238903063709,0.3061955865453908,0.3873751046880782
0.1408760687922404,0.8591434080595213,0.7366534873303079
0.4722357478137234,0.5277837290380383,0.6526108719786534
0.887267982003389,0.1127514948483727,0.1552889390958845
0.6186432425062813,0.3813762343454804,0.4775529283446623
0.806361139785365,0.1936583370663966,0.2528095358666225
0.6898700893987496,0.310149387453012,0.3923611787390686
0.5788325575054049,0.4211869193463569,0.5245700484973609
0.5522077011471865,0.4478117757045751,0.555849872426621
0.320296827220848,0.6797226496309137,0.850729408098475
0.7928442046627583,0.2071752721890033,0.268605262645346
0.045945893305806,0.9540735835459556,0.1735387491965798
0.0274234072804471,0.9725960695713144,0.0765050737198839
0.9883138889429912,0.0117055879087704,0.0268001480240733
0.9132890559569952,0.0867304208947665,0.1236195781313908
0.9834836297060944,0.0165358471456673,0.0342597822487973
0.8133728064195703,0.1866466704321913,0.2443371053502911
0.842724422024424,0.1572950548273377,0.2089866194028397
0.0217361665660362,0.9782833102857256,0.0498023099546189
0.7378415752877705,0.2621779015639912,0.3347486512280155
0.9866973102467718,0.0133221666049899,0.0294684767154237
0.7349784780788033,0.2650409987729583,0.3382934382486415
0.8049782833102858,0.1950411935414759,0.2544066377110804
0.2578540404728979,0.7421654363788637,0.9479188983892644
0.9144966207662194,0.0855228560855423,0.1221588142492647
0.541183803050075,0.4588356738016867,0.5691915158833726
0.1552110316888378,0.8448084451629239,0.7958241629822955
0.6667510663576339,0.3332684104941277,0.4201546462029877
0.6948951171532634,0.3051243596984983,0.3861285861753306
0.0645657635899733,0.9354537132617884,0.2871861792259899
0.2690727070876264,0.7309467697641353,0.9291432132910036
0.7361665660362658,0.2638529108154958,0.3369105817735621
0.0924176616091775,0.9076018152425842,0.4537132617883645
0.6841244181290537,0.315895058722708,0.3993923222250355
0.4035408916502736,0.596478585201488,0.7375494225113453
0.934012426231424,0.0660070506203377,0.0975205967707379
0.4658862941394153,0.5341331827123463,0.6604210895350876
0.6913698069843991,0.3086496698673626,0.3905108778217089
0.7359133669633641,0.2641061098883976,0.337222211401749
0.8750365190970532,0.1249829577547085,0.1703055918041408
0.4849930857176246,0.5150263911341371,0.6371072979763551
0.6853319829382779,0.3146874939134838,0.3978146972323393
0.6193833628732252,0.3806361139785365,0.47659856260834
0.9599361159262216,0.04008336092554,0.0655785598815807
0.6299008628245331,0.3701186140272286,0.4643865765537658
0.5810918723097599,0.4189276045420018,0.5218822429542489
0.8664472274701517,0.1335722493816099,0.1808230917554486
0.0150750832635412,0.9849443935882204,0.0267417174687883
0.9281693707029196,0.0718501061488421,0.1048828467366534
0.8472235747813723,0.1527959020703893,0.2037473462789474
0.9284615234793449,0.0715579533724168,0.1045517402567049
0.0084334768128079,0.9915860000389536,0.0117250647605321
0.9074654772802524,0.0925539995715092,0.131001304949068
0.7888709269033753,0.2111485499483863,0.2733770913269579
0.9951892176148648,0.0048302592368969,0.0148997915976861
0.5202461874062676,0.479773289445494,0.5946282842841283
0.0172175369573262,0.9828019398944354,0.0328769257737179
0.4370605535321271,0.5629589233196346,0.6956157606684455
0.1143485966928305,0.8856708801589311,0.5919015250374929
0.7105155522661317,0.2895039245856299,0.36746976218764
0.6664783904329704,0.3335410864187912,0.4204273221276512
0.8823208616559219,0.1176986151958397,0.1612878094384823
0.2103499990261574,0.7896694778256043,0.9595076251874648
0.8154957832615936,0.1845236935901681,0.2415908692518941
0.4101045906939602,0.5899148861578014,0.7295054827337709
0.1657480084919073,0.8342714683598543,0.8327522739224432
0.8108602925423135,0.1891591843094482,0.2473949710768751
0.6301930156009583,0.3698264612508034,0.4639970395185322
0.674385992248213,0.3256334846035487,0.4110200027267592
0.9869894630231968,0.0130300138285647,0.0288841711625732
0.004460199053425,0.9955592777983366,0.0051613657168455
0.5451765576612196,0.454842919190542,0.5644975946088074
0.1604113511092067,0.839608125742555,0.8139960656759442
0.7162612235358277,0.283758253315934,0.3604970492569581
0.2318134896675301,0.7682059871842315,0.9972927176051264
0.4705802154139805,0.5294392614377812,0.6546364645618682
0.0214245369378493,0.9785949399139124,0.0485168377383479
0.4205636600899831,0.5794558167617786,0.7159885476111642
0.1788559297275188,0.8211635471242429,0.8767504820520811
0.9563134214985488,0.0437060553532127,0.0700387589350057
0.5550902752079154,0.4449292016438463,0.5525582844788969
0.666439436729447,0.3335800401223146,0.4204662758311746
0.8635451765576612,0.1364743002941004,0.1843094482207896
0.7375883762148686,0.262431100636893,0.3351381882632491
0.982100773231015,0.0179187036207467,0.0362464211284887
0.9445883567380168,0.0554311201137448,0.0840620922034162
0.9653506807159692,0.0346687961357926,0.0585474163956138
0.6742107005823579,0.3258087762694038,0.4112342480961377
0.0599497497224548,0.9400697271293068,0.2582241006563699
0.7723740334612313,0.2276454433905303,0.293107142161541
0.7035623161872115,0.2964571606645502,0.375533178816976
0.8489180608846386,0.151101415967123,0.2018970453615877
0.6104434879146134,0.3895759889371482,0.4869602477455544
0.9338371345655688,0.0661823422861928,0.0977737958436398
0.8219620980464718,0.1780573788052899,0.2341701887306935
0.9802699491654168,0.0197495276863447,0.0389537035233624
0.1977679527881113,0.8022515240636503,0.927896694778256
0.90419336618429,0.0958261106674717,0.1351303975225444
0.7039908069259685,0.2960286699257932,0.3750073038194106
0.2659174571022339,0.7341020197495277,0.9343045790078492
0.7192606587071266,0.2807588181446351,0.356835401125762
0.8611300469392128,0.1388894299125489,0.1871920222815184
0.6224217517480475,0.3775977251037142,0.4730732524394757
0.6456771127514949,0.3543423641002668,0.4453576923826032
0.5237520207233702,0.4762674561283914,0.5903823306000818
0.9406540326821572,0.0593654441696044,0.0889897356991216
0.0201780184251017,0.97984145842666,0.0426153516545585
0.5019769004538106,0.498042576397951,0.6167929415889216
0.5276084373721832,0.4724110394795785,0.5857078861772783
0.2283271332021892,0.7716923436495725,0.9959293379818086
0.7400619363886022,0.2599575404631595,0.3321387530919502
0.165338994604912,0.8346804822468497,0.8310967415227003
0.5754046315953489,0.4246148452564127,0.5285238494049822
0.0107317453206863,0.9892877315310752,0.0165163702939056
0.8886897921819917,0.1113296846697699,0.1535360224373332
0.9720507177219874,0.0279687591297742,0.0496270182887638
0.9762577177025106,0.0237617591492511,0.0443682683131098
0.8025631536918373,0.1974563231599244,0.2572307812165241
0.7763862649241376,0.223633211927624,0.2884132208869758
0.0217751202695596,0.978244356582202,0.049977601620474
0.9071928013555888,0.0928266754961728,0.1314103188360633
0.965292250160684,0.0347272266910776,0.0586253238026605
0.2933992949379662,0.7066201819137955,0.8903648014334963
0.9007264865707107,0.0992929902810509,0.1392010595407358
0.4720409792961065,0.5279784975556551,0.6528640710515552
0.8358296165007888,0.1641898603509728,0.2173616656603626
0.9915860000389536,0.0084334768128079,0.0213271526790409
0.3584325029702199,0.6415869738815417,0.7970706814950431
0.6396198118536119,0.3603996649981497,0.4526809886449954
0.8694466626414507,0.130572814210311,0.1770251056619208
0.4430594238747249,0.5569600529770368,0.688195080147245
0.4279648637594219,0.5720546130923397,0.7068149504314123
0.4631011043374949,0.5369183725142668,0.6638295385933818
0.7709522232826286,0.229067253569133,0.2947431977095222
0.9185088522291256,0.081510624622636,0.1170558790877042
0.916541690201196,0.0834777866505658,0.1196852540755312
0.3977173129735309,0.6023021638782308,0.7451648715501626
0.9829967084120522,0.0170227684397094,0.0348830415051711
0.6288101591258789,0.3712093177258828,0.4656525719182751
0.9911769861519584,0.0088424906998032,0.0220088424906998
0.8450616442358257,0.1549578326159359,0.2061819527491576
0.842354361840952,0.1576651150108096,0.20945406384512
0.2919580079076018,0.7080614689441599,0.8929162690142766
0.4014763453635354,0.5985431314882262,0.7401982743509339
0.321212239253647,0.6788072375981147,0.8493075979198722
0.8891767134760338,0.1108427633757279,0.1529127631809594
0.0046939212745651,0.9953255555771964,0.0055119490485557
0.8447694914594005,0.1552499853923611,0.2065520129326295
0.4605301599049529,0.5394893169468087,0.6669263580234891
0.7974796953820384,0.2025397814697232,0.263229651559122
0.0461211849716611,0.9538982918801004,0.1746489297469957
0.1296379253257503,0.8703815515260114,0.6795473579650585
0.8201312739808737,0.1798882028708879,0.2361957813139084
0.0123093703133825,0.9877101065383792,0.0199442962039615
0.5824747287848392,0.4175447480669225,0.5202656642580293
0.9933778704010284,0.0066416064507333,0.018269286952457
0.9277993105194476,0.072220166332314,0.1053113374754104
0.9329606762362932,0.0670588006154685,0.0990008375046257
0.9918976296671406,0.008121847184621,0.0206844165709054
0.3651520168279999,0.6348674600237617,0.7877412695011978
0.1258204623804608,0.8741990144713009,0.6576748534366905
0.0394211479656428,0.9605983288861188,0.1358120873342033
0.9629355510975206,0.037083925754241,0.0616052821221977
0.7946555518765946,0.205363924975167,0.2665407163586078
0.5584013400074012,0.4416181368443604,0.5485850067195138
0.863136162670666,0.1368833141810957,0.1847768926630699
0.36758662329821,0.6324328535535516,0.7846639269228521
0.9681748242214128,0.0318446526303488,0.0546909997468009
0.9907290185614396,0.0092904582903219,0.0228853008199754
0.4011647157353485,0.5988547611164131,0.740743626200261
0.9014276532341312,0.0985918236176304,0.1383830317667452
0.9244882457199618,0.0755312311317998,0.1095767680112186
0.6083010342208286,0.3917184426309331,0.4896285764369047
0.4373332294567906,0.5626862473949711,0.6952846541884969
0.1308260132832129,0.8691934635685488,0.6860331496016984
0.9691876205130204,0.0308318563387414,0.0533470969752449
0.1704614066182342,0.8295580702335275,0.8492102136610639
0.0090177823656584,0.9910016944861032,0.0127573379039012
0.0087256295892331,0.9912938472625284,0.0123678008686675
0.8022904777671737,0.1977289990845879,0.2575618876964727
0.7555070798356154,0.2445123970161463,0.3140447578053483
0.6797421264826753,0.3202773503690863,0.4046900259042128
0.8967142551078043,0.1033052217439573,0.1438755039635393
0.6929669088288569,0.3070525680229047,0.388485285238494
0.9557291159456984,0.0442903609060631,0.0706620181913795
0.6909023625421187,0.309117114309643,0.3911341370780827
0.9445883567380168,0.0554311201137448,0.0840620922034162
0.3716183316128781,0.6284011452388836,0.7791714547260581
0.2274506748729135,0.7725688019788481,0.9942348518785424
0.5850456732173811,0.4149738036343805,0.5172857059384921
0.6723603996649982,0.3276590771867635,0.4133961786416844
0.6605184737938959,0.3395010030578657,0.4277700952418051
0.4613481876789436,0.5386712891728181,0.6659719922871667
0.7369456401067331,0.2630738367450285,0.335878308630193
0.9621954307305768,0.0378240461211849,0.0625012173032351
0.8752507644664317,0.12476871238533,0.1700134390277155
0.980503671386557,0.0195158054652046,0.0385641664881288
0.831544709113219,0.1684747677385427,0.2226009387842549
0.7510468807821904,0.2489725960695713,0.3192256003739555
0.9156262781683968,0.0843931986833648,0.1208343883294704
0.981302222308786,0.0187172545429756,0.0374929396412363
0.8790877042634828,0.1209317725882788,0.165338994604912
0.1738698556765284,0.8261496211752333,0.8606431256451708
0.2803303274058781,0.7196891494458836,0.9110686948561636
0.81290536197729,0.1871141148744717,0.2449214109031416
0.6421712794343922,0.3578481974173694,0.4496231229184114
0.8349921118750365,0.1650273649767251,0.2183939388037317
0.8494049821786807,0.150614494673081,0.2012737861052139
0.9524959585532594,0.0475235182985022,0.0745768653954774
0.8056210194184212,0.1943984574333404,0.2536275636406131
0.7207993299962994,0.2792201468554622,0.355004577060164
0.6805212005531426,0.3194982762986191,0.4037746138714138
0.6437489044270884,0.3562705724246732,0.4476170071869583
0.4665874608028358,0.5334320160489259,0.6595641080575736
0.1167247726077556,0.883294704244006,0.6048146777554876
0.8911243986522018,0.1088950781995598,0.1505950178213193
0.8797109635198567,0.120308513331905,0.1646378279414915
0.6932395847535204,0.3067798920982412,0.3881541787585454
0.7573379039012134,0.2426815729505482,0.3116685818904232
0.9503145511559512,0.0497049256958105,0.0772451940868278
0.8441072784995033,0.1559121983522583,0.2073895175583818
0.2746820403949905,0.7253374364567712,0.9197943244453968
0.7971096351985665,0.2029098416531951,0.263658142297879
0.1666439436729447,0.833375533178817,0.8364139220536393
0.0136337962331768,0.9863856806185848,0.0229437313752605
0.789747385232651,0.2102720916191106,0.2722669107765421
0.9958709074265236,0.0041485694252381,0.0134974582708451
0.0420505229534698,0.9579689538982918,0.1524063650351557
0.9391737919482694,0.0608456849034922,0.0907621292094345
0.9597413474086048,0.0402781294431568,0.0658317589544826
0.7206435151822059,0.2793759616695557,0.3552382992813042
0.7392439086146115,0.2607755682371501,0.3330736419765109
0.8988372319498277,0.101182244901934,0.1413824669380441
0.4893364236604795,0.5106830531912822,0.6318290711489395
0.9528465418849698,0.0471729349667919,0.0740315135461504
0.8071986444111174,0.1928208324406443,0.2517188321679683
0.9139317920651306,0.086087684786631,0.1228599809126852
0.8339793155834291,0.1660401612683326,0.2196794110200027
0.9838342130378046,0.0161852638139571,0.0337339072512319
0.775568237150147,0.2244512397016146,0.2893091560680131
0.4992306643554136,0.5007888124963481,0.6200845295366457
0.8042771166468652,0.1957423602048965,0.2553220497438794
0.0156593888163917,0.98436008803537,0.0284167267202929
0.3938414194729563,0.6061780573788053,0.7503651909705316
0.0545741386362308,0.9454453382155308,0.2251134526615117
0.3584909335255049,0.6415285433262568,0.7969732972362348
0.7724519408682781,0.2275675359834836,0.2930292347544942
0.7699589038427829,0.2300605730089788,0.2958923319634614
0.1957813139084198,0.8042381629433418,0.9230859123931208
0.4774360672340922,0.5225834096176694,0.6464756636737238
0.7291159456985373,0.2709035311532244,0.3454024891416551
0.9820228658239682,0.0179966110277934,0.0364217127943439
0.9386868706542274,0.0613326061975342,0.0913074810587616
0.8613248154568296,0.1386946613949321,0.1869583000603782
0.0757844302047017,0.92423504664706,0.3546150400249304
0.9691876205130204,0.0308318563387414,0.0533470969752449
0.9993572638918644,0.0006622129598971,0.0049081666439436
0.9129579494770466,0.0870615273747151,0.1241064994254328
0.7564614455719377,0.2435580312798239,0.3128761466996475
0.6249732193288277,0.3750462575229339,0.4701322478234618
0.6472157840406677,0.352803692811094,0.4435463451687669
0.9036674911867246,0.0963519856650371,0.1357536567789182
0.4498178914360283,0.5502015854157334,0.6798784644450071
0.162592758506515,0.8374267183452466,0.8215336073077147
0.0712852774477533,0.9287341994040084,0.3259061605282122
0.6705490524511618,0.3294704244005998,0.4154022943731375
0.4639775626667705,0.5360419141849911,0.6627583117464892
0.6553960617805737,0.3446234150711879,0.4337300118808795
0.5843055528504373,0.4157139240013244,0.5181232105642444
0.6357633952047991,0.3642560816469626,0.4572775256607522
0.047718286816119,0.9523011900356426,0.183549851002084
0.599478020372787,0.4005414564789747,0.5001071226846893
0.6647059969226574,0.3353134799291042,0.4226282063767212
0.2801939894435463,0.7198254874082153,0.9112634633737804
0.9801530880548468,0.0198663887969148,0.0391289951892176
0.93523946789241,0.0647800089593518,0.095865064370995
0.7951035194671133,0.2049159573846483,0.265975887657519
0.9893461620863604,0.0106733147654013,0.0250667082172837
0.9185867596361724,0.0814327172155892,0.1169195411253724
0.7304598484700933,0.2695596283816684,0.3439222484077673
0.81290536197729,0.1871141148744717,0.2449408877549033
0.9466139493212316,0.0534055275305299,0.081627485733206
0.956858773347876,0.0431607035038856,0.0694154996786319
0.4128897804958806,0.5871296963558811,0.7259606957131449
0.7318621817969343,0.2681572950548273,0.3421498548974543
0.2600744015737296,0.7399450752780321,0.944023528036928
0.7345889410435698,0.265430535808192,0.3387414058391602
0.0074791110764855,0.992540365775276,0.0099526712502191
0.7705432093956333,0.2294762674561284,0.2951911653000409
0.983249907484954,0.0167695693668075,0.0345908887287458
0.7820735056385486,0.2179459712132131,0.281615799622149
0.6586486960247746,0.3413707808269871,0.4301657480084919
0.9267475605243168,0.0732719163274448,0.1066357633952048
0.9300196716202792,0.0699998052314823,0.1026624856358218
0.4146232203026703,0.5853962565490914,0.7236624272052665
0.9360380188146388,0.0639814580371228,0.0948522680793876
0.9722454862396044,0.0277739906121574,0.0493153886605769
0.0587616617649923,0.9412578150867694,0.2497127164365152
0.9705704769880996,0.029448999863662,0.0515941803166936
0.9238844633153496,0.0761350135364119,0.1103947957852092
0.648540209960462,0.3514792668912997,0.4419102896207857
0.9213329957345696,0.0786864811171922,0.1135500457706016
0.8524823247570262,0.1475371520947354,0.1975342305669711
0.3303079290263522,0.6697115478254095,0.8362970609430692
0.7586038992657227,0.241415577586039,0.310090956897727
0.837037181310013,0.1629822955417486,0.2158814249264748
0.3294119938453148,0.6706074830064468,0.8375825331593402
0.38751144265041,0.6125080342013517,0.7586818066727694
0.860565218238124,0.1394542586136377,0.1878152815378922
0.9215082874004246,0.078511189451337,0.1132968466976997
0.985275500068169,0.0147439767835927,0.0316109304092086
0.3842003778509242,0.6158190990008375,0.7628303760980075
0.1655727168260522,0.8344467600257095,0.8318952924449292
0.804783514792669,0.1952359620590927,0.2546403599322205
0.8171707925130982,0.1828486843386635,0.2396821377792493
0.8879691486668095,0.1120503281849521,0.1543540502113238
0.7124048068870148,0.2876146699647469,0.36526887793857
0.0023566990631634,0.9976627777885982,0.0023761759149251
0.8390043433379428,0.1610151335138188,0.2133494341974563
0.0822117912860565,0.9178076855657052,0.3921858870732135
0.2179070175096897,0.782112459342072,0.9751085834485712
0.4217127943439222,0.5783066825078395,0.7145083068772764
0.8727577274409365,0.1272617494108252,0.1730713047542995
0.5201293262956975,0.4798901505560641,0.5947451453946984
0.3227898642463432,0.6772296126054185,0.8468535145979004
0.026819624875835,0.9731998519759266,0.0734666848450616
0.9425432873030404,0.0574761895487213,0.0867498977465282
0.9082055976471964,0.0918138792045653,0.1299690318056989
0.4503437664335937,0.549675710418168,0.6792357283368716
0.2473949710768751,0.7526245057748866,0.9658376020100112
0.9245466762752468,0.0754728005765148,0.1094988606041719
0.907309662466159,0.0927098143856027,0.1312545040219699
0.8588707321348578,0.1411487447169039,0.1898019204175837
0.8175408526965702,0.1824786241551915,0.239214693336969
0.6376916035292055,0.3623278733225561,0.4549208265975887
0.9804257639795104,0.0195937128722513,0.0387589350057456
0.0461601386751845,0.9538593381765772,0.1751553278927994
0.93315544475391,0.0668640320978517,0.0987281615799622
0.4702685857857935,0.5297508910659681,0.6550454784488635
0.6526887793857001,0.3473306974660616,0.437002122976842
0.9314025280953586,0.068616948756403,0.1008511384219854
0.965175389050114,0.0348440878016477,0.0587811386167539
0.9801530880548468,0.0198663887969148,0.0391289951892176
0.4028007712833297,0.5972187055684319,0.7383869271370975
0.3044231930350778,0.6955962838166839,0.8733225561420253
0.3808893130514383,0.6191301638003233,0.7671931908926242
0.5660362658979803,0.4339832109537814,0.5394308863915237
0.7237013809087899,0.2763180959429718,0.3514987437430614
0.9700056482870107,0.0300138285647507,0.0521979627213057
0.5579533724168826,0.4420661044348791,0.5491498354206026
0.7359523206668874,0.2640671561848742,0.337163780846464
0.9431275928558908,0.0568918839958709,0.085970823676061
0.0165163702939056,0.983503106557856,0.0305202267105545
0.7825799037843523,0.2174395730674093,0.2808951561069668
0.9942738055820656,0.0057456712696959,0.0164384628868589
0.8755818709463802,0.1244376059053814,0.169682332547767
0.7111777652260288,0.2888417116257328,0.3667491186724578
0.8483532321835499,0.1516662446682118,0.2025397814697232
0.4774750209376156,0.522544455914146,0.6464172331184387
0.5925442611456284,0.4074752157061332,0.508190016165787
0.8784254913035857,0.1215939855481759,0.1660791149718559
0.3803439612021113,0.6196755156496504,0.7679527881113297
0.9716222269832304,0.0283972498685312,0.0501918469898525
0.7449895798843075,0.2550298969674542,0.3263346512669692
0.3773250491790507,0.622694427672711,0.7718286816119042
0.8438735562783631,0.1561459205733985,0.207623239779522
0.8920203338332392,0.1079991430185224,0.1495432678261885
0.8438346025748398,0.1561848742769218,0.2076621934830454
0.9644547455349316,0.0355647313168299,0.059696550649553
0.1933661842899713,0.8066532925617903,0.9164832596459108
0.3489667530140428,0.6510527238377188,0.8104512786553182
0.7810996630504645,0.2189198138012971,0.2827259801725649
0.9526128196638296,0.0474066571879321,0.074421050581384
0.5513117659661493,0.4487077108856124,0.5569016224217518
0.7550980659486201,0.2449214109031416,0.3145122022476287
0.9833083380402392,0.0167111388115225,0.0345129813216991
0.026391134137078,0.9736283427146836,0.0707399255984262
0.0030773425783456,0.996942134273416,0.0031552499853923
0.5374832012153555,0.4625362756364061,0.5735153769744659
0.138577800284362,0.8614416765673997,0.7251037142356309
0.8188458017646028,0.1811736750871589,0.2377539294548429
0.9395438521317414,0.0604756247200202,0.0903141616189159
0.4549013497458271,0.5451181271059345,0.6736069181777458
0.2453109479383752,0.7547085289133865,0.9699666945834876
0.9290458290321952,0.0709736478195664,0.103870050445046
0.0464133377480864,0.9536061391036752,0.1765187075161171
0.8977660051029351,0.1022534717488265,0.1426679391543151
0.7696277973628343,0.2303916794889274,0.2963987301092651
0.2488752118107629,0.7511442650409987,0.9630524122080908
0.7341214966012893,0.2658979802504723,0.3392867576884872
0.2732212765128645,0.7267982003388972,0.9221120698050368
0.9389790234306526,0.061040453421109,0.0909568977270514
0.9666556297840018,0.0333638470677599,0.056697115478254
0.8026215842471223,0.1973978926046393,0.2571723506612391
0.6085931869972537,0.3914262898545079,0.4892779931051945
0.5502405391192567,0.4497789377325049,0.5581870946380227
0.8770815885320297,0.122937888319732,0.1677346473715988
0.9098416531951776,0.0901778236565841,0.1280992540365775
0.8009465749956177,0.1990729018561439,0.2591589895409306
0.8071402138558323,0.1928792629959293,0.2518356932785384
0.4067156184874277,0.593303858364334,0.733537191048439
0.6041719416473521,0.3958475352044096,0.4945951736361335
0.2800576514812146,0.7199618253705471,0.9115361392984438
0.6944081958592213,0.3056112809925403,0.3867323685799427
0.0920476014257055,0.9079718754260562,0.4514539469840095
0.0194573749099195,0.980562101941842,0.0397522544455914
0.3672165631147381,0.6328029137370236,0.7850924176616092
0.843581403501938,0.1564380733498237,0.2079348694077089
0.7637652649825682,0.2362542118691934,0.3037804569269423
0.8219815748982334,0.1780379019535282,0.2341507118789318
0.7929415889215667,0.2070778879301949,0.2684689246830142
0.8737510468807822,0.1262684299709794,0.1718247862415519
0.911399801336112,0.0886196755156496,0.1261905225639327
0.5714508306877276,0.428568646164034,0.5332567243830707
0.7609800751806478,0.2390394016711138,0.306974660615858
0.382252692674756,0.6177667841770056,0.7653623668270261
0.9410240928656292,0.0589953839861324,0.0886001986638879
0.9311688058742184,0.0688506709775431,0.1011432911984106
0.9361354030734472,0.0638840737783144,0.0947354069688175
0.5419044465652572,0.4581150302865044,0.568373488109382
0.9199111855559668,0.0801082912957949,0.1154003466879613
0.2080712073700407,0.7919482694817209,0.954112537249479
0.7147615059501782,0.2852579709015834,0.3623473501743178
0.615117932337417,0.3849015445143447,0.4815651598075687
0.9617669399918196,0.0382525368599419,0.0631049997078472
0.976043472333132,0.0239760045186296,0.0446409442377734
0.6109304092086555,0.3890890676431062,0.4864148958962273
0.9565666205714508,0.0434528562803108,0.0697660830103422
0.539528270650332,0.4604912062014296,0.5711586779113024
0.9369729076991996,0.0630465691525621,0.0937031338254484
0.2055392166410221,0.7944802602107396,0.9473151159846522
0.99119646300372,0.0088230138480416,0.0219893656389381
0.6438852423894201,0.3561342344623415,0.4474611923728648
0.6515006914282375,0.3485187854235241,0.4384044563036831
0.0215413980484194,0.9784780788033424,0.049062189587675
0.9808932084217908,0.0191262684299709,0.0380382914905634
0.5835459556317317,0.41647352122003,0.5190580994488051
0.4617572015659388,0.5382622752858228,0.6654266404378396
0.9401086808328302,0.0599107960189315,0.089632471807257
0.9077186763531544,0.0923008004986074,0.1306896753208811
0.8753091950217167,0.124710281830045,0.1699550084724305
0.9897551759733556,0.010264300878406,0.0245408332197183
0.8024073388777438,0.1976121379740179,0.2574450265859027
0.8986814171357341,0.1013380597160275,0.1415577586038992
0.9505482733770914,0.0494712034746703,0.0769530413104025
0.8297528387511443,0.1702666381006174,0.2247823461815632
0.7980055703796038,0.2020139064721578,0.2626453460062715
0.9747580001168612,0.0252614767349005,0.0462185692304695
0.4625752293399295,0.5374442475118322,0.6644527978497555
0.8523070330911712,0.1477124437605905,0.1978848138986814
0.9770757454765012,0.0229437313752605,0.0433359951697407
0.8927994079037065,0.1072200689480552,0.1485694252381045
0.8212998850865746,0.178719591765187,0.2349492628011608
0.6886625245895254,0.3113569522622363,0.393860896324718
0.9873595232066688,0.0126599536450928,0.0282609119061994
0.6050094462731044,0.3950100305786572,0.4936018541962877
0.4055470073817268,0.5944724694700348,0.7351148160411352
0.8244940887754904,0.1755253880762713,0.2311902304111563
0.5856884093255166,0.414331067526245,0.5165261087197865
0.2472391562627816,0.75278032058898,0.9660518473793896
0.99559823150186,0.0044212453499016,0.0141596712307422
0.4843503496094891,0.5156691272422725,0.6379642794538691
0.824085074888495,0.1759344019632666,0.2316576748534367
0.9669477825604268,0.0330716942913347,0.0562881015912587
0.646767816450149,0.3532516604016127,0.4440722201663323
0.3699822760648968,0.6300372007868648,0.7813333852716047
0.3802465769433029,0.6197728999084589,0.7680891260736614
0.0080828934810977,0.991936583370664,0.0110238980971115
0.6246810665524025,0.3753384102993592,0.4704438774516487
0.8826130144323472,0.1174064624194145,0.1609567029585338
0.8530081997545916,0.14701127709717,0.1968720176070739
0.9361354030734472,0.0638840737783144,0.0947354069688175
0.8942406949340709,0.1057787819176908,0.1468944159865999
0.9637535788715113,0.0362658979802504,0.0605535321270669
0.6494945756967844,0.3505249011549773,0.4407027248115615
0.6152932240032721,0.3847262528484895,0.4813898681417136
0.8713748709658571,0.1286446058859046,0.1747463140058041
0.7274409364470327,0.2725785404047289,0.3472138363554915
0.9295522271779988,0.0704672496737627,0.1033052217439573
0.7260580799719534,0.2739613968798083,0.3487914613481876
0.7647975381259373,0.2352219387258243,0.3025923689694798
0.9176129170480885,0.0824065598036733,0.1183413513039752
0.6743470385446896,0.325672438307072,0.4110589564302826
0.2502970219893656,0.7497224548623961,0.9604814677755488
0.1978069064916346,0.8022125703601269,0.9280525095923496
0.4781372338975128,0.5218822429542489,0.6456576358997331
0.8776464172331184,0.1223730596186432,0.1670919112634633
0.3297625771770251,0.6702568996747366,0.837037181310013
0.0091735971797518,0.9908458796720098,0.0131663517908965
0.7373741308454901,0.2626453460062715,0.335391387336151
0.9547552733576145,0.0452642034941472,0.0716748144829869
0.8708100422647683,0.1292094345869933,0.1753890501139395
0.7326996864226867,0.267319790429075,0.3410396743470385
0.1175622772335079,0.8824571996182538,0.6090995851430575
0.5707301871725454,0.4292892896792162,0.5341137058605847
0.3340085308610716,0.6660109459906901,0.8314862785579339
0.3094482207895915,0.6905712560621701,0.8659992598796331
0.0390316109304092,0.9609878659213524,0.1337864947509884
0.1421615410085114,0.8578579358432503,0.7418343298989152
0.9037843522972948,0.096235124554467,0.1356173188165864
0.3945425861363769,0.6054768907153848,0.7494887326412558
0.6226165202656643,0.3774029565860974,0.4728200533665738
0.9880996435736128,0.0119198332781489,0.0272870693181154
0.8949808153010147,0.1050386615507469,0.1460179576573242
0.7436651539645132,0.2563543228872485,0.3278927994079037
0.3089612994955495,0.6910581773562121,0.8667004265430536
0.0728434255886878,0.9271760512630738,0.3359756928890014
0.7445416122937888,0.2554778645579728,0.3268605262645346
0.5646534094229009,0.4353660674288608,0.5411058956430282
0.2933603412344429,0.7066591356173189,0.8904037551370196
0.5308415947646222,0.4691778820871394,0.5819293769355122
0.9135227781781352,0.0864966986736264,0.1233274253549656
0.8601756812028903,0.1398437956488713,0.1883606333872192
0.6435736127612333,0.3564458640905284,0.4479091599633835
0.4565763589973317,0.54344311785443,0.6715618487427693
0.0376487544553298,0.9623707223964318,0.1264437216368346
0.7675242973725727,0.232495179479189,0.2992618273182322
0.9862882963597764,0.0137311804919852,0.0300722591200358
0.9846327639600336,0.0153867128917281,0.0325068655902459
0.5209668309214499,0.4790526459303118,0.5936739185478059
0.0522563932765907,0.9477630835751708,0.212570360126989
0.5484681456089437,0.4515513312428179,0.5603685020353311
0.9317725882788306,0.068246888572931,0.1004226476832284
0.0452642034941472,0.9547552733576145,0.1698965779171454
0.4777866505658025,0.5222328262859591,0.6460471729349668
0.1463490641372728,0.8536704127144888,0.7594608807432367
0.7845081121087587,0.2155113647430029,0.2785968875990884
0.9820812963792532,0.0179381804725084,0.0363243285355355
0.2743314570632802,0.7256880197884814,0.9202422920359152
0.9722844399431276,0.027735036908634,0.0492569581052918
0.1697018093995286,0.830317667452233,0.8469703757084704
0.9341682410455174,0.0658512358062442,0.0972868745495978
0.2062403833044426,0.793779093547319,0.9490875094949652
0.0230800693375922,0.9769394075141694,0.0555479812243149
0.7301871725454298,0.2698323043063319,0.3442728317394776
0.4890247940322926,0.510994682819469,0.6322186081841731
0.2789864246343221,0.7210330522174395,0.91323062540171
0.0563270552947821,0.9436924215569796,0.2360010127962916
0.9024599263775004,0.0975595504742613,0.1371754669575209
0.004090138869953,0.9959293379818086,0.0045965370157567
0.9090236254211868,0.0909958514305747,0.1290146660693765
0.9174960559375184,0.0825234209142434,0.1184776892663069
0.4678534561673451,0.5321660206844165,0.6580254367684008
0.8245719961825371,0.1754474806692246,0.2310733693005862
0.7013224782346181,0.2986969986171435,0.3782404612118497
0.9649611436807356,0.0350583331710262,0.0590538145414175
0.9318894493894008,0.0681300274623609,0.1003057865726584
0.6664978672847321,0.3335216095670296,0.4204078452758896
0.7876438852423894,0.2123755916093722,0.2749741931714157
0.8197027832421168,0.1803166936096449,0.2367800868667588
0.3508170539314025,0.6492024229203591,0.8077050425569211
0.9631303196151374,0.0368891572366242,0.0613520830492959
0.7572794733459284,0.2427400035058333,0.3117464892974699
0.2452719942348518,0.7547474826169098,0.9700446019905342
0.4185964980620532,0.5814229787897084,0.7185789688954677
0.1045127865531815,0.8955066902985801,0.5314648540209961
0.0152308980776347,0.984788578774127,0.0270143933934518
0.9805815787936036,0.0194378980581578,0.0384862590810821
0.3387608826909218,0.6612585941608399,0.8246888572931071
0.9882554583877062,0.0117640184640554,0.0269364859864051
0.8487427692187834,0.1512767076329782,0.2020723370274428
0.9925014120717528,0.0075180647800089,0.019613189724013
0.9685838381084082,0.0314356387433535,0.0541651247492355
0.9120230605924858,0.0879964162592758,0.1252945873828954
0.8137623434548039,0.1862571333969577,0.2437917535009641
0.9936310694739302,0.0063884073778314,0.0177239351031299
0.9554759168727966,0.044543559978965,0.070934694116043
0.8886508384784684,0.1113686383732933,0.1535944529926182
0.278869563523752,0.7211499133280097,0.9134643476228502
0.4937187153068578,0.5063007615449039,0.6267066591356173
0.8817949866583565,0.1182244901934051,0.1619694992501412
0.9000058430555286,0.1000136337962331,0.1400775178700115
0.6290633581987808,0.3709561186529809,0.4653214654383265
0.8722513292951327,0.1277681475566289,0.1737529945659583
0.9878074907971875,0.0122119860545741,0.0276571295015873
0.8079971953333464,0.1920222815184153,0.2509008043939777
0.8121068110550611,0.1879126657967006,0.245992637750034
0.7332839919755371,0.2667354848762246,0.340338507683618
0.7193775198176967,0.280641957034065,0.3566990631634302
0.8613248154568296,0.1386946613949321,0.1869972537639016
0.5792026176888768,0.4208168591628849,0.5241415577586039
0.9425822410065636,0.0574372358451979,0.0866135597841964
0.8792045653740529,0.1208149114777087,0.1652221334943419
0.1997740685195645,0.8002454083321972,0.9331943984574332
0.875172857059385,0.1248466197923767,0.1700913464347622
0.9048361022924256,0.0951833745593362,0.1343513234520772
0.8710048107823851,0.1290146660693765,0.1751553278927994
0.5943750852112265,0.4056443916405352,0.506047562472002
0.734569464191808,0.2654500126599536,0.3387608826909218
0.6999590986113005,0.3000603782404612,0.3798570399080692
0.8348168202091814,0.1652026566425803,0.2186471378766336
0.1862571333969577,0.8137623434548039,0.897162222698323
0.9075628615390609,0.0924566153127008,0.1308844438384979
0.6853125060865162,0.3147069707652455,0.3978536509358627
0.8085620240344351,0.1914574528173266,0.2502580682858423
0.0350583331710262,0.9649611436807356,0.1143096429893072
0.294937966227139,0.7050815106246227,0.8879691486668095
0.805698926825468,0.1943205500262937,0.2535496562335664
0.2351050776152542,0.7649143992365074,0.9903005278226829
0.5741581130826013,0.4258613637691603,0.5300819975459167
0.8867226301540619,0.1132968466976997,0.15593167520402
0.5276084373721832,0.4724110394795785,0.5857078861772783
0.7018678300839453,0.2981516467678164,0.3775782482519526
0.0721033052217439,0.9279161716300176,0.3313596790214829
0.9014081763823696,0.0986113004693921,0.1384219854702686
0.7069902420972674,0.2930292347544942,0.371501470502308
0.8017061722143233,0.1983133046374384,0.2582435775081316
0.7981419083419357,0.201877568509826,0.2624700543404164
0.9693823890306372,0.0306370878211245,0.053093897902343
0.978244356582202,0.0217751202695596,0.0417388933252829
0.00451862960871,0.9955008472430515,0.0052587499756539
0.3306390355063007,0.6693804413454609,0.8357517090937421
0.5647507936817093,0.4352686831700524,0.5410085113842199
0.720760376292776,0.2792591005589856,0.3550824844672107
0.9537814307695304,0.0462380460822312,0.0729018561439728
0.152873809477436,0.8471456673743256,0.7876438852423894
0.1382661706561751,0.8617533061955865,0.7234871355394115
0.3313012484661979,0.6687182283855637,0.8348168202091814
0.8624934265625305,0.1375260502892312,0.1855754435852988
0.9780301112128236,0.0219893656389381,0.0420310461017081
0.0564633932571139,0.9435560835946476,0.2367411331632355
0.8456069960851528,0.1544124807666088,0.2055392166410221
0.9279356484817796,0.0720838283699822,0.105155522661317
0.0924176616091775,0.9076018152425842,0.4537327386401262
0.2637360497049257,0.736283427146836,0.9378104123249518
0.0259821202500827,0.9740373566016788,0.0676431061683189
0.7329139317920651,0.2671055450596965,0.34082542897766
0.825740607288238,0.1742788695635237,0.2296515591219835
0.3696122158814249,0.6304072609703367,0.7818397834174085
0.2260872952495958,0.7739321816021658,0.9918781528153788
0.6802290477767173,0.3197904290750443,0.4041057203513624
0.8050951444208558,0.1949243324309058,0.2542702997487486
0.8241824591473035,0.1758370177044582,0.2315408137428666
0.8030500749858793,0.1969694018658824,0.2566659525154354
0.881892370917165,0.1181271059345967,0.1618526381395711
0.782657811191399,0.2173616656603626,0.2808172486999201
0.0119393101299106,0.9880801667218512,0.0190873147264476
0.1515688604094034,0.8484506164423583,0.782170889897357
0.9822371111933468,0.0177823656584149,0.0359737452038252
0.7735036908634089,0.2265157859883528,0.2918995773523167
0.0301501665270825,0.9698693103246792,0.0917359717975186
0.8906764310616831,0.1093430457900784,0.1510624622635997
0.9941179907679722,0.0059014860837894,0.0168474767738542
0.861850690454395,0.1381687863973667,0.1863155639522427
0.7667062695985821,0.2333132072531795,0.300196716202793
0.090917944023528,0.9091015328282336,0.4446954794227061
0.0359347915003018,0.9640846853514596,0.1181855364898817
0.8876769958903843,0.1123424809613774,0.1546851566912724
0.9257347642327094,0.0742847126190522,0.107901758759714
0.1400580410182498,0.8599614358335119,0.7320179966110278
0.7643495705354186,0.235669906316343,0.3030598134117601
0.4562062988138597,0.543813178037902,0.6720292931850496
0.8696998617143525,0.1303196151374092,0.1767134760337339
0.8749001811347213,0.1251192957170403,0.1704419297664725
0.9593518103733712,0.0406676664783904,0.0662992033967629
0.057554096955768,0.9424653798959935,0.2438307072044874
0.5974719046413338,0.4025475722104279,0.5023664374890443
0.3164404105720351,0.6835790662797265,0.8560271117776522
0.1942621194710087,0.8057573573807529,0.9191905420407844
0.9092378707905654,0.0907816060611962,0.1287809438482363
0.7919482694817209,0.2080712073700407,0.2696570126404768
0.813450713826617,0.1865687630251446,0.2442397210914828
0.9703172779151978,0.0297021989365638,0.0518668562413571
0.951054671522895,0.0489648053288666,0.0763492589057904
0.8965779171454726,0.103441559706289,0.1440118419258711
0.5209668309214499,0.4790526459303118,0.5936739185478059
0.8914555051321504,0.1085639717196112,0.1502249576378474
0.0844711060904115,0.91554837076135,0.4050016555323997
0.9455816761778626,0.054437800673899,0.082912957949477
0.7647975381259373,0.2352219387258243,0.3025923689694798
0.7620318251757786,0.2379876516759831,0.3057476189548721
0.760415246479559,0.2396042303722026,0.3078511189451337
0.0378045692694232,0.9622149075823384,0.1273007031143486
0.7545332372475313,0.2454862396042303,0.3151549383557642
0.8259743295093781,0.1740451473423835,0.2292814989385115
0.9280135558888262,0.0720059209629355,0.1050581384025086
0.5645949788676159,0.4354244979841458,0.5411643261983133
0.4637438404456304,0.5362756364061313,0.6630115108193911
0.4075725999649416,0.59244687688682,0.7326023021638782
0.9657012640476792,0.0343182128040823,0.0580799719533334
0.8803342227762304,0.1196852540755312,0.1639171844263093
0.3797791325010225,0.6202403443507392,0.7687123853300353
0.9862688195080148,0.0137506573437469,0.0300917359717975
0.0307539489316946,0.969265527920067,0.0941316245642054
0.9771146991800246,0.0229047776717371,0.0432970414662174
0.8106265703211732,0.1893929065305884,0.247706600705062
0.0665913561731881,0.9334281206785736,0.2987554291724286
0.8399781859260269,0.1600412909257347,0.2122002999435171
0.981419083419356,0.0186003934324055,0.0373176479753812
0.7255127281226262,0.2745067487291354,0.3493757669010381
0.7571431353835966,0.242876341468165,0.3119996883703718
0.8899947412500243,0.1100247356017373,0.1519389205928753
0.9070369865414954,0.0929824903102662,0.1316635179089652
0.9714274584656136,0.028592018386148,0.0504255692109927
0.0150750832635412,0.9849443935882204,0.0267417174687883
0.0448162359036285,0.9552032409481332,0.1677736010751222
0.7834368852618663,0.2165825915898954,0.2798239292600744
0.3852326509942932,0.6147868258574684,0.7615254270299748
0.6406910387005045,0.3593284381512572,0.4513176090216777
0.4258613637691603,0.5741581130826013,0.7093664180121925
0.0007985509222289,0.9992209259295328,0.0007985509222289
0.4003272111095962,0.5996922657421654,0.7418343298989152
0.0866525134877198,0.913366963364042,0.4188496971349551
0.2796486375942192,0.7203708392575424,0.9121593985548176
0.4238747248894688,0.5761447519622929,0.7118205013341643
0.9893266852345988,0.010692791617163,0.0251251387725688
0.7335761447519623,0.2664433320997993,0.3399294937966227
0.1700134390277155,0.8300060378240461,0.8481195099624097
0.0168279999220925,0.9831914769296692,0.0313772081880684
0.3328593966071324,0.6671600802446292,0.8328886118847749
0.5263619188594355,0.4736575579923261,0.5873828954287829
0.1258788929357458,0.8741405839160158,0.6580059599166391
0.7269734920047524,0.2730459848470093,0.3477397113530568
0.9199696161112518,0.0800498607405099,0.1153419161326763
0.8249225795142473,0.1750968973375143,0.2306838322653526
0.7522154918878913,0.2478039849638704,0.3179011744541612
0.9350641762265548,0.0649553006252069,0.0960987865921352
0.1731297353095845,0.8268897415421771,0.8580527043608671
0.0084334768128079,0.9915860000389536,0.0117250647605321
0.0249303702549519,0.9750891065968096,0.0632608145219406
0.9076407689461076,0.0923787079056541,0.1307870595796895
0.9722065325360808,0.0278129443156808,0.0493738192158619
0.9736672964182068,0.0263521804335547,0.0475624720020255
0.9919171065189024,0.0081023703328593,0.0206454628673821
0.7913250102253472,0.2086944666264145,0.2703192256003739
0.8143466490076544,0.1856728278441072,0.2430321562822585
0.9407708937927274,0.0592485830590343,0.0888728745885515
0.862396042303722,0.1376234345480396,0.1856728278441072
0.0090762129209434,0.9909432639308182,0.0128157684591862
0.8161774730732524,0.1838420037785092,0.2407923183296652
0.8047445610891456,0.1952749157626161,0.2546793136357439
0.3450129521064215,0.6550065247453402,0.8159242740003506
0.6414116822156867,0.358607794636075,0.4504995812476871
0.9058683754357946,0.0941511014159671,0.1330853280875679
0.2801355588882613,0.7198839179635004,0.911341370780827
0.9275071577430224,0.0725123191087392,0.1057203513624057
0.797323880567945,0.2026955962838166,0.2633854663732154
0.9385115789883725,0.0615078978633893,0.0915412032799018
0.891358120873342,0.1086613559784196,0.1503223418966558
0.3141421420641567,0.6858773347876049,0.8593381765771381
0.891728181056814,0.1082912957949477,0.1499133280096605
0.6430282609119062,0.3569912159398555,0.448551896071519
0.9601893149991236,0.0398301618526381,0.065130592291062
0.7698809964357362,0.2301384804160255,0.2959897162222698
0.4063845120074791,0.5936349648442826,0.7340046354907193
0.7280836725551681,0.2719358042965935,0.3465321465438326
0.7449701030325458,0.2550493738192159,0.3263541281187309
0.1422004947120347,0.857818982139727,0.7420485752682936
0.4244590304423193,0.5755604464094424,0.7110998578189821
0.4719435950372981,0.5280758818144635,0.653000409013887
0.90882885690357,0.0911906199481915,0.1292483882905167
0.7691408760687922,0.2308786007829694,0.2970219893656389
0.9151198800225931,0.0848995968291685,0.1214576475858442
0.0112965740217751,0.9887229028299864,0.0176070739925598
0.9865804491362016,0.01343902771556,0.0296242915295171
0.169740763103052,0.8302787137487097,0.8472235747813723
0.6674911867245779,0.3325282901271838,0.419219757318427
0.4740860487310831,0.5259334281206786,0.6504489414331067
0.7855209084003661,0.2144985684513955,0.2774477533451493
0.7217536957326218,0.2782657811191399,0.3538749196579865
0.7689850612546988,0.2310344155970629,0.297197281031494
0.6902206727304598,0.3097988041213018,0.3919911185555966
0.8399197553707419,0.1600997214810198,0.2122587304988021
0.2754805913172194,0.7245388855345422,0.9185088522291256
0.2856475079368171,0.7143719689149446,0.9023235884151686
0.6798005570379604,0.3202189198138013,0.4046315953489278
0.8438151257230782,0.1562043511286835,0.207681670334807
0.79077965837602,0.2092398184757415,0.2710009154120328
0.9113024170773036,0.088717059774458,0.1263268605262645
0.7980055703796038,0.2020139064721578,0.2626258691545098
0.9492433243090588,0.050776152542703,0.078394328340767
0.8908517227275383,0.1091677541242233,0.1508871705977446
0.918430944822079,0.0815885320296827,0.1171532633465126
0.9216835790662796,0.0783358977854819,0.1131020781800829
0.931441481798882,0.0685779950528796,0.1008121847184621
0.2662485635821826,0.7337709132695791,0.933759227158522
0.0925929532750326,0.907426523576729,0.4546676275246869
0.8131585610501918,0.1868609158015698,0.2446097812749547
0.6073271916327445,0.3926922852190172,0.490894571801414
0.5690941316245642,0.4309253452271975,0.5360029604814678
0.5459361548799252,0.4540833219718365,0.5636211362795318
0.0175291665855131,0.9824903102662486,0.0336170461406618
0.932045264203494,0.0679742126482675,0.1001110180550415
0.7975381259373235,0.2024813509144382,0.2631712210038369
0.9039012134078648,0.0961182634438969,0.1354225502989696
0.7902148296749314,0.2098046471768303,0.2716826052236916
0.0846463977562666,0.915373079095495,0.406209220341624
0.005920962935551,0.9940985139162106,0.0074012036694388
0.8080556258886313,0.1919638509631303,0.2508423738386927
0.1526790409598192,0.8473404358919424,0.786689519506067
0.0111991897629667,0.988820287088795,0.0172759675126112
0.5948035759499835,0.4052159009017782,0.5055216874744366
0.2932434801238728,0.7067759967278889,0.8906569542099215
0.8674210700582358,0.1325984067935258,0.1795376195391776
0.5429172428568646,0.4571022339948971,0.5671854001519194
0.2782657811191399,0.7217536957326218,0.9142628985450793
0.8857682644177395,0.1142512124340221,0.1570613326061975
0.1643456751650663,0.8356738016866954,0.8272987554291724
0.9987340046354908,0.0012854722162709,0.0068558518201117
0.8733809866973102,0.1266384901544514,0.1722727538320705
0.7689850612546988,0.2310344155970629,0.297197281031494
0.6394834738912802,0.3605360029604815,0.4528368034590889
0.885067097754319,0.1149523790974426,0.1579572677872348
0.9370508151062462,0.0629686617455154,0.09360574956664
0.9622343844341,0.0377850924176616,0.0624622635997117
0.8943770328964026,0.105642443955359,0.1467191243207448
0.987963305611281,0.0120561712404806,0.0274428841322088
0.0421479072122782,0.9578715696394836,0.153302300216193
0.9009991624953744,0.0990203143563874,0.1388894299125489
0.9438677132228348,0.056151763628927,0.0849775042362152
0.8917476579085757,0.108271818943186,0.1498938511578988
0.1096936291217887,0.8903258477299729,0.5645170714605691
0.5983678398223711,0.4016516370293905,0.5013536411974369
0.0418168007323296,0.958202676119432,0.1515688604094034
0.543384687299145,0.4566347895526167,0.5666205714508307
0.3478955261671503,0.6521239506846114,0.8117951814268741
0.1635276473910757,0.836491829460686,0.8248836258107239
0.4780982801939894,0.5219211966577723,0.6457160664550182
0.7515532789279941,0.2484661979237676,0.3186412948211051
0.8719981302222308,0.1280213466295308,0.1740451473423835
0.0353894396509748,0.9646300372007868,0.1158872679820033
0.90187562082465,0.0981438560271117,0.1378766336209415
0.6760804783514792,0.3239389985002824,0.4089749332917827
0.4142921138227217,0.5857273630290399,0.7240909179440236
0.3975420213076758,0.6024774555440858,0.7453985937713028
0.2315797674463899,0.7684397094053718,0.99768225464036
0.9621954307305768,0.0378240461211849,0.0625012173032351
0.52108369203202,0.4789357848197417,0.5935181037337125
0.1746489297469957,0.825370547104766,0.8628829635977641
0.8804121301832771,0.1196073466684845,0.1638198001675009
0.3519856650371034,0.6480338118146582,0.8059910796018932
0.6556687377052374,0.3443507391465243,0.433398905400931
0.6480922423699433,0.3519272344818183,0.4424945951736361
0.0148024073388777,0.985217069512884,0.0260405508053678
0.1315661336501568,0.8684533432016049,0.6898895662505112
0.6020879185088522,0.3979315583429094,0.4969518726992968
0.5798258769452506,0.4201935999065111,0.5233624836881366
0.4008530861071616,0.5991663907446001,0.741113686383733
0.1030325458192937,0.896986931032468,0.5222328262859591
0.2577566562140895,0.7422628206376721,0.9480747132033578
0.845957579416863,0.1540618974348986,0.2051691564575502
0.9578520927877218,0.0421673840640398,0.0682274117211693
0.6694193950489843,0.3306000818027774,0.4168046276999785
0.7163196540911128,0.283699822760649,0.3603996649981497
0.801238727772043,0.1987807490797187,0.2588084062092203
0.8403871998130222,0.1596322770387394,0.2117328555012367
0.0180355647313168,0.9819839121204448,0.0352725785404047
0.5299261827318232,0.4700932941199384,0.583097988041213
0.3996649981496991,0.6003544787020626,0.7426328808211441
0.9802699491654168,0.0197495276863447,0.0389537035233624
0.771108038096722,0.2289114387550396,0.2945873828954288
0.9624291529517168,0.0375903239000448,0.0622674950820949
0.8322848294801628,0.1677346473715988,0.2216465730479325
0.230839647079446,0.7691798297723156,0.999143018522486
0.3410591511988002,0.6589603256529615,0.8215336073077147
0.7070876263560758,0.2929318504956859,0.3714040862434996
0.6424439553590557,0.3575755214927059,0.4493114932902246
0.644508501645794,0.3555109752059677,0.446721072005921
0.9375182595485264,0.0625012173032351,0.0929630134585045
0.6870848995968292,0.3129345772549325,0.3957891046491245
0.8995773523167715,0.1004421245349901,0.1405449623122918
0.7549227742827649,0.2450967025689967,0.3147264476170072
0.052120055314259,0.9478994215375028,0.2117328555012367
0.7834953158171513,0.2165241610346103,0.2797654987047893
0.8204623804608223,0.1795570963909393,0.2358451979821981
0.7167481448298697,0.283271332021892,0.3598737900005843
0.9393685604658863,0.0606509163858753,0.0905089301365327
0.8205597647196308,0.1794597121321309,0.2357478137233897
0.795609917612917,0.2044095592388446,0.2653721052529069
0.9234754494283544,0.0765440274234072,0.1109206707827746
0.9393490836141246,0.060670393237637,0.090547883840056
0.8846191301638003,0.1154003466879613,0.1585805270436086
0.0343766433593673,0.9656428334923944,0.1108817170792513
0.7499756539352979,0.2500438229164637,0.3204721188867031
0.0650137311804919,0.9350057456712696,0.2900687532867187
0.7972070194573749,0.2028124573943867,0.2635218043355472
0.958085815008862,0.0419336618428997,0.0679157820929824
0.8941043569717391,0.1059151198800226,0.147069707652455
0.2356114757610579,0.7644080010907037,0.98899557875465
0.4791500301891202,0.5208694466626415,0.6443721636834622
0.6574995617708354,0.3425199150809263,0.4314901739282862
0.7268761077459439,0.2731433691058177,0.347856572463627
0.3717546695752098,0.6282648072765519,0.7789961630602029
0.4283154470911322,0.5717040297606295,0.7064254133961786
0.0747132033578092,0.9253062734939524,0.3476812807977718
0.9460880743236664,0.0539314025280953,0.0822507449895798
0.5030286504489414,0.4969908264028203,0.6155269462244123
0.0094267962526537,0.990592680599108,0.0135558888261301
0.2879262995929338,0.7120931772588279,0.8989930467639211
0.9583390140817638,0.0416804627699978,0.0676041524647955
0.3864791695070408,0.6135403073447208,0.7600062325925637
0.9057320374734628,0.0942874393782988,0.1332411429016613
0.9877490602419025,0.0122704166098591,0.0277545137603957
0.9286757688487232,0.0713437080030384,0.1042595874802796
0.4546676275246869,0.5453518493270748,0.6738795941024093
0.0546520460432775,0.945367430808484,0.2256393276590771
0.1383830317667452,0.8616364450850165,0.7238961494264067
0.9886644722747016,0.0113550045770601,0.0262937498782696
0.6876107745943946,0.3124087022573671,0.3951658453927507
0.0057261944179342,0.9942932824338274,0.0071285277447753
0.7594608807432367,0.240558596108525,0.3090586837543579
0.9644547455349316,0.0355647313168299,0.059696550649553
0.908653565237715,0.0913659116140467,0.1294626336598952
0.4731316829947607,0.5268877938570009,0.6515785988352842
0.2317161054087217,0.76830337144304,0.9975264398262664
0.9017782365658416,0.0982412402859201,0.1379934947315116
0.9100753754163176,0.0899441014354439,0.1278071012601523
0.9481526206104044,0.0518668562413571,0.0797771848158463
0.5152016827999922,0.4848177940517694,0.6006661083302495
0.8637204682235163,0.1362990086282453,0.1841146797031727
0.4574528173266073,0.5425666595251544,0.6705100987476384
0.0171591064020411,0.9828603704497204,0.0325458192937693
0.8867226301540619,0.1132968466976997,0.1559121983522583
0.6351401359484253,0.3648793409033364,0.4580371228794577
0.8855734959001227,0.1144459809516389,0.157275577975576
0.8305903433768965,0.1694291334748651,0.2237890267417174
0.5701264047679333,0.4298930720838284,0.5348148725240052
0.7274604132987944,0.2725590635529673,0.3471943595037298
0.917028611495238,0.0829908653565237,0.1191593790779658
0.5064370995072357,0.493582377344526,0.6116510527238377
0.3280096605184738,0.6720098163332879,0.839608125742555
0.0863214070077712,0.9136980698439904,0.417388933252829
0.5529672983658921,0.4470521784858695,0.5550123678008687
0.4536548312330795,0.5463646456186821,0.6750676820598719
0.1214381707340825,0.8785813061176792,0.6337183257698226
0.138519369729077,0.8615001071226847,0.7248894688662525
0.906764310616832,0.0932551662349297,0.1319361938336287
0.6212531406423466,0.3787663362094151,0.47439767835927
0.787916561167053,0.2121029156847087,0.2745846561361821
0.0040511851664296,0.995968291685332,0.00451862960871
0.5455466178446916,0.4544728590070701,0.5640691038700505
0.9713300742068052,0.0286894026449564,0.0505619071733245
0.8364723526089243,0.1635471242428373,0.2165631147381337
0.9671035973745205,0.0329158794772413,0.0560738562218803
0.9254231346045224,0.0745963422472391,0.1083692032019944
0.714410922618468,0.2856085542332937,0.3627563640613131
0.2183939388037317,0.7816255380480299,0.9761213797401788
0.7905459361548799,0.2094735406968817,0.2712541144849346
0.3216017762888806,0.678417700562881,0.8486453849599751
0.6135208304929591,0.3864986463588025,0.4832985996143583
0.9538203844730536,0.0461990923787079,0.0728629024404495
0.3941335722493816,0.6058859046023801,0.7499951307870596
0.8091852832908089,0.1908341935609528,0.2495569016224217
0.8595524219465166,0.1404670549052451,0.1890033694953547
0.9274292503359756,0.0725902265157859,0.1057982587694525
0.6085931869972537,0.3914262898545079,0.4892779931051945
0.6849229690512826,0.3150965078004791,0.3983016185263814
0.9190152503749294,0.0810042264768322,0.1164520966830921
0.898447694914594,0.1015717819371676,0.1418693882320861
0.7712054223555305,0.2288140544962312,0.2944705217848587
0.0187951619500224,0.9812243149017392,0.0374734627894747
0.6549480941900552,0.3450713826617065,0.4342558868784449
0.8017646027696084,0.1982548740821533,0.2581851469528465
0.423251465633095,0.5767680112186666,0.712638529108155
0.7322127651286446,0.2678067117231171,0.3417018873069357
0.7982782463042674,0.2017412305474943,0.2622947626745613
0.9636951483162262,0.0363243285355355,0.0606314395341137
0.1584831427848002,0.8415363340669614,0.8075687045945893
0.4789357848197417,0.52108369203202,0.6446253627563641
0.9435560835946476,0.0564633932571139,0.0854644255302572
0.0184640554700738,0.9815554213816878,0.0365580507566756
0.1720779853144537,0.8279414915373079,0.8546637321543346
0.7697251816216427,0.230294295230119,0.2962818689986951
0.8078608573710145,0.1921586194807471,0.2510371423563095
0.752468690960793,0.2475507858909685,0.3175700679742126
0.9933778704010284,0.0066416064507333,0.0182498101006953
0.0105954073583545,0.9894240694934072,0.0160294489998636
0.8655123385855911,0.1345071382661706,0.1819137954541028
0.9144771439144576,0.085542332937304,0.1221977679527881
0.8560855423329373,0.1439339345188243,0.1931908926241162
0.9630524122080908,0.036967064643671,0.061468944159866
0.7445416122937888,0.2554778645579728,0.3268605262645346
0.2138947860467834,0.7861246908049783,0.967064643670997
0.9823734491556784,0.0176460276960832,0.0357789766862084
0.1878347583896538,0.8121847184621078,0.901934051379935
0.0228268702646904,0.9771926065870712,0.0545741386362308
0.958942796486376,0.0410766803653857,0.0667666478390432
0.220146855462283,0.7798726213894787,0.9796856436125664
0.0042264768322848,0.9957930000194768,0.0048497360886586
0.2266716008024463,0.7733478760493154,0.9929493796622714
0.8434645423913678,0.1565549344603938,0.208110161073564
0.8879691486668095,0.1120503281849521,0.1543540502113238
0.4095981925481565,0.5904212843036052,0.7301287419901447
0.7146251679878465,0.2853943088639152,0.3624836881366496
0.9220925929532752,0.0779268838984866,0.1126346337378026
0.8977854819546969,0.1022339948970648,0.1426484623025534
0.929493796622714,0.0705256802290477,0.1034026060027657
0.4955300625206941,0.5044894143310675,0.6246226359971174
0.712268468924683,0.2877510079270787,0.3654636464561868
0.7110998578189821,0.2889196190327795,0.3668270260795045
0.4690025904212843,0.5310168864304774,0.6566231034415597
0.8805484681456089,0.1194710087061527,0.1636445085016458
0.0355842081685916,0.96443526868317,0.117192217050036
0.8929357458660382,0.1070837309857234,0.1484330872757727
0.6544611728960131,0.3455583039557486,0.4348986229865804
0.7660830103422083,0.2339364665095534,0.3009563134214985
0.910484389303313,0.0895350875484486,0.1273201799661102
0.8830999357263892,0.1169195411253724,0.16033344370216
0.0030578657265839,0.9969616111251776,0.0031357731336306
0.7457102233994897,0.2543092534522719,0.3255361003447403
0.9671620279298054,0.0328574489219562,0.0559959488148335
0.4650098358101396,0.5350096410416221,0.6615312700855034
0.5029702198936564,0.4970492569581053,0.6155853767796974
0.0195937128722513,0.9804257639795104,0.0403365599984418
0.8678690376487544,0.1321504392030072,0.1790312213933739
0.9836978750754728,0.0163216017762888,0.033909198917087
0.2343454803965487,0.765673996455213,0.9915860000389536
0.6327444831817385,0.3672749936700232,0.4611144654578034
0.1446935317375299,0.8553259451142318,0.752468690960793
0.7339462049354343,0.2660732719163274,0.3395010030578657
0.0274234072804471,0.9725960695713144,0.0764076894610755
0.9380051808425686,0.062014296009193,0.0922813236468457
0.959975069629745,0.0400444072220166,0.0654811756227723
0.9734140973453052,0.0266053795064565,0.0478546247784508
0.9347525465983678,0.0652669302533938,0.0965078004791305
0.8932084217907017,0.1068110550610599,0.1481409344993475
0.9309935142083634,0.0690259626433983,0.1013380597160275
0.007693356445864,0.9923261204058976,0.010322731433691
0.228580332275091,0.7714391445766706,0.9963188750170422
0.9628771205422356,0.0371423563095261,0.0617026663810061
0.7139629550279493,0.2860565218238124,0.3632822390588785
0.4617182478624155,0.5383012289893462,0.6654850709931247
0.213914262898545,0.7861052139532166,0.9671425510780436
0.0264690415441248,0.9735504353076369,0.0721422589252673
0.6516370293905693,0.3483824474611923,0.4382681183413513
0.9812048380499776,0.018814638801784,0.0375903239000448
0.992851995403463,0.0071674814482986,0.0190873147264476
0.874432736692441,0.1255867401593206,0.1710067584675613
0.7436651539645132,0.2563543228872485,0.3278927994079037
0.2248797304403716,0.77513974641139,0.9895798843075004
0.8868200144128703,0.1131994624388913,0.1558148140934499
0.9494965233819606,0.0505229534698011,0.0781216524161034
0.10032526342442,0.8996942134273416,0.5055216874744366
0.9295522271779988,0.0704672496737627,0.1033052217439573
0.9977796388991684,0.0022398379525933,0.0094852268079387
0.6492998071791676,0.3507196696725941,0.4409364470327016
0.016613754552714,0.9834057222990475,0.030792902635218
0.8098280193989443,0.1901914574528173,0.2486804432931461
0.956858773347876,0.0431607035038856,0.0694154996786319
0.7773795843639834,0.2226398924877782,0.2871861792259899
0.4135130397522544,0.5865064370995072,0.7250452836803459
0.9823539723039167,0.0176655045478448,0.0358179303897318
0.7141772003973278,0.2858422764544339,0.363009563134215
0.797869232417272,0.2021502444344896,0.262801160820365
0.8679858987593245,0.1320335780924371,0.1788754065792805
0.7770874315875582,0.2229320452642035,0.2875562394094618
0.5138383031766746,0.4861811736750872,0.6022632101747074
0.6031591453557447,0.3968603314960169,0.4957248310383109
0.890072648657071,0.1099468281946906,0.1518415363340669
0.8895662505112674,0.1104532263404943,0.1524842724422024
0.5222523031377209,0.4777671737140408,0.5920962935551097
0.9631692733186608,0.0368502035331009,0.0612936524940108
0.6838906959079134,0.3161287809438482,0.3997234287049841
0.3614514149932805,0.6385680618584811,0.7929026352180434
0.8042771166468652,0.1957423602048965,0.2553025728921177
0.8876575190386226,0.112361957813139,0.1547046335430341
0.9979744074167852,0.0020450694349765,0.0087840601445182
0.8904037551370196,0.109615721714742,0.1513740918917866
0.6240578072960287,0.375961669555733,0.4711450441150692
0.7605126307383675,0.2395068461133942,0.3077342578345636
0.4892974699569561,0.5107220068948055,0.6318680248524629
0.9804257639795104,0.0195937128722513,0.0387589350057456
0.0017529166585513,0.9982665601932104,0.0017529166585513
0.8914165514286271,0.1086029254231346,0.1502639113413708
0.8135091443819021,0.1865103324698595,0.2441812905361977
0.0121146017957657,0.987904875055996,0.0195547591687279
0.8477884034824611,0.1522310733693005,0.2031435638743353
0.2959702393705081,0.7040492374812535,0.8863136162670666
0.8675379311688058,0.1324815456829558,0.1793818047250842
0.7797752371306702,0.2202442397210914,0.2843230820170228
0.0433554720215024,0.9566640048302592,0.159476462224646
0.8036538573904914,0.1963656194612703,0.2560037395555382
0.5503379233780652,0.4496815534736965,0.5580118029721676
0.9846132871082718,0.0154061897434898,0.0325263424420076
0.9538203844730536,0.0461990923787079,0.0728629024404495
0.4769101922365268,0.5231092846152348,0.6470989229300976
0.902245681008122,0.0977737958436398,0.1374286660304228
0.917028611495238,0.0829908653565237,0.1191399022262041
0.9436924215569796,0.0563270552947821,0.0852891338644021
0.0073817268176771,0.9926377500340844,0.0097189490290789
0.0098747638431723,0.9901447130085892,0.0144518240071674
0.4112732017996611,0.5887462750521005,0.7280252419998832
0.5301014743976784,0.4699180024540833,0.5828642658200729
0.9278187873712092,0.0722006894805523,0.1052918606236488
0.95771575482539,0.0423037220263716,0.0683832265352628
0.8922345792026177,0.107784897649144,0.1492511150497633
0.7150341818748418,0.2849852949769199,0.3619578131390842
0.1801998324990748,0.8198196443526868,0.8809380051808425
0.1205227587012835,0.8794967181504781,0.6276805017237014
0.9749917223380012,0.0250277545137603,0.0459264164540443
0.8756208246499035,0.1243986522018581,0.1696433788442436
0.8084841166273884,0.1915353602243733,0.2503749293964123
0.987963305611281,0.0120561712404806,0.0274428841322088
0.901505560641178,0.0985139162105837,0.1382856475079368
0.857078861772783,0.1429406150789786,0.1919248972596069
0.9026157411915938,0.0974037356601678,0.1369806984399041
0.95331398632725,0.0467054905245116,0.073505638548585
0.9483279122762596,0.051691564575502,0.0795629394464678
0.8443215238688818,0.1556979529828798,0.20713631848548
0.8925656856825662,0.1074537911691954,0.1488226243110063
0.9359211577040688,0.0640983191476929,0.0950080828934811
0.6933174921605672,0.3067019846911945,0.388056794499737
0.811503028650449,0.1885164482013127,0.2466938044134546
0.798609352784216,0.2014101240675457,0.2619247024910893
0.9630524122080908,0.036967064643671,0.0614494673081043
0.2970025125138772,0.7030169643378844,0.8846970375708471
0.9111466022632102,0.0888728745885515,0.1265021521921196
0.7140019087314726,0.286017568120289,0.3632238085035935
0.026819624875835,0.9731998519759266,0.0735251154003466
0.8772763570496465,0.1227431198021151,0.1675204020022203
0.1026624856358218,0.8973569912159398,0.5196618818534172
0.6841049412772919,0.3159145355744697,0.3994117990767972
0.8507099312467132,0.1493095456050484,0.1997545916678028
0.914399236507411,0.0856202403443507,0.1222951522115965
0.9491459400502504,0.0508735368015114,0.0786085737101455
0.720760376292776,0.2792591005589856,0.355063007615449
0.1914379759655649,0.8085815008861967,0.9111660791149718
0.8975907134370801,0.1024287634146816,0.1429016613754552
0.8878522875562395,0.1121671892955222,0.1544903881736556
0.0110044212453499,0.9890150556064118,0.0169059073291393
0.0194184212063961,0.9806010556453656,0.0395769627797362
0.998656097228444,0.0013633796233176,0.0070700971894902
0.0902362542118691,0.9097832226398924,0.4408585396256549
0.7751981769666751,0.2248212998850865,0.2897376468067701
0.635588103538944,0.3644313733128177,0.457472294178369
0.0215608749001811,0.9784586019515804,0.0493348655123385
0.3184465263034883,0.6815729505482734,0.8531055840134001
0.9323763706834428,0.0676431061683189,0.0997214810198079
0.7618370566581618,0.2381824201935999,0.3059423874724889
0.2114796564283349,0.7885398204234267,0.962059092768245
0.90187562082465,0.0981438560271117,0.1378766336209415
0.9640457316479364,0.0359737452038252,0.0601639950918333
0.4640749469255789,0.5359445299261827,0.6626609274876809
0.8963831486278558,0.1036363282239059,0.1442650409987729
0.8321679683695927,0.1678515084821689,0.2217829110102643
0.9801141343513234,0.0199053425004382,0.0392069025962643
0.5506690298580138,0.4493504469937479,0.557622265936934
0.9812048380499776,0.018814638801784,0.0375903239000448
0.2381434664900765,0.7618760103616852,0.983990027851898
0.439748359075239,0.5602711177765226,0.6923241727207214
0.7585065150069142,0.2415129618448474,0.3102078180082971
0.8646553571080771,0.1353641197436846,0.1829265917457102
0.3234520772062403,0.6765673996455213,0.845899148861578
0.6770348440878017,0.32298463276396,0.4079037064448902
0.2240422258146193,0.7759772510371423,0.9879243519077576
0.9664998149699082,0.0335196618818534,0.0569308376993942
0.4163177064059365,0.5837017704458252,0.7215978809185283
0.8817949866583565,0.1182244901934051,0.1619694992501412
0.0834193560952807,0.9166001207564808,0.3988664472274701
0.3554720215024443,0.6445474553493173,0.8010439592544261
0.9512883937440352,0.0487310831077264,0.0760960598328886
0.9675710418168008,0.0324484350349609,0.0554895506690298
0.8823403385076836,0.117679138344078,0.161248855734959
0.913172194846425,0.0868472820053366,0.1237948697972459
0.1907368093021444,0.8092826675496173,0.9092183939388038
0.9713690279103284,0.0286504489414331,0.0505229534698011
0.969694018658824,0.0303254581929376,0.052606976608301
0.9958124768712384,0.0042069999805231,0.0136337962331768
0.8907543384687299,0.1092651383830317,0.150984554856553
0.1695849482889585,0.8304345285628031,0.8466197923767602
0.8604288802757922,0.1395905965759694,0.1880295269072707
0.9579884307500536,0.0420310461017081,0.0680326432035525
0.0747132033578092,0.9253062734939524,0.3477397113530568
0.8254289776600511,0.1745904991917106,0.2299826656019321
0.4305163313402022,0.5695031455115596,0.7036012698907349
0.8051925286796642,0.1948269481720974,0.2541534386381785
0.7061137837679917,0.2939056930837699,0.3725337436456771
0.0328964026254796,0.967123074226282,0.1034026060027657
0.0838673236857994,0.9161521531659622,0.4009699472177317
0.1996572074089944,0.8003622694427672,0.932785384570438
0.7981029546384123,0.2019165222133494,0.2625284848957014
0.4796759051866856,0.520343571665076,0.6437489044270884
0.9813996065675944,0.0186198702841672,0.0373566016789046
0.6629141265605828,0.3371053502911789,0.4247317063669828
0.817365561030715,0.1826539158210466,0.2394484155581092
0.1576845918625713,0.8423348849891904,0.8050756675690941
0.9644547455349316,0.0355647313168299,0.0596770737977913
0.0542040784527588,0.9458153983990027,0.2228151841536334
0.7604542001830824,0.2395652766686792,0.3078121652416103
0.7458465613618215,0.2541729154899402,0.3253997623824085
0.8681806672769413,0.1318388095748203,0.1786806380616637
0.0750832635412811,0.9249362133104804,0.3509533918937343
0.2183939388037317,0.7816255380480299,0.9761213797401788
0.9557096390939368,0.0443098377578248,0.0706814950431412
0.1670919112634633,0.8329275655882983,0.8380305007498587
0.9443156808133534,0.0557037960384083,0.0844126755351265
0.9077771069084392,0.0922423699433223,0.1306312447655961
0.667354848762246,0.3326646280895156,0.4194145258360439
0.6896753208811328,0.3103441559706289,0.3926338546637321
0.6722630154061897,0.3277564614455719,0.4134935629004928
0.7807880334222776,0.219231443429484,0.2830960403560368
0.7484175057943634,0.2516019710573983,0.3223808503593479
0.9104064818962664,0.0896129949554953,0.127398087373157
0.9279356484817796,0.0720838283699822,0.1051749995130787
0.7589155288939096,0.2411039479578521,0.3097208967142551
0.6900453810646047,0.3099740957871569,0.3921664102214518
0.7703094871744931,0.2297099896772685,0.2954833180764661
0.8437956488713164,0.1562238279804452,0.2077011471865687
0.1581715131566133,0.8418479636951484,0.8066143388582669
0.8536704127144888,0.1463490641372728,0.196073466684845
0.8741405839160158,0.1258788929357458,0.1713573417992715
0.9656817871959176,0.034337689655844,0.0580994488050951
0.953567185400152,0.0464522914516097,0.0731550552168747
0.6778528718617922,0.3221666049899694,0.4069298638568062
0.8687649728297918,0.1312545040219699,0.1779015639911964
0.9788091852832908,0.0212102915684708,0.0408819118477689
0.7890072648657072,0.2110122119860545,0.273182322809341
0.3419550863798375,0.6580643904719241,0.8202676119432055
0.5149679605788521,0.4850515162729096,0.6009582611066747
0.0633387219289874,0.9366807549227744,0.2802913737023547
0.8775879866778334,0.1224314901739282,0.1671503418187484
0.388485285238494,0.6115341916132676,0.7573379039012134
0.9641820696102682,0.0358374072414934,0.0600081802777399
0.6934343532711372,0.3065851235806244,0.3879204565374053
0.9255010420115692,0.0745184348401924,0.1082328652396626
0.8753871024287634,0.1246323744229982,0.1698771010653837
0.9854702685857858,0.0145492082659758,0.0313577313363068
0.2298463276396003,0.7701731492121614,0.9988898194495842
0.3945815398399003,0.6054379370118614,0.7494108252342091
0.903219523596206,0.0967999532555557,0.1362795317764836
0.9278187873712092,0.0722006894805523,0.1052918606236488
0.272636970960014,0.7273825058917477,0.923144342948406
0.4658668172876536,0.5341526595641081,0.6604405663868492
0.7592271585220964,0.2407923183296652,0.3093313596790215
0.8935979588259354,0.1064215180258263,0.1476929669088288
0.9759460880743236,0.024073388777438,0.0447772822001051
0.0160878795551487,0.983931597296613,0.0293516156048536
0.967863194593226,0.0321562822585357,0.0551389673373195
0.8160606119626823,0.1839588648890793,0.2409091794402353
0.8566503710340261,0.1433691058177356,0.192470249108934
0.9385894863954192,0.0614299904563426,0.0914438190210934
0.9793155834290944,0.0207038934226671,0.0402586525913951
0.7406851956449759,0.2593342812067857,0.3314375864285297
0.9183335605632704,0.0816859162884911,0.1173090781606061
0.7156769179829773,0.2843425588687844,0.3611787390686169
0.8632919774847594,0.1367274993670023,0.1846016009972148
0.2423115127670763,0.7577079640846853,0.976043472333132
0.8551116997448532,0.1449077771069084,0.1943984574333404
0.2764544339053035,0.7235650429464582,0.9171259957540464
0.9095884541222756,0.090431022729486,0.1284108836647644
0.1645209668309214,0.8354985100208402,0.8278635841302612
0.8800810237033286,0.119938453148433,0.1641898603509728
0.8219815748982334,0.1780379019535282,0.2341507118789318
0.608885339773679,0.3911341370780827,0.4889079329217225
0.9570924955690162,0.0429269812827454,0.0690843931986833
0.8867226301540619,0.1132968466976997,0.15593167520402
0.304286855072746,0.6957326217790156,0.8735368015114037
0.4855384375669517,0.51448103928481,0.6363477007576496
0.9068227411721168,0.0931967356796447,0.1318777632783437
0.9626239214693336,0.0373955553824279,0.0619948191574313
0.4029955398009466,0.5970239370508151,0.7381337280641957
0.1058956430282609,0.8941238338235008,0.5418460160099722
0.8629998247083341,0.1370196521434275,0.1849327074771634
0.5519545020742848,0.448064974777477,0.5561615020548079
0.5615176362892702,0.4385018405624915,0.5449038817365561
0.7616422881405449,0.2383771887112167,0.3061955865453908
0.7998948250004869,0.2001246518512747,0.2603276006466314
0.9209824124028592,0.0790370644489024,0.1139785365093586
0.8551896071519,0.1448298696998617,0.1943205500262937
0.6061001499717585,0.3939193268800031,0.4923163819800167
0.5009251504586799,0.4990943263930818,0.6180589369534308
0.8449058294217323,0.1551136474300294,0.2063767212667744
0.9719728103149406,0.0280466665368209,0.0497049256958105
0.9159573846483454,0.0840620922034162,0.1204643281459984
0.9191710651890228,0.0808484116627388,0.1162962818689987
0.1471476150595017,0.8528718617922599,0.7635120659096664
0.5938686870654227,0.4061507897863389,0.5065734374695674
0.6251874646982062,0.3748320121535555,0.4698595718987983
0.4608807432366632,0.5391387336150985,0.6665173441364938
0.4163177064059365,0.5837017704458252,0.7215978809185283
0.2707087626356075,0.7293107142161541,0.9263775003408448
0.5834096176693999,0.4166098591823617,0.5192333911146603
0.9094131624564206,0.0906063143953411,0.1286056521823812
0.967259412188614,0.0327600646631478,0.0558790877042634
0.8545858247472878,0.1454336521044738,0.1949632861344292
0.5026196365619461,0.4973998402898155,0.6160138675184543
0.2812846931422005,0.7187347837095612,0.909627407825799
0.0552168747443663,0.9448026021073952,0.2291062072726564
0.0452642034941472,0.9547552733576145,0.1699550084724305
0.6453849599750696,0.354634516876692,0.4457082757143135
0.8874432736692441,0.1125762031825175,0.155016263171221
0.1342344623415071,0.8657850145102546,0.7038739458153984
0.7521570613326062,0.2478624155191554,0.3179596050094462
0.9273318660771672,0.0726876107745943,0.1059345967317842
0.8816781255477865,0.1183413513039752,0.1621253140642346
0.0119393101299106,0.9880801667218512,0.0190873147264476
0.9036285374832012,0.0963909393685604,0.1357926104824416
0.6850008764583293,0.3150186003934324,0.3982237111193347
0.5502989696745418,0.4497205071772199,0.5580702335274527
0.7856182926591746,0.2144011841925871,0.2773503690863408
0.0340455368794188,0.9659739399723428,0.1094988606041719
0.926182731823228,0.0738367450285335,0.107356406910387
0.3917379194826948,0.6082815573690669,0.7530529965136435
0.1195099624096761,0.8805095144420856,0.6211947100870615
0.7767368482558479,0.2232826285959137,0.2879847301482188
0.9764330093683656,0.0235864674833959,0.044173499795493
0.4294061507897863,0.5706133260619753,0.705120464328146
0.678729330191068,0.3212901466606938,0.405897590713437
0.8722902829986561,0.1277291938531055,0.1736945640106733
0.98679469450558,0.0132247823461815,0.0292347544942835
0.9864830648773932,0.0135364119743684,0.0297606294918489
0.9236117873906862,0.0764076894610755,0.1107453791169195
0.4275753267241883,0.5724441501275733,0.707262918021931
0.6874744366320628,0.3125450402196988,0.3953216602068441
0.8889819449584169,0.1110375318933447,0.1531464854020996
0.4323471554058002,0.5676723214459615,0.7014198624934266
0.9493017548643438,0.0507177219874179,0.0783358977854819
0.2792785774107473,0.7207408994410144,0.9127242272559064
0.9484642502385916,0.0515552266131702,0.0794266014841361
0.8750365190970532,0.1249829577547085,0.1703055918041408
0.8177161443624252,0.1823033324893364,0.2390004479675905
0.6821767329528855,0.3178427438988762,0.4018464055470074
0.926981282745457,0.0730381941063046,0.1063436106187795
0.9937479305845004,0.0062715462672613,0.017470736030228
0.783514792668913,0.2165046841828486,0.279726545001266
0.7619928714722553,0.2380266053795064,0.3057865726583955
0.7574547650117835,0.2425647118399782,0.3115322439280915
0.9501197826383344,0.0498996942134273,0.0774594394562063
0.9459322595095728,0.0540872173421888,0.0824649903589583
0.5084432152386889,0.4915762616130729,0.6091190619948191
0.9641820696102682,0.0358374072414934,0.0600081802777399
0.9389205928753676,0.061098883976394,0.0910153282823364
0.9984808055625888,0.0015386712891728,0.0076154490388173
0.1240091151666244,0.8760103616851372,0.647137876633621
0.7431198021151861,0.2568996747365756,0.3285744892195625
0.9682527316284596,0.0317667452233021,0.0545741386362308
0.9662466158970064,0.0337728609547552,0.0572814210311045
0.3766823130709152,0.6233371637808465,0.7727635704964649
0.0495101571781937,0.950509319673568,0.1943984574333404
0.013010536976803,0.9870089398749586,0.0215998286037044
0.2070778879301949,0.7929415889215667,0.9515221159651754
0.8926046393860896,0.107414837465672,0.1487641937557213
0.945503768770816,0.0545157080809457,0.0830103422082854
0.9532750326237268,0.0467444442280349,0.0735445922521083
0.6886430477377636,0.311376429113998,0.3938803731764798
0.2574060728823792,0.7426134039693824,0.9485616344973998
0.965603879788871,0.0344155970628907,0.0581968330639035
0.919580079076018,0.0804393977757435,0.1157898837231949
0.1644625362756364,0.8355569405761253,0.8276493387608826
0.0834193560952807,0.9166001207564808,0.3989054009309935
0.330931188282726,0.6690882885690357,0.8354011257620318
0.7455933622889196,0.2544261145628421,0.3256529614553103
0.0717721987417953,0.9282472781099664,0.3289640262547961
0.9501587363418575,0.0498607405099039,0.0774204857526829
0.0950080828934811,0.9050113939582806,0.4692752663459478
0.3360536002960481,0.6639658765557135,0.8286231813489667
0.903881736556103,0.0961377402956586,0.1354420271507313
0.6999785754630622,0.3000409013886995,0.3798375630563075
0.8768673431626511,0.1231521336891104,0.1679878464445007
0.9344798706737044,0.0655396061780573,0.0969168143661258
0.8920398106850008,0.1079796661667608,0.1495237909744269
0.6063923027481838,0.3936271741035779,0.4919657986483065
0.0309292405975498,0.969090236254212,0.0949106986346726
0.8542547182673392,0.1457647585844224,0.1953333463179011
0.8873069357069123,0.1127125411448493,0.1552305085405995
0.4893753773640029,0.5106440994877588,0.6317901174454161
0.8185926026917009,0.1814268741600607,0.2380460822312681
0.40987086847282,0.5901486083789417,0.7298171123619578
0.9714274584656136,0.028592018386148,0.0504450460627544
0.9863662037668232,0.0136532730849385,0.0299553980094657
0.9900473287497809,0.0099721481019807,0.0240344350739146
0.962974504801044,0.0370449720507177,0.0615468515669127
0.88635256997059,0.1136669068811717,0.1563406890910153
0.7486901817190269,0.2513292951327347,0.3220107901758759
0.9912159398554816,0.0088035369962799,0.0219698887871764
0.1378376799174181,0.8621817969343435,0.7213836355491499
0.0177628888066532,0.9822565880451084,0.0344155970628907
0.3852326509942932,0.6147868258574684,0.7615449038817366
0.7895526167150342,0.2104668601367275,0.2725006329976822
0.9680579631108428,0.0319615137409189,0.054866291412656
0.9588843659310908,0.0411351109206707,0.0668250783943283
0.9793934908361412,0.0206259860156204,0.0401612683325867
0.1201332216660499,0.8798862551857117,0.6243889137759773
0.0034084490582942,0.9966110277934674,0.0035447870206259
0.5039830161852639,0.4960364606664978,0.6144167656739965
0.0218140739730829,0.9782054028786789,0.0501918469898525
0.829402255419434,0.1706172214323277,0.2251718832167968
0.9969616111251776,0.0030578657265839,0.0113550045770601
0.8037512416492998,0.1962682352024618,0.2559063552967298
0.8950781995598232,0.1049412772919385,0.1458621428432308
0.9730635140135948,0.0269559628381668,0.0483025923689694
0.0334028007712833,0.9666166760804784,0.1068110550610599
0.9380636113978535,0.061955865453908,0.092203416239799
0.5997117425939271,0.4003077342578345,0.4998344467600257
0.1128099254036577,0.887209551448104,0.5820072843425589
0.8820481857312584,0.1179712911205032,0.1616578696219543
0.9921703055918042,0.0078491712599575,0.0202169721286251
0.8797109635198567,0.120308513331905,0.1646378279414915
0.6761389089067643,0.3238805679449973,0.408897025884736
0.5978614416765674,0.4021580351751943,0.5018989930467639
0.92226788461913,0.0777515922326315,0.1124203883684241
0.933759227158522,0.0662602496932395,0.0978711801024482
0.0051808425686072,0.9948386342831544,0.0062520694154996
0.5940245018795162,0.4059949749722454,0.506417622655474
0.8471651442260872,0.1528543326256743,0.2038057768342325
0.8922735329061411,0.1077459439456206,0.14921216134624
0.9621954307305768,0.0378240461211849,0.0625012173032351
0.6904738718033617,0.3095456050483999,0.3916794889274098
0.9346746391913212,0.0653448376604405,0.0966441384414623
0.9708626297645248,0.0291568470872368,0.0511851664296983
0.8128664082737667,0.187153068577995,0.2449993183101883
0.9685059307013616,0.0315135461504002,0.0542819858598056
0.9331164910503866,0.066902985801375,0.0987865921352472
0.651714936797616,0.3483045400541456,0.4381707340825429
0.9211577040687144,0.0788617727830473,0.1137253374364567
0.9121204448512944,0.0878990320004674,0.125138772568802
0.8811522505502211,0.1188672263015406,0.1628264807276551
0.8613442923085912,0.1386751845431704,0.1869388232086165
0.8508852229125684,0.1491342539391932,0.1995208694466626
0.9275655882983076,0.0724538885534542,0.105642443955359
0.8099838342130378,0.1900356426387238,0.2484856747755293
0.7160859318699725,0.2839335449817891,0.3607307714780983
0.7650312603470775,0.2349882165046841,0.3023196930448162
0.2310344155970629,0.7689850612546988,0.998714527783729
0.9218199170286115,0.0781995598231501,0.1129462633659895
0.8976880976958884,0.1023313791558732,0.1427848002648852
0.7523713067019847,0.247648170149777,0.3177258827883061
0.9633835186880392,0.0366359581637224,0.061040453421109
0.7806906491634692,0.2193288276882924,0.2832323783183686
0.8659992598796331,0.1340202169721286,0.181290536197729
0.919580079076018,0.0804393977757435,0.1157898837231949
0.8512358062442786,0.148783670607483,0.1991702861149523
0.4251601971057398,0.5748592797460218,0.7102233994897065
0.7523713067019847,0.247648170149777,0.3177258827883061
0.0728434255886878,0.9271760512630738,0.3359562160372397
0.1913600685585182,0.8086594082932435,0.9110102643008784
0.1106674717098728,0.8893520051418888,0.5711392010595407
0.7779638899168339,0.2220555869349278,0.2865239662660927
0.7955904407611554,0.2044290360906063,0.2653915821046686
0.3385466373215433,0.6614728395302183,0.8250589174765791
0.2062598601562043,0.7937596166955573,0.949106986346727
0.665037103402606,0.3349823734491556,0.422277623045011
0.8613248154568296,0.1386946613949321,0.1869972537639016
0.9654285881230158,0.0345908887287458,0.0584305552850437
0.1131410318836063,0.8868784449681554,0.5840913074810588
0.911399801336112,0.0886196755156496,0.1261905225639327
0.775938297333619,0.2240811795181427,0.2889001421810178
0.9158405235377752,0.0841789533139863,0.1206201429600919
0.8994799680579632,0.1005395087937985,0.1406423465711002
0.5335294003077342,0.4664900765440274,0.5784430204701712
0.9498471067136708,0.0501723701380908,0.0777710690843932
0.3488498919034727,0.6511695849482889,0.8105681397658883
0.1108038096722045,0.8892156671795571,0.5718208908711996
0.7674658668172877,0.232553610034474,0.299339734725279
0.6218569230469587,0.378162553804803,0.4736965116958495
0.3807724519408683,0.6192470249108935,0.7673490057067176
0.701088756013478,0.2989307208382837,0.3784936602847515
0.5554603353913873,0.4445591414603743,0.5521103168883782
0.9462438891377598,0.0537755877140019,0.0820170227684397
0.3740334612313266,0.6259860156204351,0.776055158444189
0.722162709619617,0.2778567672321446,0.3533295678086594
0.8602535886099371,0.1397658882418246,0.1882437722766492
0.1884580176460277,0.811561459205734,0.9035506300761544
0.9861130046939212,0.0139064721578404,0.0303449350446993
0.1650273649767251,0.8349921118750365,0.8300060378240461
0.850729408098475,0.1492900687532867,0.1997351148160411
0.2422725590635529,0.7577469177882087,0.9761213797401788
0.2607560913853884,0.7392633854663733,0.942815963227704
0.4569464191808036,0.543073057670958,0.6711917885592973
0.0261184582124145,0.9739010186393472,0.0684611339423095
0.8172292230683832,0.1827902537833784,0.2395847535204409
0.883664764427478,0.1163547124242837,0.1597101844457862
0.8367450285335878,0.1632744483181738,0.2162320082581851
0.0225347174882652,0.9774847593634964,0.0534250043822916
0.4505190580994488,0.5495004187523129,0.6790409598192548
0.8401534775918821,0.1598659992598796,0.2120055314259003
0.6166371267748281,0.3833823500769335,0.4797927662972557
0.9395438521317414,0.0604756247200202,0.0903141616189159
0.2735329061410513,0.7264865707107103,0.9215667179557095
0.8345636211362796,0.1654558557154821,0.2189198138012971
0.8368424127923962,0.1631770640593654,0.2160956702958534
0.7523713067019847,0.247648170149777,0.3177258827883061
0.8203260424984905,0.1796934343532711,0.2360010127962916
0.0078686481117192,0.9921508287400423,0.0106343610618779
0.1072395457998169,0.8927799310519448,0.5503184465263035
0.0175291665855131,0.9824903102662486,0.0336170461406618
0.313577313363068,0.6864421634886937,0.8600393432405586
0.3598348362970609,0.6401846405547007,0.7951619500223984
0.6864032097851703,0.3136162670665913,0.3965876555713534
0.8842880236838517,0.1157314531679099,0.1589895409306039
0.976413532516604,0.0236059443351576,0.0441929766472547
0.938044134546092,0.0619753423056697,0.0922423699433223
0.8498334729174376,0.150186003934324,0.2007089574041252
0.9765498704789358,0.0234696063728258,0.0439982081296379
0.1352277817813528,0.8647916950704089,0.709210603198099
0.8562803108505541,0.1437391660012075,0.192957170402976
0.9699082640282024,0.0301112128235592,0.0523148238318758
0.5355160391874257,0.4645034376643359,0.576066844555246
0.0180355647313168,0.9819839121204448,0.0354283933544981
0.901077069902421,0.0989424069493407,0.1387920456537405
0.1721948464250238,0.8278246304267378,0.8550727460413299
0.0438034396120211,0.9562160372397406,0.1620863603607113
0.9831525232261458,0.0168669536256159,0.0346882729875542
0.0862045458972011,0.9138149309545603,0.4166488128858851
0.3130709152172642,0.6869485616344974,0.8609158015698343
0.8557544358529887,0.1442650409987729,0.1936388602146349
0.4551350719669673,0.5448844048847944,0.6733342422530822
0.4545507664141168,0.5454687104376449,0.6740743626200261
0.881093819994936,0.1189256568568256,0.1628849112829402
0.8869173986716787,0.1131020781800829,0.1557174298346415
0.8892156671795571,0.1108038096722045,0.152873809477436
0.8100812184718462,0.1899382583799154,0.2483493368131975
0.983503106557856,0.0165163702939056,0.0342208285452739
0.8686091580156984,0.1314103188360633,0.1780963325088132
0.4404690025904212,0.5595504742613404,0.6913892838361607
0.8948639541904446,0.105155522661317,0.146154295619656
0.7640574177589934,0.2359620590927682,0.3034883041505171
0.1429406150789786,0.857078861772783,0.7453985937713028
0.812418440683248,0.1876010361685137,0.2455836238630387
0.2733965681787196,0.7266229086730421,0.9218393938803732
0.5605632705529479,0.4394562062988139,0.5459945854352103
0.967259412188614,0.0327600646631478,0.0558790877042634
0.4417739516584539,0.5582455251933077,0.6897727051399412
0.9323568938316812,0.0676625830200806,0.099779911575093
0.5524609002200884,0.4475585766316732,0.5555771965019575
0.6605379506456577,0.339481526206104,0.4277506183900434
0.0445240831272033,0.9554953937245584,0.1661570223789026
0.1560874900181134,0.8439319868336482,0.799641625927585
0.986307773211538,0.0137117036402235,0.0300333054165124
0.070934694116043,0.9290847827357186,0.3239974290555674
0.4950041875231287,0.5050152893286329,0.6252458952534913
0.912860565218238,0.0871589116335235,0.1242428373877646
0.4701906783787468,0.5298287984730148,0.6551233858559102
0.7963110842763376,0.2037083925754241,0.2645151237753929
0.9257347642327094,0.0742847126190522,0.107901758759714
0.8655123385855911,0.1345071382661706,0.1819137954541028
0.9469450558011804,0.0530744210505813,0.081140564439164
0.721130436476248,0.2788890403755137,0.3546539937284537
0.8954872134468185,0.1045322634049432,0.1453946984009504
0.9422511345266152,0.0577683423251465,0.0870810042264768
0.1109401476345363,0.8890793292172253,0.5728531640145686
0.5783651130631244,0.4216543637886372,0.5250959234949263
0.8831388894299126,0.1168805874218491,0.1602750131468749
0.7762109732582825,0.2238085035934791,0.2886079894045926
0.3229651559121984,0.6770543209395633,0.8466197923767602
0.0780437450090567,0.921975731842705,0.3679177297781587
0.924838829051672,0.0751806478000896,0.1090703698654149
0.5161950022398379,0.4838244746119237,0.5994390666692636
0.3392088502814405,0.6608106265703212,0.8241629822955417
0.7409773484214012,0.2590421284303605,0.3311259568003428
0.8810743431431743,0.1189451337085873,0.1629043881347019
0.2899518921761486,0.710067584675613,0.8958572736302904
0.8864499542293983,0.1135695226223633,0.1562238279804452
0.0022787916561167,0.997740685195645,0.0022982685078783
0.406326081452194,0.5936933953995677,0.734082542897766
0.0063689305260697,0.993650546325692,0.0080439397775743
0.9113608476325886,0.088658629219173,0.1262294762674561
0.9539956761389088,0.0460238007128527,0.072648657071071
0.5080731550552169,0.4919463217965448,0.6095670295853378
0.7008355569405761,0.2991839199111855,0.3787663362094151
0.5399762382408507,0.4600432386109109,0.5705938492102136
0.1299885086574606,0.870030968194301,0.6810275986989464
0.9540151529906706,0.046004323861091,0.0726291802193093
0.9911575093001967,0.0088619675515649,0.0220283193424614
0.0037006018347194,0.9963188750170422,0.004031708314668
0.9227937596166956,0.0772257172350661,0.1117581754085269
0.9731803751241648,0.0268391017275967,0.048146777554876
0.3080458874627505,0.6919735893890112,0.8680443293146096
0.5421771224899208,0.4578423543618409,0.5680229047776717
0.0461601386751845,0.9538593381765772,0.1751553278927994
0.9930857176246032,0.0069337592271585,0.0186783008394523
0.0747132033578092,0.9253062734939524,0.3477397113530568
0.8351089729856066,0.164910503866155,0.2182576008414
0.9474904076505074,0.0525290692012543,0.0805367820345519
0.9983444676002572,0.0016750092515045,0.0079855092222893
0.7990378435229729,0.2009816333287887,0.2613988274935239
0.4371189840874121,0.5629004927643496,0.6955378532613988
0.2620610404534211,0.7379584363983406,0.9408293243480124
0.9972342870498412,0.0027851898019204,0.010692791617163
0.9854507917340242,0.0145686851177375,0.0313772081880684
0.9812632686052628,0.018756208246499,0.0375318933447597
0.719358042965935,0.2806614338858267,0.3567185400151919
0.6283232378318369,0.3716962390199248,0.4662758311746489
0.5785404047289796,0.4214790721227821,0.5249011549773095
0.9318894493894008,0.0681300274623609,0.1003057865726584
0.8024462925812672,0.1975731842704945,0.2573865960306176
0.8692324172720721,0.1307870595796895,0.1772977815865843
0.9830551389673372,0.0169643378844243,0.0348051340981243
0.673042089476657,0.3269773873751047,0.4125781508676937
0.6146310110433749,0.3853884658083867,0.4820910348051341
0.2682741561653974,0.7317453206863642,0.9303897318037512
0.8265781119139902,0.1734413649377714,0.228521901719806
0.9571509261243012,0.0428685507274604,0.0690259626433983
0.0271312545040219,0.9728882223477398,0.074849541320141
0.6049315388660577,0.395087937985704,0.4936992384550961
0.9890734861616968,0.0109459906900648,0.0255536295113257
0.1754280038174629,0.8245914730342987,0.8659603061761096
0.8145414175252712,0.1854780593264904,0.2428373877646417
0.4025086185069045,0.5975108583448572,0.7387764641723312
0.8375435794558168,0.1624758973959449,0.2152192119665777
0.8494049821786807,0.150614494673081,0.2012737861052139
0.187153068577995,0.8128664082737667,0.8999279356484817
0.9869115556161502,0.0131079212356114,0.029020509124905
0.1825954852657616,0.817423991586,0.887209551448104
0.8485090469976433,0.1515104298541184,0.2023450129521064
0.5319322984632764,0.4680871783884853,0.5804880899051478
0.0942484856747755,0.905770991176986,0.4642112848879107
0.1886917398671678,0.8113277369845938,0.903940167111388
0.3288471651442261,0.6711723117075356,0.8382836998227606
0.1817579806400093,0.8182614962117524,0.8847749449778938
0.6455212979374014,0.3544981789143603,0.4455329840484584
0.284673665348733,0.7153458115030287,0.9040375513701964
0.9621954307305768,0.0378240461211849,0.0625012173032351
0.569288900142181,0.4307305767095806,0.5357887151120893
0.6126248953119218,0.3873945815398399,0.4844672107200592
0.8443020470171202,0.1557174298346415,0.2071557953372416
0.3135383596595446,0.686481117192217,0.8601172506476054
0.3103831096741523,0.6896363671776095,0.8647332645151238
0.9182361763044622,0.0817833005472995,0.1174259392711762
0.9405761252751106,0.0594433515766511,0.08908711995793
0.3886021463490641,0.6114173305026975,0.7572015659388817
0.9240402781294432,0.0759791987223185,0.1102000272675924
0.7405878113861676,0.2594316654655941,0.3315349706873381
0.8642073895175584,0.1358120873342033,0.1834914204467989
0.8293243480123873,0.1706951288393744,0.2252692674756052
0.5926416454044369,0.4073778314473248,0.5080731550552169
0.7770874315875582,0.2229320452642035,0.2875757162612235
0.3645092807198644,0.6355101961318972,0.7886566815339968
0.6933564458640905,0.3066630309876711,0.3880178407962137
0.6925578949418616,0.3074615819099001,0.3890306370878211
0.0366164813119607,0.9634029955398008,0.1219250920281245
0.9366223243674892,0.0633971524842724,0.0941511014159671
0.8761077459439456,0.123911730907816,0.1689811658843464
0.997370625012173,0.0026488518395886,0.0103422082854527
0.8561439728882223,0.1438755039635393,0.1931324620688312
0.2122392536470405,0.7877802232047212,0.9636756714644644
0.0024735601737335,0.9975459166780282,0.0024930370254951
0.5341526595641081,0.4658668172876536,0.5777613306585123
0.9272344818183588,0.0727849950334028,0.1060319809905926
0.8980386810275987,0.1019807958241629,0.1423173558226048
0.1626511890618,0.8373682877899616,0.821767329528855
0.3952437527997974,0.6047757240519642,0.7484759363496485
0.9431275928558908,0.0568918839958709,0.0860097773795843
0.8812301579572678,0.1187893188944939,0.1627290964688467
0.8849307597919872,0.1150887170597744,0.15813255945309
0.7184231540813742,0.2815963227703874,0.3578871511208928
0.952223282628596,0.0477961942231657,0.0749274487271877
0.0260210739536061,0.9739984028981556,0.0680326432035525
0.3357030169643379,0.6643164598874238,0.8290906257912471
0.9391932688000312,0.0608262080517305,0.0907426523576729
0.0465301988586564,0.9534892779931052,0.1771809204760142
0.5481565159807569,0.4518629608710048,0.5608164696258496
0.0172564906608495,0.982762986190912,0.0329743100325263
0.2805445727752566,0.719474904076505,0.9107765420797382
0.0081802777399061,0.9918391991118556,0.0111407592076816
0.8089126073661453,0.1911068694856163,0.2498685312506086
0.729622343844341,0.2703971330074207,0.3448376604405664
0.9083224587577664,0.0916970180939952,0.1298521706951288
0.5454102798823598,0.4546091969694019,0.5642249186841439
0.6687766589408488,0.3312428179109128,0.4175642249186841
0.9987534814872524,0.0012659953645092,0.0067974212648267
0.936700231774536,0.0633192450772257,0.0940537171571587
0.3451298132169916,0.6548896636347701,0.8157879360380188
0.9775821436223048,0.0224373332294567,0.0425958748027968
0.6378279414915373,0.3621915353602243,0.4547650117834953
0.9562160372397406,0.0438034396120211,0.0701361431938141
0.966382953859338,0.0336365229924235,0.0570866525134877
0.5960890481662544,0.4039304286855072,0.5040609235923106
0.8875796116315758,0.1124398652201858,0.1548214946536042
0.776055158444189,0.2239643184075726,0.2887832810704477
0.9082055976471964,0.0918138792045653,0.1299885086574606
0.5697952982879847,0.4302241785637769,0.5351654558557155
0.924293477202345,0.0757259996494166,0.1098299670841205
0.9174765790857564,0.0825428977660051,0.118536119821592
0.8885729310714217,0.11144654578034,0.153672360399665
0.7129112050328185,0.2871082718189431,0.3645287575716261
0.8544300099331944,0.1455894669185672,0.1951191009485227
0.9910406481896268,0.008978828662135,0.0223789026741717
0.6262197378415753,0.3737997390101863,0.4687104376448591
0.8537288432697738,0.1462906335819878,0.1959955592777983
0.2696375357887151,0.7303819410630465,0.928266754961728
0.7202345012952106,0.279784975556551,0.3557252205753462
0.6912334690220673,0.3087860078296944,0.3907056463393257
0.6793331125956801,0.3206863642560816,0.4051964240500165
0.2212375591609372,0.7787819176908245,0.9818475741581132
0.9680190094073194,0.0320004674444422,0.0549441988197027
0.9351810373371248,0.0648384395146368,0.0959429717780418
0.8514110979101338,0.1486083789416278,0.1989755175973355
0.5723272890170032,0.4276921878347584,0.5323023586467484
0.1457063280291373,0.8543131488226243,0.7566562140895545
0.1436417817423991,0.8563776951093626,0.7481643067214615
0.3602633270358179,0.6397561498159438,0.7945971213213097
0.4816820209181388,0.5183374559336229,0.6412169136980699
0.8260911906199482,0.1739282862318135,0.2291451609761798
0.4902323588415168,0.5097871180102448,0.6307383674502853
0.765790857565783,0.2342286192859786,0.3013458504567322
0.6890910153282823,0.3109284615234793,0.3933544981789144
0.7816839686033149,0.2183355082484467,0.282044290360906
0.9810295463841224,0.0189899304676392,0.0378629998247083
0.7070876263560758,0.2929318504956859,0.3714040862434996
0.3083769939426991,0.6916424829090626,0.8674795006135209
0.243246401651637,0.7567730752001246,0.974212648267534
0.5492082659758877,0.450811210875874,0.559394659447247
0.8067701536723604,0.1932493231794012,0.2522447071655337
0.8814444033266463,0.1185750735251154,0.1624758973959449
0.7180920476014258,0.281927429250336,0.3582961650078881
0.9372650604756247,0.0627544163761369,0.0933330736419765
0.1623006057300897,0.8377188711216719,0.8206961026819625
0.1990534250043822,0.8009660518473793,0.9312661901330268
0.6083594647761136,0.3916600120756481,0.4895311921780963
0.7520791539255595,0.2479403229262022,0.318037512416493
0.9714858890208986,0.028533587830863,0.0503671386557076
0.4133767017899227,0.586642775061839,0.725220575346201
0.8764972829791793,0.1235221938725824,0.168455290886781
0.9864830648773932,0.0135364119743684,0.0297411526400872
0.0925929532750326,0.907426523576729,0.4548234423387803
0.0564049627018288,0.9436145141499328,0.2364684572385719
0.5508637983756306,0.4491556784761311,0.5573885437157938
0.9840874121107064,0.0159320647410552,0.0333054165124749
0.0207428471261905,0.9792766297255712,0.0449720507177219
0.2138947860467834,0.7861246908049783,0.9670841205227588
0.9323568938316812,0.0676625830200806,0.0997409578715696
0.6909023625421187,0.309117114309643,0.3911341370780827
0.8091852832908089,0.1908341935609528,0.2495763784741834
0.9386868706542274,0.0613326061975342,0.0913074810587616
0.2069025962643398,0.7931168805874218,0.9509572872640868
0.053950879379857,0.9460685974719046,0.2217050036032175
0.1941647352122003,0.8058547416395614,0.918976296671406
0.027618175798064,0.9724013010536976,0.0782774672301969
0.0873536801511403,0.9126657967006212,0.4229787897084315
0.5945114231735582,0.4055080536782035,0.5058527939543852
0.0513409812437917,0.94867849560797,0.2065909666361529
0.9908458796720098,0.0091735971797518,0.0226710554505969
0.8189626628751728,0.1810568139765888,0.2376175914925111
0.8038875796116316,0.1961318972401301,0.2557505404826364
0.0257873517324659,0.9742321251192956,0.0671756617260386
0.8340572229904758,0.1659622538612858,0.2195820267611943
0.1909900083750462,0.8090294684767154,0.9098611300469392
0.1333774808639931,0.8666419959877686,0.6995695615760669
0.6480922423699433,0.3519272344818183,0.4424945951736361
0.2082854527394192,0.7917340241123425,0.9547163196540912
0.1860428880275792,0.8139765888241824,0.8963831486278558
0.7865531815437353,0.2134662953080264,0.2762791422394484
0.7377831447324854,0.2622363321192762,0.3348265586350622
0.953567185400152,0.0464522914516097,0.0731745320686364
0.9205344448123404,0.0794850320394211,0.1145823189139707
0.3177064059365444,0.6823130709152173,0.8541378571567692
0.6719124320744795,0.3281070447772822,0.4139415304910114
0.2406949340708568,0.7593245427809049,0.9791402917632394
0.0037785092417661,0.9962409676099956,0.0041290925734764
0.6680365385739049,0.3319829382778567,0.4185770212102915
0.3294704244005998,0.6705490524511618,0.8375241026040551
0.8710827181894318,0.1289367586623298,0.1750774204857526
0.7549227742827649,0.2450967025689967,0.3147264476170072
0.8346025748398029,0.1654169020119588,0.2188613832460121
0.6640827376662837,0.335936739185478,0.4233293730401418
0.873517324659642,0.1265021521921196,0.1721169390179771
0.878892935745866,0.1211265411058956,0.1655921936778139
0.3406306604600432,0.6593888163917184,0.8221373897123269
0.4318212804082348,0.5681981964435269,0.702004168046277
0.0052197962721305,0.9947996805796312,0.006291023119023
0.936447032701634,0.0635724441501275,0.0943458699335839
0.018386148063027,0.9816333287887344,0.0363048516837738
0.5765537658492881,0.4234657110024735,0.5271215160781412
0.7111388115225055,0.2888806653292561,0.3667880723759811
0.9437118984087411,0.0563075784430204,0.0852696570126404
0.6098397055100013,0.3901797713417603,0.4877393218160216
0.8530861071616384,0.1469333696901233,0.1967941102000272
0.081627485733206,0.9183919911185556,0.3892059287536762
0.6138714138246694,0.3861480630270923,0.4829285394308863
0.7946165981730713,0.2054028786786903,0.2665991469138928
0.3029039985976666,0.697115478254095,0.8755623940946186
0.945503768770816,0.0545157080809457,0.0830103422082854
0.8986035097286874,0.1014159671230742,0.1416551428627076
0.8710048107823851,0.1290146660693765,0.1751553278927994
0.163138110355842,0.8368813664959196,0.8235007693356445
0.9392906530588396,0.0607288237929221,0.0906257912471028
0.6803459088872874,0.3196735679644742,0.4039888592407923
0.7007381726817677,0.299281304169994,0.3789026741717469
0.91531464854021,0.0847048283115517,0.1212434022164657
0.651714936797616,0.3483045400541456,0.4381512572307812
0.9695966344000156,0.0304228424517461,0.0527433145706328
0.94427672710983,0.0557427497419317,0.0844516292386498
0.8057573573807529,0.1942621194710087,0.2534912256782813
0.0239370508151062,0.9760824260366554,0.0586642775061839
0.981185361198216,0.0188341156535457,0.0376098007518064
0.8719981302222308,0.1280213466295308,0.1740451473423835
0.75069629745048,0.2493231794012815,0.3196151374091892
0.0261184582124145,0.9739010186393472,0.0684611339423095
0.66821183023976,0.3318076466120016,0.4183238221373897
0.0369086340883859,0.9631108427633758,0.1234637633172973
0.5697952982879847,0.4302241785637769,0.5351654558557155
0.9356290049276434,0.0643904719241181,0.0954170967804764
0.9977017314921216,0.00231774535964,0.0096605184737938
0.7763862649241376,0.223633211927624,0.2884132208869758
0.8117367508715891,0.1882827259801725,0.2464406053405527
0.9925793194787994,0.0074401573729622,0.0194963286134429
0.812418440683248,0.1876010361685137,0.2455836238630387
0.1784663926922852,0.8215530841594765,0.8756208246499035
0.7348810938199949,0.2651383830317667,0.3384297762109732
0.7572210427906433,0.2427984340611183,0.311804919852755
0.6752624505774887,0.324757026274273,0.4099682527316284
0.4381707340825429,0.5618487427692188,0.6942718578968895
0.586214284323082,0.4138051925286796,0.5158638957598893
0.8319342461484526,0.1680852307033091,0.2221140174902129
0.5818904232319888,0.4181290536197729,0.5210057846249733
0.4840776736848255,0.515941803166936,0.6382564322302943
0.934012426231424,0.0660070506203377,0.0975205967707379
0.751066357633952,0.2489531192178096,0.3192061235221938
0.3940751416940966,0.6059443351576651,0.7500535613423446
0.0538340182692869,0.9461854585824748,0.2212180823091755
0.9662076621934832,0.0338118146582786,0.0573203747346278
0.0062715462672613,0.9937479305845004,0.0078686481117192
0.8758155931675204,0.1242038836842412,0.1694096566231034
0.0136337962331768,0.9863856806185848,0.0229437313752605
0.6876886820014413,0.3123307948503204,0.3950684611339423
0.7569873205695031,0.2430321562822585,0.3122139337397503
0.9678242408897024,0.032195235962059,0.0551779210408429
0.69485616344974,0.3051633134020217,0.386167539878854
0.8640515747034649,0.1359679021482967,0.1837056658161774
0.8591628849112829,0.1408565919404787,0.1894318602341117
0.9479188983892644,0.0521005784624973,0.0800888144440332
0.2415324386966091,0.7584870381551526,0.9774652825117348
0.956995111310208,0.0430243655415538,0.0692012543092534
0.9611242038836842,0.0388952729680774,0.0638840737783144
0.1243596984983347,0.8756597783534269,0.6491829460685975
0.748748612274312,0.2512708645774497,0.3219134059170676
0.7479305845003213,0.2520888923514403,0.322926202208675
0.9713300742068052,0.0286894026449564,0.0505813840250861
0.9859571898798278,0.0140622869719338,0.0305591804140778
0.2866992579319479,0.7133202189198138,0.9006875328671874
0.9629160742457588,0.0371034026060027,0.0616637126774828
0.1715521103168883,0.8284673665348733,0.8530081997545916
0.3814541417525271,0.6185653350992346,0.7664530705256802
0.9543462594706192,0.0456732173811425,0.0721227820735056
0.9414331067526244,0.0585863700991371,0.0880743236663225
0.916833842977621,0.0831856338741405,0.1193736244473443
0.9977796388991684,0.0022398379525933,0.0095047036597004
0.559569951113102,0.4404495257386596,0.5472605807997195
0.371559901057593,0.6284595757941687,0.7793077926883899
0.5695031455115596,0.4305163313402022,0.5355549928909491
0.0423621525816567,0.957657324270105,0.1545488187289406
0.003174726837154,0.9968447500146076,0.0033110647994858
0.4914788773542644,0.5085405994974972,0.6292386498646358
0.9503729817112362,0.0496464951405254,0.077167286679781
0.8987982782463043,0.1012211986054574,0.1414408974933291
0.7824435658220206,0.2175759110297411,0.2811094014763454
0.3117464892974699,0.6882729875542917,0.8629024404495257
0.6802290477767173,0.3197904290750443,0.4041057203513624
0.0850943653467853,0.9149251115049764,0.4091307481058762
0.5868375435794558,0.4131819332723058,0.5151432522447071
0.7267982003388972,0.2732212765128645,0.3480123872777204
0.936817092885106,0.0632023839666556,0.0938784254913035
0.3273084938550533,0.6727109829967084,0.8406403988859241
0.5095533957891046,0.490466081062657,0.6076972518162165
0.9857818982139728,0.0142375786377889,0.0308708100422647
0.5642833492394289,0.4357361276123327,0.5415149095300236
0.9898720370839258,0.0101474397678359,0.0243460647021015
0.0487700368112498,0.9512494400405118,0.1904641333774808
0.797323880567945,0.2026955962838166,0.2633854663732154
0.5139551642872446,0.4860643125645171,0.6021073953606139
0.2368190405702822,0.7632004362814795,0.9863856806185848
0.1483162261652026,0.851703250686559,0.7680112186666147
0.337650702140506,0.6623687747112557,0.8263054359893267
0.9265722688584616,0.0734472079932999,0.1068305319128216
0.6344779229885281,0.3655415538632335,0.4589525349122568
0.2274117211693901,0.7726077556823715,0.9941764213232572
0.9279940790370644,0.0720253978146972,0.1050776152542703
0.9860350972868746,0.0139843795648871,0.0304617961552694
0.9047192411818552,0.0953002356699063,0.134487661414409
0.5612644372163683,0.4387550396353933,0.5451960345129814
0.2622558089710379,0.7377636678807238,0.9404592641645404
0.0976569347330697,0.902362542118692,0.4881678125547786
0.6769179829772316,0.3231014938745301,0.408040044407222
0.8788150283388193,0.1212044485129423,0.1656701010848606
0.5539021872504528,0.4461172896013088,0.5539411409539762
0.8848528523849405,0.1151666244668211,0.1582299437118984
0.7093664180121925,0.2906530588395691,0.368813664959196
0.5270825623746178,0.4729369144771439,0.5864285296924605
0.9391932688000312,0.0608262080517305,0.0907426523576729
0.8756208246499035,0.1243986522018581,0.1696433788442436
0.4693726506047562,0.5306468262470054,0.6561946127028028
0.0888923514403131,0.9111271254114484,0.4306331924507722
0.527861636445085,0.4721578404066767,0.5854352102526148
0.5405605437937012,0.4594589330580605,0.5698732056950314
0.0041875231287614,0.9958319537230004,0.0047523518298502
0.936933953995676,0.0630855228560855,0.0937420875289718
0.3200241512961845,0.6799953255555772,0.8510799914301852
0.7653428899752645,0.2346765868764972,0.3019301560095826
0.5975692889001422,0.4024501879516195,0.5022690532302359
0.8436787877607463,0.1563406890910153,0.2078180082971388
0.8836842412792396,0.116335235572522,0.1596907075940245
0.3064098319147693,0.6936096449369924,0.8704205052295347
0.5367041271448884,0.4633153497068734,0.5744697427107882
0.056210194184212,0.9438092826675496,0.2348713553941141
0.7289601308844439,0.2710593459673178,0.3455583039557486
0.8203260424984905,0.1796934343532711,0.2360010127962916
0.6941549967863194,0.3058644800654422,0.3870245213563679
0.2759285589077381,0.7240909179440236,0.917885592972752
0.3678592992228736,0.6321601776288881,0.7842938667393803
0.6886040940342403,0.3114153828175214,0.3939193268800031
0.6029643768381279,0.3970551000136338,0.4959585532594511
0.909140486531757,0.0908789903200046,0.1288783281070447
0.2320861655921936,0.767933311259568,0.996825273162846
0.5910834972635023,0.4089359795882593,0.5099039791208149
0.1609177492550104,0.8391017275967513,0.8157295054827338
0.0349804257639795,0.9650390510877822,0.1139980133611203
0.9846132871082718,0.0154061897434898,0.0325458192937693
0.8359464776113589,0.1640729992404027,0.2172448045497925
0.0830882496153321,0.9169312272364296,0.3971524842724422
0.5350875484486688,0.4649319284030929,0.5765927195528114
0.9751085834485712,0.0249108934031903,0.0457706016399509
0.8107434314317433,0.1892760454200183,0.2475507858909685
0.9333112595680034,0.0667082172837582,0.0984749625070603
0.7237792883158366,0.2762401885359251,0.3514013594842529
0.3351771419667725,0.6648423348849892,0.8297917924546676
0.8753091950217167,0.124710281830045,0.1699550084724305
0.3513818826324912,0.6486375942192704,0.8068285842276455
0.0668250783943283,0.9331943984574332,0.2995734569464192
0.819683306390355,0.1803361704614066,0.2367995637185205
0.7359328438151257,0.2640866330366359,0.3372027345499873
0.0388757961163157,0.961143680735446,0.1327931753111427
0.5410474650877433,0.4589720117640185,0.569347330697466
0.8439709405371716,0.1560485363145901,0.2075258555207136
0.8759129774263288,0.1241064994254328,0.1692927955125333
0.1132968466976997,0.8867226301540619,0.5854741639561382
0.004947120347467,0.9950723565042946,0.0058235786767426
0.0507371988391796,0.949282278012582,0.2016048925851625
0.8932473754942251,0.1067721013575365,0.1481019807958241
0.9503340280077128,0.0496854488440488,0.0772062403833044
0.771478098280194,0.2285413785715677,0.2941588921566718
0.635588103538944,0.3644313733128177,0.457472294178369
0.7867869037648755,0.2132325730868862,0.2760259431665465
0.7807685565705159,0.2192509202812457,0.2831349940595602
0.6861110570087451,0.3139084198430166,0.3969382389030637
0.5902654694895118,0.40975400736225,0.5109752059677074
0.4947315115984652,0.5052879652532964,0.6255575248816782
0.0956508190016165,0.9043686578501452,0.4741444792863681
0.3392867576884872,0.6607327191632745,0.8240461211849717
0.6979529828798473,0.3020664939719144,0.3822721695265177
0.4259782248797304,0.5740412519720313,0.7092495569016224
0.9382973336189938,0.0617221432327678,0.0919112634633737
0.8855734959001227,0.1144459809516389,0.157275577975576
0.9747580001168612,0.0252614767349005,0.0462185692304695
0.9849249167364588,0.0150945601153029,0.0320588979997273
0.9047581948853788,0.0952612819663829,0.1344487077108856
0.4611144654578034,0.5389050113939583,0.6662836219153536
0.987281615799622,0.0127378610521395,0.0283388193132462
0.8972790838088931,0.1027403930428685,0.1432717215589272
0.6922852190171981,0.3077342578345636,0.389400697271293
0.7952593342812068,0.2047601425705549,0.2658200728434255
0.974582708451006,0.0254367684007557,0.046432814599848
0.2075063786689519,0.7925130981828097,0.9525154354050211
0.928149893851158,0.0718695830006037,0.1049218004401768
0.8533977367898253,0.1466217400619364,0.1963850963130319
0.9493212317161054,0.0506982451356562,0.0783164209337202
0.6586681728765362,0.3413513039752254,0.4301462711567302
0.9519311298521708,0.0480883469995909,0.0753169857624213
0.6893442144011842,0.3106752624505774,0.3930623454024891
0.8164696258496776,0.183549851002084,0.2404417349979549
0.7779638899168339,0.2220555869349278,0.2865239662660927
0.8835284264651462,0.1164910503866155,0.1598659992598796
0.9675320881132774,0.0324873887384843,0.0555479812243149
0.2119665777223769,0.7880528991293847,0.9631692733186608
0.6702568996747366,0.3297625771770251,0.4157528777048478
0.7550591122450967,0.2449603646066649,0.3145511559511521
0.9527491576261612,0.0472703192256003,0.0742068052120055
0.9765498704789358,0.0234696063728258,0.0439982081296379
0.6680560154256666,0.331963461426095,0.4185185906550065
0.691798297723156,0.3082211791286056,0.3898876185653351
0.7726856630894182,0.2273338137623434,0.2927760356815924
0.6110862240227489,0.3889332528290127,0.4862201273786105
0.3525894474417155,0.6474300294100461,0.8050951444208558
0.5372300021424536,0.462789474709308,0.5738464834544145
0.7020625986015621,0.2979568782501996,0.3773445260308123
0.553707418732836,0.4463120581189256,0.554135909471593
0.6912334690220673,0.3087860078296944,0.3907056463393257
0.0103616851372144,0.9896577917145472,0.0156788656681534
0.7053736634010479,0.2946458134507138,0.3733907251231911
0.9323568938316812,0.0676625830200806,0.099779911575093
0.9728297917924548,0.027189685059307,0.0485947451453947
0.8322458757766394,0.1677736010751222,0.2217050036032175
0.8364333989054009,0.1635860779463607,0.2166215452934187
0.6414701127709717,0.3585493640807899,0.4504216738406404
0.9265333151549384,0.0734861616968233,0.1069084393198683
0.8936758662329821,0.1063436106187795,0.1476150595017821
0.6972128625129034,0.3028066143388582,0.3831291510040317
0.5685293029234755,0.4314901739282862,0.5366651734413649
0.4630426737822098,0.5369768030695519,0.6638879691486668
0.9708626297645248,0.0291568470872368,0.0511656895779366
0.5554603353913873,0.4445591414603743,0.5521103168883782
0.6865590245992638,0.3134604522524979,0.3964123639054983
0.0612936524940108,0.9387258243577508,0.2676508969090236
0.8228775100792708,0.1771419667724909,0.2331184387355628
0.876945250569698,0.1230742262820637,0.167909939037454
0.0380772451940868,0.9619422316576748,0.1292483882905167
0.7924157139240013,0.2076037629277603,0.269092183939388
0.9672983658921372,0.0327211109596244,0.0558401340007401
0.2309565081900161,0.7690629686617455,0.9988313888942992
0.6916424829090626,0.3083769939426991,0.3901213407864752
0.3003525310168864,0.6996669458348752,0.8793603801881464
0.9955008472430515,0.00451862960871,0.014354439748359
0.7359133669633641,0.2641061098883976,0.337222211401749
0.5415343863817852,0.4584850904699764,0.568801978848139
0.7339072512319109,0.2661122256198508,0.3395399567613891
0.7410552558284479,0.2589642210233138,0.3310480493932961
0.9509183335605632,0.0491011432911984,0.0765050737198839
0.2046043277564614,0.7954151490953002,0.9453479539567224
0.7130085892916269,0.2870108875601347,0.3643924196092943
0.9457180141401944,0.0543014627115673,0.0827766199871452
0.934012426231424,0.0660070506203377,0.0975205967707379
0.9756539352978983,0.0243655415538632,0.0451473423835771
0.6754182653915821,0.3246012114601795,0.40975400736225
0.9537035233624837,0.0463159534892779,0.0729797635510196
0.5779755760278908,0.4220439008238708,0.5255244142336832
0.6609859182361763,0.3390335586155854,0.4271273591336696
0.4584656136182147,0.5415538632335469,0.6693414876419376
0.8685117737568899,0.1315077030948717,0.1782131936193833
0.938044134546092,0.0619753423056697,0.0922423699433223
0.6761194320550026,0.323900044796759,0.4089165027364976
0.9050113939582806,0.0950080828934811,0.134117601230937
0.9972927176051264,0.0027267592466353,0.0105174999513078
0.4575696784371774,0.5424497984145843,0.6703737607853066
0.9258321484915178,0.0741873283602438,0.1077654207973823
0.9717975186490856,0.0282219582026761,0.049977601620474
0.9145355744697428,0.0854839023820189,0.1221198605457414
0.9526128196638296,0.0474066571879321,0.074421050581384
0.9306429308766532,0.0693765459751085,0.1018639347135929
0.9719338566114172,0.0280856202403443,0.0498023099546189
0.1141538281752137,0.8858656486765479,0.5904212843036052
0.2498880081023703,0.7501314687493913,0.961202111290731
0.9076018152425842,0.0924176616091775,0.1308454901349746
0.8029916444305942,0.1970278324211674,0.2567438599224821
0.8427049451726623,0.1573145316790994,0.2090060962546014
0.5624914788773543,0.4375279979744074,0.5437547474826169
0.8020567555460335,0.1979627213057281,0.2578345636211362
0.6257133396957716,0.3743061371559901,0.4692947431977095
0.0566192080712073,0.9434002687805544,0.2378902674171747
0.9912159398554816,0.0088035369962799,0.0219504119354147
0.8081140564439164,0.1919054204078452,0.2507449895798843
0.6447617007186959,0.3552577761330658,0.4464483960812574
0.0328964026254796,0.967123074226282,0.1034026060027657
0.0039538009076212,0.9960656759441404,0.0043822916463782
0.6666926358023489,0.3333268410494128,0.4202130767582728
0.9443156808133534,0.0557037960384083,0.0844126755351265
0.9505482733770914,0.0494712034746703,0.0769530413104025
0.7298171123619578,0.2702023644898039,0.3446428919229495
0.3008394523109284,0.6991800245408332,0.8787371209317726
0.550104201156925,0.4499152756948367,0.5583429094521162
0.7334398067896305,0.2665796700621312,0.3401242623142395
0.6046783397931559,0.3953411370586058,0.4939913912315213
0.9214693336969012,0.0785501431548604,0.1133747541047465
0.6076777749644547,0.3923417018873069,0.4904271273591337
0.9594881483357032,0.0405313285160586,0.0661239117309078
0.8825351070253005,0.1174843698264612,0.1610346103655805
0.0138869953060787,0.986132481545683,0.0236838517422043
0.5237325438716086,0.476286932980153,0.5904212843036052
0.9631887501704224,0.0368307266813392,0.0612741756422491
0.9042128430360517,0.09580663381571,0.1351109206707827
0.5555382427984341,0.4444812340533276,0.5520129326295697
0.0555090275207915,0.9445104493309702,0.2303137720818807
0.8187289406540327,0.181290536197729,0.2378902674171747
0.9271565744113122,0.0728629024404495,0.1061098883976394
0.779483084354245,0.2205363924975167,0.2846152347934479
0.828486843386635,0.1715326334651267,0.2263015406189743
0.9360380188146388,0.0639814580371228,0.0948522680793876
0.7807880334222776,0.219231443429484,0.2831155172077985
0.7182673392672808,0.2817521375844808,0.3580819196385096
0.9277408799641624,0.072278596887599,0.1053697680306955
0.6544416960442514,0.3455777808075103,0.4349375766901038
0.8841127320179966,0.115906744833765,0.1591648325964591
0.6957520986307774,0.3042673782209844,0.3851157898837232
0.3992754611144654,0.6007440157372962,0.743061371559901
0.9557291159456984,0.0442903609060631,0.0706620181913795
0.9281304169993962,0.0718890598523654,0.1049412772919385
0.683364820910348,0.3166546559414136,0.4004245953684046
0.9624486298034786,0.0375708470482831,0.0622090645268098
0.9489901252361568,0.0510293516156048,0.0788228190795239
0.538982918801005,0.4610365580507566,0.5718208908711996
0.7570262742730265,0.2429932025787351,0.3121555031844653
0.0335196618818534,0.9664998149699082,0.1072005920962935
0.2173227119568393,0.7826967648949223,0.9738620649358236
0.0287088794967181,0.9713105973550435,0.0842373838692713
0.2696764894922385,0.7303429873595232,0.9281693707029196
0.9240792318329664,0.0759402450187951,0.1101221198605457
0.4679703172779152,0.5320491595738465,0.6578890988060689
0.9014860837894164,0.0985333930623454,0.1383051243596985
0.8764193755721326,0.1236001012796291,0.1685721519973511
0.929493796622714,0.0705256802290477,0.1034026060027657
0.0263521804335547,0.9736672964182068,0.0704282959702393
0.6325302378123601,0.3674892390394016,0.4613676645307052
0.9445883567380168,0.0554311201137448,0.0840620922034162
0.3771887112167189,0.6228307656350428,0.7720039732777594
0.2480377071850106,0.7519817696667511,0.964688467756072
0.503729817112362,0.4962896597393997,0.6147283953021834
0.854449486784956,0.1455699900668056,0.195099624096761
0.7878386537600063,0.2121808230917554,0.2746820403949905
0.0025125138772568,0.9975069629745048,0.0025319907290185
0.0250082776619987,0.975011199189763,0.063786689519506
0.3210564244395535,0.6789630524122081,0.8495802738445357
0.955027949282278,0.0449915275694836,0.0714021385583234
0.2396237072239643,0.7603957696277973,0.9813996065675944
0.9677852871861792,0.0322341896655824,0.0552168747443663
0.6366008998305513,0.3634185770212103,0.4562257756656214
0.7857546306215063,0.2142648462302553,0.2771945542722474
0.8455485655298678,0.1544709113218939,0.2055976471963072
0.8113472138363554,0.1886722630154061,0.246849619227548
0.9092378707905654,0.0907816060611962,0.1287809438482363
0.3702549519895604,0.6297645248622012,0.7809243713846094
0.5071187893188945,0.4929006875328672,0.610774594394562
0.7602010011101805,0.2398184757415811,0.3081627485733206
0.3080264106109888,0.6919930662407728,0.868083283018133
0.7199618253705471,0.2800576514812146,0.3559978965000097
0.6752624505774887,0.324757026274273,0.4099682527316284
0.896129949554954,0.1038895272968077,0.1445571937751981
0.9090625791247104,0.0909568977270514,0.1289562355140915
0.9299028105097092,0.0701166663420524,0.102896207856962
0.918859435560836,0.0811600412909257,0.1166273883489472
0.259256373799739,0.7407631030520226,0.945367430808484
0.8187289406540327,0.181290536197729,0.2378902674171747
0.7503651909705316,0.2496542858812301,0.3200241512961845
0.9610073427731142,0.0390121340786475,0.0640009348888845
0.591161404670549,0.4088580721812126,0.5098065948620065
0.5961864324250629,0.4038330444266989,0.5039245856299788
0.1980795824162982,0.8019398944354634,0.9287731531075316
0.7642521862766103,0.2357672905751514,0.3031961513740919
0.7011082328652397,0.298911243986522,0.3784741834329899
0.3816878639736673,0.6183316128780943,0.7660830103422083
0.4845451181271059,0.5154743587246557,0.6376721266774439
0.3251270864577449,0.6748923903940167,0.8433476812807977
0.9611242038836842,0.0388952729680774,0.0638840737783144
0.1930740315135461,0.8069454453382156,0.9157626161307286
0.840095047036597,0.1599244298151646,0.2120639619811853
0.8211051165689578,0.1789143602828038,0.2351440313187776
0.9244687688682002,0.0755507079835615,0.1095962448629803
0.916658551311766,0.0833609255399957,0.1195683929649611
0.950937810412325,0.0490816664394367,0.0764855968681222
0.0379603840835167,0.962059092768245,0.1282745457024326
0.9968642268663692,0.0031552499853923,0.0115108193911536
0.9048361022924256,0.0951833745593362,0.1343513234520772
0.6814755662894649,0.3185439105622967,0.4026449564692363
0.5573106363087471,0.4427088405430146,0.5498704789357848
0.8071402138558323,0.1928792629959293,0.2518356932785384
0.388485285238494,0.6115341916132676,0.7573379039012134
0.8140739730829909,0.1859455037687708,0.2433437859104454
0.7286095475527335,0.2714099292990281,0.3459673178427439
0.97972459731609,0.0202948795356718,0.039713300742068
0.3390725123191087,0.6609469645326529,0.8243187971096352
0.985217069512884,0.0148024073388777,0.0316888378162553
0.7878776074635296,0.2121418693882321,0.2746236098397055
0.7367313947373546,0.263288082114407,0.3361704614066182
0.8455485655298678,0.1544709113218939,0.2055976471963072
0.0527238377188711,0.9472956391328906,0.2149660128936758
0.6999590986113005,0.3000603782404612,0.3798959936115926
0.0694154996786319,0.9306039771731296,0.3130124846619792
0.7991936583370663,0.2008258185146952,0.2611845821241454
0.9879243519077576,0.012095124944004,0.0275207915392555
0.6788851450051614,0.3211343318466003,0.4057417758993436
0.8638762830376098,0.1361431938141518,0.1839004343337943
0.6854098903453246,0.3146095865064371,0.3977367898252926
0.7304598484700933,0.2695596283816684,0.3439222484077673
0.8745301209512495,0.1254893559005122,0.1708704205052295
0.6539547747502094,0.3460647021015523,0.4355218822429542
0.5923300157762499,0.4076894610755117,0.5084237383869271
0.6909218393938804,0.3090976374578813,0.3910951833745593
0.9672983658921372,0.0327211109596244,0.0558401340007401
0.297567341214966,0.7024521356367956,0.8836452875757163
0.6835595894279649,0.3164598874237968,0.4001324425919794
